Executing ChemDFM streamer script
Start: 1771455990 s
This job is running on node(s): epyc-A40
Working dir: /nfs/exk/work/clinicalcandidates/blayvas/clinicalcandidates/automated_querying
This job is querying brown_abstracts/brown_allExamples_w_abstracts.csv
Failed to find JSON in text:
 of the abstract provided earlier.
Failed to find JSON in text:
 to be continued
Failed to find JSON in text:
 to: https://api.cyclosert.com/v1/papers/屏幕/IDOLead
paper_type:
  - screening: true
  - known: true
screens:
  - fragment: false
  - undirected: false
  - directed: false
  - virtual: false
  - del: false
Failed to find JSON in text:
 _
Failed to find JSON in text:
 screen_type: {
  screening: true
  known: false
 }
 screens: {
  fragment: false
  undirected: false
  directed: false
  virtual: false
  del: false
 }
 
In the above abstract, the paper describes a screen of chemicals against a protein target. The paper does not describe any prior knowledge or starting point for the screen. The screen is described as a real-world library of molecules using high-throughput plate-based bi物理ical assays. Therefore, the paper_type is set to "screening" and "known" i
Failed to find JSON in text:
 to be continued
Failed to find JSON in text:
 to be continued
Failed to find JSON in text:
 of the above JSON object, the following fields are relevant for the given research paper abstract:

paper_type:
- screening: true
- known: false

screens:
- fragment: false
- undirected: false
- virtual: true
- del: false

In this case, the paper abstract describes a screen of virtual chemical libraries to identify potential ligands for a protein target. The screen did not start from a previously identified or reported compound, but instead used virtual screening techniques to identify novel mol
Failed to find JSON in text:
 _
Failed to find JSON in text:
 a. paper_type:
  - screening: true
  - known: true
 b. screens:
  - fragment: false
  - undirected: true
  - directed: false
  - virtual: false
  - del: false

The abstract describes a screen of chemicals against a protein target. The starting point for optimization was a hit identified from high-throughput screening, rather than a previously reported drug or lead. The paper does not describe the use of fragment-based screening techniques, but rather a screen of a real-world library of molecules
Failed to find JSON in text:
 to: screeners
from: AI in Drug Discovery
date: 2022-02-22
paper_type:
  - screening: true
  - known: false
screens:
  - fragment: false
  - undirected: true
  - directed: false
  - virtual: false
  - del: false
Failed to find JSON in text:
 . paper_type:
- screening: true
- known: false
screens:
- fragment: false
- undirected: false
- directed: false
- virtual: false
- del: false
Failed to find JSON in text:
 to be or not to be, that is the question. This paper does not describe a screen of chemicals against a protein target.
['{\n  "paper_type": {\n    "screening": true,\n    "known": true\n  },\n  "screens": {\n    "fragment": false,\n    "undirected": true,\n    "directed": false,\n    "virtual": true,\n    "del": false\n  },\n  "title": "Optimization of a Series of Bivalent Triazolopyridazine Based Bromodomain and Extraterminal Inhibitors: The Discovery of (3R)-4-[2-[4-[1-(3-Methoxy-[1,2,4]triazolo[4,3-b]pyridazin-6-yl)-4-piperidyl]phenoxy]ethyl]-1,3-dimethyl-piperazin-2-one (AZD5153)."\n}', '{\n  "paper_type": {\n    "screening": true,\n    "known": false\n  },\n  "screens": {\n    "fragment": false,\n    "undirected": false,\n    "directed": false,\n    "virtual": false,\n    "del": false\n  },\n  "title": "Identification of a Benzoisoxazoloazepine Inhibitor (CPI-0610) of the Bromodomain and Extra-Terminal (BET) Family as a Candidate for Human Clinical Trials."\n}', '{\n  "paper_type": {\n    "screening": true,\n    "known": false\n  },\n  "screens": {\n    "fragment": false,\n    "undirected": false,\n    "directed": false,\n    "virtual": false,\n    "del": false\n  },\n  "title": "5-(4,6-Dimorpholino-1,3,5-triazin-2-yl)-4-(trifluoromethyl)pyridin-2-amine (PQR309), a Potent, Brain-Penetrant, Orally Bioavailable, Pan-Class I PI3K/mTOR Inhibitor as Clinical Candidate in Oncology."\n}', '{\n  "paper_type": {\n    "screening": true,\n    "known": false\n  },\n  "screens": {\n    "fragment": false,\n    "undirected": true,\n    "directed": false,\n    "virtual": false,\n    "del": false\n  },\n  "title": "The Rational Design of Selective Benzoxazepin Inhibitors of the α-Isoform of Phosphoinositide 3-Kinase Culminating in the Identification of (S)-2-((2-(1-Isopropyl-1H-1,2,4-triazol-5-yl)-5,6-dihydrobenzo[f]imidazo[1,2-d][1,4]oxazepin-9-yl)oxy)propanamide (GDC-0326)."\n}', '{\n  "paper_type": {\n    "screening": true,\n    "known": false\n  },\n  "screens": {\n    "fragment": false,\n    "undirected": true,\n    "directed": false,\n    "virtual": false,\n    "del": false\n  },\n  "title": "Discovery of 4-((3\'R,4\'S,5\'R)-6″-Chloro-4\'-(3-chloro-2-fluorophenyl)-1\'-ethyl-2″-oxodispiro[cyclohexane-1,2\'-pyrrolidine-3\',3″-indoline]-5\'-carboxamido)bicyclo[2.2.2]octane-1-carboxylic Acid (AA-115/APG-115): A Potent and Orally Active Murine Double Minute 2 (MDM2) Inhibitor in Clinical Development."\n}', '{\n  "paper_type": {\n    "screening": true,\n    "known": false\n  },\n  "screens": {\n    "fragment": false,\n    "undirected": false,\n    "directed": false,\n    "virtual": false,\n    "del": false\n  },\n  "title": "Discovery of N-((3R,4R)-4-Fluoro-1-(6-((3-methoxy-1-methyl-1H-pyrazol-4-yl)amino)-9-methyl-9H-purin-2-yl)pyrrolidine-3-yl)acrylamide (PF-06747775) through Structure-Based Drug Design: A High Affinity Irreversible Inhibitor Targeting Oncogenic EGFR Mutants with Selectivity over Wild-Type EGFR."\n}', '{\n  "paper_type": {\n    "screening": [\n      false\n    ],\n    "known": [\n      true\n    ]\n  },\n  "screens": {\n    "fragment": [\n      false\n    ],\n    "undirected": [\n      false\n    ],\n    "directed": [\n      false\n    ],\n    "virtual": [\n      false\n    ],\n    "del": [\n      false\n    ]\n  },\n  "title": "Discovery of [5-Amino-1-(2-methyl-3H-benzimidazol-5-yl)pyrazol-4-yl]-(1H-indol-2-yl)methanone (CH5183284/Debio 1347), An Orally Available and Selective Fibroblast Growth Factor Receptor (FGFR) Inhibitor."\n}', '{\n  "paper_type": {\n    "screening": true,\n    "known": false\n  },\n  "screens": {\n    "fragment": false,\n    "undirected": false,\n    "directed": false,\n    "virtual": false,\n    "del": false\n  },\n  "title": "Discovery of the Irreversible Covalent FGFR Inhibitor 8-(3-(4-Acryloylpiperazin-1-yl)propyl)-6-(2,6-dichloro-3,5-dimethoxyphenyl)-2-(methylamino)pyrido[2,3-d]pyrimidin-7(8H)-one (PRN1371) for the Treatment of Solid Tumors."\n}', '{\n  "paper_type": {\n    "screening": true,\n    "known": true\n  },\n  "screens": {\n    "fragment": false,\n    "undirected": false,\n    "directed": false,\n    "virtual": false,\n    "del": false\n  },\n  "title": "Optimization of Orally Bioavailable Enhancer of Zeste Homolog 2 (EZH2) Inhibitors Using Ligand and Property-Based Design Strategies: Identification of Development Candidate (R)-5,8-Dichloro-7-(methoxy(oxetan-3-yl)methyl)-2-((4-methoxy-6-methyl-2-oxo-1,2-dihydropyridin-3-yl)methyl)-3,4-dihydroisoquinolin-1(2H)-one (PF-06821497)."\n}', '{\n  "paper_type": {\n    "screening": true,\n    "known": false\n  },\n  "screens": {\n    "fragment": false,\n    "undirected": true,\n    "directed": false,\n    "virtual": false,\n    "del": false\n  },\n  "title": "Design and Synthesis of Pyridone-Containing 3,4-Dihydroisoquinoline-1(2H)-ones as a Novel Class of Enhancer of Zeste Homolog 2 (EZH2) Inhibitors."\n}', '{\n  "paper_type": {\n    "screening": true,\n    "known": false\n  },\n  "screens": {\n    "fragment": false,\n    "undirected": true,\n    "directed": false,\n    "virtual": false,\n    "del": false\n  },\n  "title": "Identification of (R)-N-((4-Methoxy-6-methyl-2-oxo-1,2-dihydropyridin-3-yl)methyl)-2-methyl-1-(1-(1-(2,2,2-trifluoroethyl)piperidin-4-yl)ethyl)-1H-indole-3-carboxamide (CPI-1205), a Potent and Selective Inhibitor of Histone Methyltransferase EZH2, Suitable for Phase I Clinical Trials for B-Cell Lymphomas."\n}', '{\n  "paper_type": {\n    "screening": true,\n    "known": false\n  },\n  "screens": {\n    "fragment": false,\n    "undirected": true,\n    "directed": false,\n    "virtual": false,\n    "del": false\n  },\n  "title": "Discovery, design, and synthesis of indole-based EZH2 inhibitors."\n}', '{\n  "paper_type": {\n    "screening": true,\n    "known": false\n  },\n  "screens": {\n    "fragment": false,\n    "undirected": false,\n    "directed": false,\n    "virtual": false,\n    "del": false\n  },\n  "title": "Discovery of Clinical Candidate CEP-37440, a Selective Inhibitor of Focal Adhesion Kinase (FAK) and Anaplastic Lymphoma Kinase (ALK)."\n}', '{\n  "paper_type": {\n    "screening": true,\n    "known": false\n  },\n  "screens": {\n    "fragment": false,\n    "undirected": false,\n    "directed": false,\n    "virtual": false,\n    "del": false\n  },\n  "title": "Discovery of Brigatinib (AP26113), a Phosphine Oxide-Containing, Potent, Orally Active Inhibitor of Anaplastic Lymphoma Kinase."\n}', '{\n  "paper_type": {\n    "screening": true,\n    "known": false\n  },\n  "screens": {\n    "fragment": false,\n    "undirected": false,\n    "directed": false,\n    "virtual": false,\n    "del": false\n  },\n  "title": "Discovery of Entrectinib: A New 3-Aminoindazole As a Potent Anaplastic Lymphoma Kinase (ALK), c-ros Oncogene 1 Kinase (ROS1), and Pan-Tropomyosin Receptor Kinases (Pan-TRKs) inhibitor."\n}', '{\n  "paper_type": {\n    "screening": true,\n    "known": false\n  },\n  "screens": {\n    "fragment": false,\n    "undirected": true,\n    "directed": false,\n    "virtual": false,\n    "del": false\n  },\n  "title": "Discovery and Pharmacokinetic and Pharmacological Properties of the Potent and Selective MET Kinase Inhibitor 1-{6-[6-(4-Fluorophenyl)-[1,2,4]triazolo[4,3-b]pyridazin-3-ylsulfanyl]benzothiazol-2-yl}-3-(2-morpholin-4-ylethyl)urea (SAR125844)."\n}', '{\n  "paper_type": {\n    "screening": true,\n    "known": false\n  },\n  "screens": {\n    "fragment": false,\n    "undirected": false,\n    "directed": false,\n    "virtual": false,\n    "del": false\n  },\n  "title": "Discovery of (S)-1-(1-(4-Chloro-3-fluorophenyl)-2-hydroxyethyl)-4-(2-((1-methyl-1H-pyrazol-5-yl)amino)pyrimidin-4-yl)pyridin-2(1H)-one (GDC-0994), an Extracellular Signal-Regulated Kinase 1/2 (ERK1/2) Inhibitor in Early Clinical Development."\n}', '{\n  "paper_type": {\n    "screening": true,\n    "known": false\n  },\n  "screens": {\n    "fragment": false,\n    "undirected": false,\n    "directed": false,\n    "virtual": false,\n    "del": false\n  },\n  "title": "Discovery and Characterization of (8S,9R)-5-Fluoro-8-(4-fluorophenyl)-9-(1-methyl-1H-1,2,4-triazol-5-yl)-2,7,8,9-tetrahydro-3H-pyrido[4,3,2-de]phthalazin-3-one (BMN 673, Talazoparib), a Novel, Highly Potent, and Orally Efficacious Poly(ADP-ribose) Polymerase-1/2 Inhibitor, as an Anticancer Agent."\n}', '{\n  "paper_type": {\n    "screening": true,\n    "known": false\n  },\n  "screens": {\n    "fragment": false,\n    "undirected": false,\n    "directed": false,\n    "virtual": false,\n    "del": false\n  },\n  "title": "Discovery of Vibegron: A Potent and Selective β3 Adrenergic Receptor Agonist for the Treatment of Overactive Bladder."\n}', '{\n  "paper_type": {\n    "screening": [\n      true\n    ],\n    "known": [\n      false\n    ]\n  },\n  "screens": {\n    "fragment": [\n      false\n    ],\n    "undirected": [\n      true\n    ],\n    "directed": [\n      false\n    ],\n    "virtual": [\n      false\n    ],\n    "del": [\n      false\n    ]\n  },\n  "title": "Discovery of 5-Chloro-1-(5-chloro-2-(methylsulfonyl)benzyl)-2-imino-1,2-dihydropyridine-3-carboxamide (TAK-259) as a Novel, Selective, and Orally Active α1D Adrenoceptor Antagonist with Antiurinary Frequency Effects: Reducing Human Ether-a-go-go-Related Gene (hERG) Liabilities."\n}', '{\n  "paper_type": {\n    "screening": true,\n    "known": false\n  },\n  "screens": {\n    "fragment": false,\n    "undirected": false,\n    "directed": false,\n    "virtual": false,\n    "del": false\n  },\n  "title": "Discovery of Tropifexor (LJN452), a Highly Potent Non-bile Acid FXR Agonist for the Treatment of Cholestatic Liver Diseases and Nonalcoholic Steatohepatitis (NASH)."\n}', '{\n  "paper_type": {\n    "screening": true,\n    "known": false\n  },\n  "screens": {\n    "fragment": false,\n    "undirected": false,\n    "directed": false,\n    "virtual": false,\n    "del": false\n  },\n  "title": "Discovery of 6-(4-{[5-Cyclopropyl-3-(2,6-dichlorophenyl)isoxazol-4-yl]methoxy}piperidin-1-yl)-1-methyl-1H-indole-3-carboxylic Acid: A Novel FXR Agonist for the Treatment of Dyslipidemia."\n}', '{\n  "paper_type": {\n    "screening": true,\n    "known": false\n  },\n  "screens": {\n    "fragment": false,\n    "undirected": true,\n    "directed": false,\n    "virtual": false,\n    "del": false\n  },\n  "title": "Discovery of Clinical Candidate 2-((2S,6S)-2-Phenyl-6-hydroxyadamantan-2-yl)-1-(3\'-hydroxyazetidin-1-yl)ethanone [BMS-816336], an Orally Active Novel Selective 11β-Hydroxysteroid Dehydrogenase Type 1 Inhibitor."\n}', '{\n  "paper_type": {\n    "screening": true,\n    "known": false\n  },\n  "screens": {\n    "fragment": false,\n    "undirected": false,\n    "directed": false,\n    "virtual": false,\n    "del": false\n  },\n  "title": "Discovery of LY3104607: A Potent and Selective G Protein-Coupled Receptor 40 (GPR40) Agonist with Optimized Pharmacokinetic Properties to Support Once Daily Oral Treatment in Patients with Type 2 Diabetes Mellitus."\n}', '{\n  "paper_type": {\n    "screening": true,\n    "known": false\n  },\n  "screens": {\n    "fragment": false,\n    "undirected": false,\n    "directed": false,\n    "virtual": false,\n    "del": false\n  },\n  "title": "The Discovery, Preclinical, and Early Clinical Development of Potent and Selective GPR40 Agonists for the Treatment of Type 2 Diabetes Mellitus (LY2881835, LY2922083, and LY2922470)."\n}', '{\n  "paper_type": {\n    "screening": true,\n    "known": false\n  },\n  "screens": {\n    "fragment": false,\n    "undirected": true,\n    "directed": false,\n    "virtual": false,\n    "del": false\n  },\n  "title": "Discovery of Second Generation Reversible Covalent DPP1 Inhibitors Leading to an Oxazepane Amidoacetonitrile Based Clinical Candidate (AZD7986)."\n}', '{\n  "paper_type": {\n    "screening": true,\n    "known": false\n  },\n  "screens": {\n    "fragment": false,\n    "undirected": false,\n    "directed": false,\n    "virtual": false,\n    "del": false\n  },\n  "title": "Discovery of 6-Amino-2-{[(1S)-1-methylbutyl]oxy}-9-[5-(1-piperidinyl)pentyl]-7,9-dihydro-8H-purin-8-one (GSK2245035), a Highly Potent and Selective Intranasal Toll-Like Receptor 7 Agonist for the Treatment of Asthma."\n}', '{\n  "paper_type": {\n    "screening": true,\n    "known": false\n  },\n  "screens": {\n    "fragment": false,\n    "undirected": false,\n    "directed": false,\n    "virtual": false,\n    "del": false\n  },\n  "title": "Development of a Series of Kynurenine 3-Monooxygenase Inhibitors Leading to a Clinical Candidate for the Treatment of Acute Pancreatitis."\n}', '{\n  "paper_type": {\n    "screening": true,\n    "known": false\n  },\n  "screens": {\n    "fragment": false,\n    "undirected": false,\n    "directed": false,\n    "virtual": false,\n    "del": false\n  },\n  "title": "2-Benzenesulfonyl-8a-benzyl-hexahydro-2H-isoquinolin-6-ones as selective glucocorticoid receptor antagonists."\n}', '{\n  "paper_type": {\n    "screening": true,\n    "known": false\n  },\n  "screens": {\n    "fragment": false,\n    "undirected": true,\n    "directed": false,\n    "virtual": false,\n    "del": false\n  },\n  "title": "Discovery of an Orally Bioavailable, Brain-Penetrating, in Vivo Active Phosphodiesterase 2A Inhibitor Lead Series for the Treatment of Cognitive Disorders."\n}', '{\n  "paper_type": {\n    "screening": true,\n    "known": false\n  },\n  "screens": {\n    "fragment": false,\n    "undirected": false,\n    "directed": false,\n    "virtual": true,\n    "del": false\n  },\n  "title": "Discovery of Clinical Candidate N-((1S)-1-(3-Fluoro-4-(trifluoromethoxy)phenyl)-2-methoxyethyl)-7-methoxy-2-oxo-2,3-dihydropyrido[2,3-b]pyrazine-4(1H)-carboxamide (TAK-915): A Highly Potent, Selective, and Brain-Penetrating Phosphodiesterase 2A Inhibitor for the Treatment of Cognitive Disorders."\n}', '{\n  "paper_type": {\n    "screening": true,\n    "known": false\n  },\n  "screens": {\n    "fragment": false,\n    "undirected": true,\n    "directed": false,\n    "virtual": false,\n    "del": false\n  },\n  "title": "Discovery of Potent and Selective Inhibitors of Phosphodiesterase 1 for the Treatment of Cognitive Impairment Associated with Neurodegenerative and Neuropsychiatric Diseases."\n}', '{\n  "paper_type": {\n    "screening": true,\n    "known": false\n  },\n  "screens": {\n    "fragment": false,\n    "undirected": true,\n    "directed": false,\n    "virtual": false,\n    "del": false\n  },\n  "title": "Discovery and Development of 1-[(2-Bromophenyl)sulfonyl]-5-methoxy-3-[(4-methyl-1-piperazinyl)methyl]-1H-indole Dimesylate Monohydrate (SUVN-502): A Novel, Potent, Selective and Orally Active Serotonin 6 (5-HT6) Receptor Antagonist for Potential Treatment of Alzheimer\'s Disease."\n}', '{\n  "paper_type": {\n    "screening": true,\n    "known": false\n  },\n  "screens": {\n    "fragment": false,\n    "undirected": false,\n    "directed": false,\n    "virtual": false,\n    "del": false\n  },\n  "title": "Discovery of Clinical Candidate 4-[2-(5-Amino-1H-pyrazol-4-yl)-4-chlorophenoxy]-5-chloro-2-fluoro-N-1,3-thiazol-4-ylbenzenesulfonamide (PF-05089771): Design and Optimization of Diaryl Ether Aryl Sulfonamides as Selective Inhibitors of NaV1.7."\n}', '{\n  "paper_type": {\n    "screening": true,\n    "known": false\n  },\n  "screens": {\n    "fragment": false,\n    "undirected": false,\n    "directed": false,\n    "virtual": true,\n    "del": false\n  },\n  "title": "The Discovery of a Potent, Selective, and Peripherally Restricted Pan-Trk Inhibitor (PF-06273340) for the Treatment of Pain."\n}', '{\n  "paper_type": {\n    "screening": true,\n    "known": false\n  },\n  "screens": {\n    "fragment": false,\n    "undirected": false,\n    "directed": false,\n    "virtual": false,\n    "del": false\n  },\n  "title": "Discovery of N-(5-Fluoropyridin-2-yl)-6-methyl-4-(pyrimidin-5-yloxy)picolinamide (VU0424238): A Novel Negative Allosteric Modulator of Metabotropic Glutamate Receptor Subtype 5 Selected for Clinical Evaluation."\n}', '{\n  "paper_type": {\n    "screening": true,\n    "known": false\n  },\n  "screens": {\n    "fragment": false,\n    "undirected": true,\n    "directed": false,\n    "virtual": false,\n    "del": false\n  },\n  "title": "4-Methyl-6,7-dihydro-4H-triazolo[4,5-c]pyridine-Based P2X7 Receptor Antagonists: Optimization of Pharmacokinetic Properties Leading to the Identification of a Clinical Candidate."\n}', '{\n  "paper_type": {\n    "screening": true,\n    "known": false\n  },\n  "screens": {\n    "fragment": false,\n    "undirected": true,\n    "directed": false,\n    "virtual": false,\n    "del": false\n  },\n  "title": "A Dipolar Cycloaddition Reaction To Access 6-Methyl-4,5,6,7-tetrahydro-1H-[1,2,3]triazolo[4,5-c]pyridines Enables the Discovery Synthesis and Preclinical Profiling of a P2X7 Antagonist Clinical Candidate."\n}', '{\n  "paper_type": {\n    "screening": true,\n    "known": false\n  },\n  "screens": {\n    "fragment": false,\n    "undirected": true,\n    "directed": false,\n    "virtual": false,\n    "del": false\n  },\n  "title": "Discovery of a Potent, Selective T-type Calcium Channel Blocker as a Drug Candidate for the Treatment of Generalized Epilepsies."\n}', '{\n  "paper_type": {\n    "screening": true,\n    "known": false\n  },\n  "screens": {\n    "fragment": false,\n    "undirected": false,\n    "directed": false,\n    "virtual": false,\n    "del": false\n  },\n  "title": "Discovery of Ruzasvir (MK-8408): A Potent, Pan-Genotype HCV NS5A Inhibitor with Optimized Activity against Common Resistance-Associated Polymorphisms."\n}', '{\n  "paper_type": {\n    "screening": true,\n    "known": false\n  },\n  "screens": {\n    "fragment": false,\n    "undirected": true,\n    "directed": false,\n    "virtual": false,\n    "del": false\n  },\n  "title": "Discovery of the Aryl-phospho-indole IDX899, a Highly Potent Anti-HIV Non-nucleoside Reverse Transcriptase Inhibitor."\n}', '{\n  "paper_type": {\n    "screening": true,\n    "known": false\n  },\n  "screens": {\n    "fragment": false,\n    "undirected": true,\n    "directed": false,\n    "virtual": false,\n    "del": false\n  },\n  "title": "Discovery of a Potent and Specific M. tuberculosis Leucyl-tRNA Synthetase Inhibitor: (S)-3-(Aminomethyl)-4-chloro-7-(2-hydroxyethoxy)benzo[c][1,2]oxaborol-1(3H)-ol (GSK656)."\n}', '{\n  "paper_type": {\n    "screening": true,\n    "known": false\n  },\n  "screens": {\n    "fragment": false,\n    "undirected": false,\n    "directed": false,\n    "virtual": false,\n    "del": false\n  },\n  "title": "Development of a Dual-Acting Antibacterial Agent (TNP-2092) for the Treatment of Persistent Bacterial Infections."\n}', '{\n  "paper_type": {\n    "screening": [\n      true\n    ],\n    "known": [\n      false\n    ]\n  },\n  "screens": {\n    "fragment": [\n      false\n    ],\n    "undirected": [\n      false\n    ],\n    "directed": [\n      false\n    ],\n    "virtual": [\n      false\n    ],\n    "del": [\n      true\n    ]\n  },\n  "title": "Discovery of a First-in-Class Receptor Interacting Protein 1 (RIP1) Kinase Specific Clinical Candidate (GSK2982772) for the Treatment of Inflammatory Diseases."\n}', '{\n  "paper_type": {\n    "screening": true,\n    "known": false\n  },\n  "screens": {\n    "fragment": false,\n    "undirected": false,\n    "directed": false,\n    "virtual": false,\n    "del": false\n  },\n  "title": "Discovery of Clinical Candidate 1-{[(2S,3S,4S)-3-Ethyl-4-fluoro-5-oxopyrrolidin-2-yl]methoxy}-7-methoxyisoquinoline-6-carboxamide (PF-06650833), a Potent, Selective Inhibitor of Interleukin-1 Receptor Associated Kinase 4 (IRAK4), by Fragment-Based Drug Design."\n}', '{\n  "paper_type": {\n    "screening": true,\n    "known": false\n  },\n  "screens": {\n    "fragment": false,\n    "undirected": false,\n    "directed": false,\n    "virtual": false,\n    "del": false\n  },\n  "title": "Discovery of 6-Fluoro-5-(R)-(3-(S)-(8-fluoro-1-methyl-2,4-dioxo-1,2-dihydroquinazolin-3(4H)-yl)-2-methylphenyl)-2-(S)-(2-hydroxypropan-2-yl)-2,3,4,9-tetrahydro-1H-carbazole-8-carboxamide (BMS-986142): A Reversible Inhibitor of Bruton\'s Tyrosine Kinase (BTK) Conformationally Constrained by Two Locked Atropisomers."\n}']
Performance counter: 76.957979 seconds
abstract
Analyze the research paper abstract included in the above paragraph(s). Determine whether it discusses an initial screen of chemicals against a protein target. Some paper abstracts may not describe a screen of chemicals versus a protein. Please return the following information in JSON format exactly as specified below.

paper_type:
- screening (boolean): true if the paper describes any sort of screen against a protein target. False if the paper does not describe a chemical screen.
- known (boolean): True if the paper describes starting from a previously identified or reported drug, lead compound, or hit. False if the paper uses a screening technique, as defined below, in order to find the compound of interest discussed in the abstract.
screens:
- fragment (boolean): true if the paper describes testing fragment-sized molecules against a protein target to find ligands, using techniques such as NMR, X-ray crystallography, or biophysical assays. Virtual screening of fragments is excluded from this category. False if the paper does not describe a fragment screen.
- Undirected (boolean): true if the paper describes testing a real-world library of molecules against a protein target to find ligands, using high-throughput plate-based biophysical assays. Screening of fragment-sized molecules is excluded from this category. False if the paper does not describe screening a real-world collection of molecules.
- directed (boolean): false in all cases. This field is a temporary placeholder.
- virtual (boolean): true if the paper describes using virtual screening techniques to identify ligands binding a protein target, using techniques such as structure-based docking or ligand-based molecular similarity. False if the paper does not describe the use of virtual screening methods.
- del (boolean): true if the paper describes testing a DNA-encoded library of molecules (sometimes referred to as a DEL) against a protein target to find ligands. False if the paper does not describe a DEL screen.

{
  "paper_type": {
    "screening": [true/false]
    "known": [true/false]
  },
  "screens": {
    "fragment": [true/false],
    "undirected": [true/false],
    "directed": [true/false],
    "virtual": [true/false],
    "del": [true/false]
  }
}

Your response as a JSON-formatted string is:
{
  "paper_type": {
    "screening": true,
    "known": false
  },
  "screens": {
    "fragment": false,
    "undirected": false,
    "directed": false,
    "virtual": false,
    "del": false
  }
}

The development of bromodomain and extraterminal domain (BET) bromodomain inhibitors and their examination in clinical studies, particularly in oncology settings, has garnered substantial recent interest. An effort to generate novel BET bromodomain inhibitors with excellent potency and drug metabolism and pharmacokinetics (DMPK) properties was initiated based upon elaboration of a simple pyridone core. Efforts to develop a bidentate interaction with a critical asparagine residue resulted in the incorporation of a pyrrolopyridone core, which improved potency by 9-19-fold. Additional structure-activity relationship (SAR) efforts aimed both at increasing potency and improving pharmacokinetic properties led to the discovery of the clinical candidate 63 (ABBV-075/mivebresib), which demonstrates excellent potency in biochemical and cellular assays, advantageous exposures and half-life both in animal models and in humans, and in vivo efficacy in mouse models of cancer progression and inflammation.
Analyze the research paper abstract included in the above paragraph(s). Determine whether it discusses an initial screen of chemicals against a protein target. Some paper abstracts may not describe a screen of chemicals versus a protein. Please return the following information in JSON format exactly as specified below.

paper_type:
- screening (boolean): true if the paper describes any sort of screen against a protein target. False if the paper does not describe a chemical screen.
- known (boolean): True if the paper describes starting from a previously identified or reported drug, lead compound, or hit. False if the paper uses a screening technique, as defined below, in order to find the compound of interest discussed in the abstract.
screens:
- fragment (boolean): true if the paper describes testing fragment-sized molecules against a protein target to find ligands, using techniques such as NMR, X-ray crystallography, or biophysical assays. Virtual screening of fragments is excluded from this category. False if the paper does not describe a fragment screen.
- Undirected (boolean): true if the paper describes testing a real-world library of molecules against a protein target to find ligands, using high-throughput plate-based biophysical assays. Screening of fragment-sized molecules is excluded from this category. False if the paper does not describe screening a real-world collection of molecules.
- directed (boolean): false in all cases. This field is a temporary placeholder.
- virtual (boolean): true if the paper describes using virtual screening techniques to identify ligands binding a protein target, using techniques such as structure-based docking or ligand-based molecular similarity. False if the paper does not describe the use of virtual screening methods.
- del (boolean): true if the paper describes testing a DNA-encoded library of molecules (sometimes referred to as a DEL) against a protein target to find ligands. False if the paper does not describe a DEL screen.

{
  "paper_type": {
    "screening": [true/false]
    "known": [true/false]
  },
  "screens": {
    "fragment": [true/false],
    "undirected": [true/false],
    "directed": [true/false],
    "virtual": [true/false],
    "del": [true/false]
  }
}

Your response as a JSON-formatted string is:
{
  "paper_type": {
    "screening": true,
    "known": false
  },
  "screens": {
    "fragment": false,
    "undirected": true,
    "directed": false,
    "virtual": false,
    "del": false
  }
}

Here we report the discovery and optimization of a series of bivalent bromodomain and extraterminal inhibitors. Starting with the observation of BRD4 activity of compounds from a previous program, the compounds were optimized for BRD4 potency and physical properties. The optimized compound from this campaign exhibited excellent pharmacokinetic profile and exhibited high potency in vitro and in vivo effecting c-Myc downregulation and tumor growth inhibition in xenograft studies. This compound was selected as the development candidate, AZD5153. The series showed enhanced potency as a result of bivalent binding and a clear correlation between BRD4 activity and cellular potency.
Analyze the research paper abstract included in the above paragraph(s). Determine whether it discusses an initial screen of chemicals against a protein target. Some paper abstracts may not describe a screen of chemicals versus a protein. Please return the following information in JSON format exactly as specified below.

paper_type:
- screening (boolean): true if the paper describes any sort of screen against a protein target. False if the paper does not describe a chemical screen.
- known (boolean): True if the paper describes starting from a previously identified or reported drug, lead compound, or hit. False if the paper uses a screening technique, as defined below, in order to find the compound of interest discussed in the abstract.
screens:
- fragment (boolean): true if the paper describes testing fragment-sized molecules against a protein target to find ligands, using techniques such as NMR, X-ray crystallography, or biophysical assays. Virtual screening of fragments is excluded from this category. False if the paper does not describe a fragment screen.
- Undirected (boolean): true if the paper describes testing a real-world library of molecules against a protein target to find ligands, using high-throughput plate-based biophysical assays. Screening of fragment-sized molecules is excluded from this category. False if the paper does not describe screening a real-world collection of molecules.
- directed (boolean): false in all cases. This field is a temporary placeholder.
- virtual (boolean): true if the paper describes using virtual screening techniques to identify ligands binding a protein target, using techniques such as structure-based docking or ligand-based molecular similarity. False if the paper does not describe the use of virtual screening methods.
- del (boolean): true if the paper describes testing a DNA-encoded library of molecules (sometimes referred to as a DEL) against a protein target to find ligands. False if the paper does not describe a DEL screen.

{
  "paper_type": {
    "screening": [true/false]
    "known": [true/false]
  },
  "screens": {
    "fragment": [true/false],
    "undirected": [true/false],
    "directed": [true/false],
    "virtual": [true/false],
    "del": [true/false]
  }
}

Your response as a JSON-formatted string is:
{
  "paper_type": {
    "screening": true,
    "known": true
  },
  "screens": {
    "fragment": false,
    "undirected": true,
    "directed": false,
    "virtual": false,
    "del": false
  }
}

In recent years, inhibition of the interaction between the bromodomain and extra-terminal domain (BET) family of chromatin adaptors and acetyl-lysine residues on chromatin has emerged as a promising approach to regulate the expression of important disease-relevant genes, including MYC, BCL-2, and NF-κB. Here we describe the identification and characterization of a potent and selective benzoisoxazoloazepine BET bromodomain inhibitor that attenuates BET-dependent gene expression in vivo, demonstrates antitumor efficacy in an MV-4-11 mouse xenograft model, and is currently undergoing human clinical trials for hematological malignancies (CPI-0610).
Analyze the research paper abstract included in the above paragraph(s). Determine whether it discusses an initial screen of chemicals against a protein target. Some paper abstracts may not describe a screen of chemicals versus a protein. Please return the following information in JSON format exactly as specified below.

paper_type:
- screening (boolean): true if the paper describes any sort of screen against a protein target. False if the paper does not describe a chemical screen.
- known (boolean): True if the paper describes starting from a previously identified or reported drug, lead compound, or hit. False if the paper uses a screening technique, as defined below, in order to find the compound of interest discussed in the abstract.
screens:
- fragment (boolean): true if the paper describes testing fragment-sized molecules against a protein target to find ligands, using techniques such as NMR, X-ray crystallography, or biophysical assays. Virtual screening of fragments is excluded from this category. False if the paper does not describe a fragment screen.
- Undirected (boolean): true if the paper describes testing a real-world library of molecules against a protein target to find ligands, using high-throughput plate-based biophysical assays. Screening of fragment-sized molecules is excluded from this category. False if the paper does not describe screening a real-world collection of molecules.
- directed (boolean): false in all cases. This field is a temporary placeholder.
- virtual (boolean): true if the paper describes using virtual screening techniques to identify ligands binding a protein target, using techniques such as structure-based docking or ligand-based molecular similarity. False if the paper does not describe the use of virtual screening methods.
- del (boolean): true if the paper describes testing a DNA-encoded library of molecules (sometimes referred to as a DEL) against a protein target to find ligands. False if the paper does not describe a DEL screen.

{
  "paper_type": {
    "screening": [true/false]
    "known": [true/false]
  },
  "screens": {
    "fragment": [true/false],
    "undirected": [true/false],
    "directed": [true/false],
    "virtual": [true/false],
    "del": [true/false]
  }
}

Your response as a JSON-formatted string is:
{
  "paper_type": {
    "screening": true,
    "known": false
  },
  "screens": {
    "fragment": false,
    "undirected": false,
    "directed": false,
    "virtual": false,
    "del": false
  }
}

Tumors use tryptophan-catabolizing enzymes such as indoleamine 2,3-dioxygenase (IDO-1) to induce an immunosuppressive environment. IDO-1 is induced in response to inflammatory stimuli and promotes immune tolerance through effector T-cell anergy and enhanced Treg function. As such, IDO-1 is a nexus for the induction of a key immunosuppressive mechanism and represents an important immunotherapeutic target in oncology. Starting from HTS hit 5, IDO-1 inhibitor 6 (EOS200271/PF-06840003) has been developed. The structure-activity relationship around 6 is described and rationalized using the X-ray crystal structure of 6 bound to human IDO-1, which shows that 6, differently from most of the IDO-1 inhibitors described so far, does not bind to the heme iron atom and has a novel binding mode. Clinical candidate 6 shows good potency in an IDO-1 human whole blood assay and also shows a very favorable ADME profile leading to favorable predicted human pharmacokinetic properties, including a predicted half-life of 16-19 h.
Analyze the research paper abstract included in the above paragraph(s). Determine whether it discusses an initial screen of chemicals against a protein target. Some paper abstracts may not describe a screen of chemicals versus a protein. Please return the following information in JSON format exactly as specified below.

paper_type:
- screening (boolean): true if the paper describes any sort of screen against a protein target. False if the paper does not describe a chemical screen.
- known (boolean): True if the paper describes starting from a previously identified or reported drug, lead compound, or hit. False if the paper uses a screening technique, as defined below, in order to find the compound of interest discussed in the abstract.
screens:
- fragment (boolean): true if the paper describes testing fragment-sized molecules against a protein target to find ligands, using techniques such as NMR, X-ray crystallography, or biophysical assays. Virtual screening of fragments is excluded from this category. False if the paper does not describe a fragment screen.
- Undirected (boolean): true if the paper describes testing a real-world library of molecules against a protein target to find ligands, using high-throughput plate-based biophysical assays. Screening of fragment-sized molecules is excluded from this category. False if the paper does not describe screening a real-world collection of molecules.
- directed (boolean): false in all cases. This field is a temporary placeholder.
- virtual (boolean): true if the paper describes using virtual screening techniques to identify ligands binding a protein target, using techniques such as structure-based docking or ligand-based molecular similarity. False if the paper does not describe the use of virtual screening methods.
- del (boolean): true if the paper describes testing a DNA-encoded library of molecules (sometimes referred to as a DEL) against a protein target to find ligands. False if the paper does not describe a DEL screen.

{
  "paper_type": {
    "screening": [true/false]
    "known": [true/false]
  },
  "screens": {
    "fragment": [true/false],
    "undirected": [true/false],
    "directed": [true/false],
    "virtual": [true/false],
    "del": [true/false]
  }
}

Your response as a JSON-formatted string is:
{
  "paper_type": {
    "screening": true,
    "known": true
  },
  "screens": {
    "fragment": false,
    "undirected": true,
    "directed": false,
    "virtual": false,
    "del": false
  }
}

Phosphoinositide 3-kinase (PI3K) is deregulated in a wide variety of human tumors and triggers activation of protein kinase B (PKB/Akt) and mammalian target of rapamycin (mTOR). Here we describe the preclinical characterization of compound 1 (PQR309, bimiralisib), a potent 4,6-dimorpholino-1,3,5-triazine-based pan-class I PI3K inhibitor, which targets mTOR kinase in a balanced fashion at higher concentrations. No off-target interactions were detected for 1 in a wide panel of protein kinase, enzyme, and receptor ligand assays. Moreover, 1 did not bind tubulin, which was observed for the structurally related 4 (BKM120, buparlisib). Compound 1 is orally available, crosses the blood-brain barrier, and displayed favorable pharmacokinetic parameters in mice, rats, and dogs. Compound 1 demonstrated efficiency in inhibiting proliferation in tumor cell lines and a rat xenograft model. This, together with the compound's safety profile, identifies 1 as a clinical candidate with a broad application range in oncology, including treatment of brain tumors or CNS metastasis. Compound 1 is currently in phase II clinical trials for advanced solid tumors and refractory lymphoma.
Analyze the research paper abstract included in the above paragraph(s). Determine whether it discusses an initial screen of chemicals against a protein target. Some paper abstracts may not describe a screen of chemicals versus a protein. Please return the following information in JSON format exactly as specified below.

paper_type:
- screening (boolean): true if the paper describes any sort of screen against a protein target. False if the paper does not describe a chemical screen.
- known (boolean): True if the paper describes starting from a previously identified or reported drug, lead compound, or hit. False if the paper uses a screening technique, as defined below, in order to find the compound of interest discussed in the abstract.
screens:
- fragment (boolean): true if the paper describes testing fragment-sized molecules against a protein target to find ligands, using techniques such as NMR, X-ray crystallography, or biophysical assays. Virtual screening of fragments is excluded from this category. False if the paper does not describe a fragment screen.
- Undirected (boolean): true if the paper describes testing a real-world library of molecules against a protein target to find ligands, using high-throughput plate-based biophysical assays. Screening of fragment-sized molecules is excluded from this category. False if the paper does not describe screening a real-world collection of molecules.
- directed (boolean): false in all cases. This field is a temporary placeholder.
- virtual (boolean): true if the paper describes using virtual screening techniques to identify ligands binding a protein target, using techniques such as structure-based docking or ligand-based molecular similarity. False if the paper does not describe the use of virtual screening methods.
- del (boolean): true if the paper describes testing a DNA-encoded library of molecules (sometimes referred to as a DEL) against a protein target to find ligands. False if the paper does not describe a DEL screen.

{
  "paper_type": {
    "screening": [true/false]
    "known": [true/false]
  },
  "screens": {
    "fragment": [true/false],
    "undirected": [true/false],
    "directed": [true/false],
    "virtual": [true/false],
    "del": [true/false]
  }
}

Your response as a JSON-formatted string is:
{
  "paper_type": {
    "screening": true,
    "known": false
  },
  "screens": {
    "fragment": false,
    "undirected": false,
    "directed": false,
    "virtual": false,
    "del": false
  }
}

Inhibitors of the class I phosphoinositide 3-kinase (PI3K) isoform PI3Kα have received substantial attention for their potential use in cancer therapy. Despite the particular attraction of targeting PI3Kα, achieving selectivity for the inhibition of this isoform has proved challenging. Herein we report the discovery of inhibitors of PI3Kα that have selectivity over the other class I isoforms and all other kinases tested. In GDC-0032 (3, taselisib), we previously minimized inhibition of PI3Kβ relative to the other class I insoforms. Subsequently, we extended our efforts to identify PI3Kα-specific inhibitors using PI3Kα crystal structures to inform the design of benzoxazepin inhibitors with selectivity for PI3Kα through interactions with a nonconserved residue. Several molecules selective for PI3Kα relative to the other class I isoforms, as well as other kinases, were identified. Optimization of properties related to drug metabolism then culminated in the identification of the clinical candidate GDC-0326 (4).
Analyze the research paper abstract included in the above paragraph(s). Determine whether it discusses an initial screen of chemicals against a protein target. Some paper abstracts may not describe a screen of chemicals versus a protein. Please return the following information in JSON format exactly as specified below.

paper_type:
- screening (boolean): true if the paper describes any sort of screen against a protein target. False if the paper does not describe a chemical screen.
- known (boolean): True if the paper describes starting from a previously identified or reported drug, lead compound, or hit. False if the paper uses a screening technique, as defined below, in order to find the compound of interest discussed in the abstract.
screens:
- fragment (boolean): true if the paper describes testing fragment-sized molecules against a protein target to find ligands, using techniques such as NMR, X-ray crystallography, or biophysical assays. Virtual screening of fragments is excluded from this category. False if the paper does not describe a fragment screen.
- Undirected (boolean): true if the paper describes testing a real-world library of molecules against a protein target to find ligands, using high-throughput plate-based biophysical assays. Screening of fragment-sized molecules is excluded from this category. False if the paper does not describe screening a real-world collection of molecules.
- directed (boolean): false in all cases. This field is a temporary placeholder.
- virtual (boolean): true if the paper describes using virtual screening techniques to identify ligands binding a protein target, using techniques such as structure-based docking or ligand-based molecular similarity. False if the paper does not describe the use of virtual screening methods.
- del (boolean): true if the paper describes testing a DNA-encoded library of molecules (sometimes referred to as a DEL) against a protein target to find ligands. False if the paper does not describe a DEL screen.

{
  "paper_type": {
    "screening": [true/false]
    "known": [true/false]
  },
  "screens": {
    "fragment": [true/false],
    "undirected": [true/false],
    "directed": [true/false],
    "virtual": [true/false],
    "del": [true/false]
  }
}

Your response as a JSON-formatted string is:
{
  "paper_type": {
    "screening": true,
    "known": false
  },
  "screens": {
    "fragment": false,
    "undirected": true,
    "directed": false,
    "virtual": false,
    "del": false
  }
}

We previously reported the design of spirooxindoles with two identical substituents at the carbon-2 of the pyrrolidine core as potent MDM2 inhibitors. In this paper we describe an extensive structure-activity relationship study of this class of MDM2 inhibitors, which led to the discovery of 60 (AA-115/APG-115). Compound 60 has a very high affinity to MDM2 (Ki < 1 nM), potent cellular activity, and an excellent oral pharmacokinetic profile. Compound 60 is capable of achieving complete and long-lasting tumor regression in vivo and is currently in phase I clinical trials for cancer treatment.
Analyze the research paper abstract included in the above paragraph(s). Determine whether it discusses an initial screen of chemicals against a protein target. Some paper abstracts may not describe a screen of chemicals versus a protein. Please return the following information in JSON format exactly as specified below.

paper_type:
- screening (boolean): true if the paper describes any sort of screen against a protein target. False if the paper does not describe a chemical screen.
- known (boolean): True if the paper describes starting from a previously identified or reported drug, lead compound, or hit. False if the paper uses a screening technique, as defined below, in order to find the compound of interest discussed in the abstract.
screens:
- fragment (boolean): true if the paper describes testing fragment-sized molecules against a protein target to find ligands, using techniques such as NMR, X-ray crystallography, or biophysical assays. Virtual screening of fragments is excluded from this category. False if the paper does not describe a fragment screen.
- Undirected (boolean): true if the paper describes testing a real-world library of molecules against a protein target to find ligands, using high-throughput plate-based biophysical assays. Screening of fragment-sized molecules is excluded from this category. False if the paper does not describe screening a real-world collection of molecules.
- directed (boolean): false in all cases. This field is a temporary placeholder.
- virtual (boolean): true if the paper describes using virtual screening techniques to identify ligands binding a protein target, using techniques such as structure-based docking or ligand-based molecular similarity. False if the paper does not describe the use of virtual screening methods.
- del (boolean): true if the paper describes testing a DNA-encoded library of molecules (sometimes referred to as a DEL) against a protein target to find ligands. False if the paper does not describe a DEL screen.

{
  "paper_type": {
    "screening": [true/false]
    "known": [true/false]
  },
  "screens": {
    "fragment": [true/false],
    "undirected": [true/false],
    "directed": [true/false],
    "virtual": [true/false],
    "del": [true/false]
  }
}

Your response as a JSON-formatted string is:
{
  "paper_type": {
    "screening": true,
    "known": false
  },
  "screens": {
    "fragment": false,
    "undirected": true,
    "directed": false,
    "virtual": false,
    "del": false
  }
}

Mutant epidermal growth factor receptor (EGFR) is a major driver of non-small-cell lung cancer (NSCLC). Marketed first generation inhibitors, such as erlotinib, effect a transient beneficial response in EGFR mutant NSCLC patients before resistance mechanisms render these inhibitors ineffective. Secondary oncogenic EGFR mutations account for approximately 50% of relapses, the most common being the gatekeeper T790M substitution that renders existing therapies ineffective. The discovery of PF-06459988 (1), an irreversible pyrrolopyrimidine inhibitor of EGFR T790M mutants, was recently disclosed.1 Herein, we describe our continued efforts to achieve potency across EGFR oncogenic mutations and improved kinome selectivity, resulting in the discovery of clinical candidate PF-06747775 (21), which provides potent EGFR activity against the four common mutants (exon 19 deletion (Del), L858R, and double mutants T790M/L858R and T790M/Del), selectivity over wild-type EGFR, and desirable ADME properties. Compound 21 is currently being evaluated in phase-I clinical trials of mutant EGFR driven NSCLC.
Analyze the research paper abstract included in the above paragraph(s). Determine whether it discusses an initial screen of chemicals against a protein target. Some paper abstracts may not describe a screen of chemicals versus a protein. Please return the following information in JSON format exactly as specified below.

paper_type:
- screening (boolean): true if the paper describes any sort of screen against a protein target. False if the paper does not describe a chemical screen.
- known (boolean): True if the paper describes starting from a previously identified or reported drug, lead compound, or hit. False if the paper uses a screening technique, as defined below, in order to find the compound of interest discussed in the abstract.
screens:
- fragment (boolean): true if the paper describes testing fragment-sized molecules against a protein target to find ligands, using techniques such as NMR, X-ray crystallography, or biophysical assays. Virtual screening of fragments is excluded from this category. False if the paper does not describe a fragment screen.
- Undirected (boolean): true if the paper describes testing a real-world library of molecules against a protein target to find ligands, using high-throughput plate-based biophysical assays. Screening of fragment-sized molecules is excluded from this category. False if the paper does not describe screening a real-world collection of molecules.
- directed (boolean): false in all cases. This field is a temporary placeholder.
- virtual (boolean): true if the paper describes using virtual screening techniques to identify ligands binding a protein target, using techniques such as structure-based docking or ligand-based molecular similarity. False if the paper does not describe the use of virtual screening methods.
- del (boolean): true if the paper describes testing a DNA-encoded library of molecules (sometimes referred to as a DEL) against a protein target to find ligands. False if the paper does not describe a DEL screen.

{
  "paper_type": {
    "screening": [true/false]
    "known": [true/false]
  },
  "screens": {
    "fragment": [true/false],
    "undirected": [true/false],
    "directed": [true/false],
    "virtual": [true/false],
    "del": [true/false]
  }
}

Your response as a JSON-formatted string is:
{
  "paper_type": {
    "screening": true,
    "known": false
  },
  "screens": {
    "fragment": false,
    "undirected": false,
    "directed": false,
    "virtual": false,
    "del": false
  }
}

The fibroblast growth factor receptor (FGFR) family of receptor tyrosine kinases regulates multiple biological processes, such as cell proliferation, migration, apoptosis, and differentiation. Various genetic alterations that drive activation of the receptors and the pathway are associated with tumor growth and survival; therefore, the FGFR family represents an attractive therapeutic target for treating cancer. Here, we report the discovery and the pharmacological profiles of 8 (CH5183284/Debio 1347), an orally available and selective inhibitor of FGFR1, FGFR2, and FGFR3. The chemical modifications, which were guided by 3D-modeling analyses of the inhibitor and FGFRs, led to identifying an inhibitor that is selective to FGFR1, FGFR2, and FGFR3. In in vitro studies and xenograft models in mice, 8 shows antitumor activity against cancer cell lines that harbor genetically altered FGFRs. These results support the potential therapeutic use of 8 as a new anticancer agent.
Analyze the research paper abstract included in the above paragraph(s). Determine whether it discusses an initial screen of chemicals against a protein target. Some paper abstracts may not describe a screen of chemicals versus a protein. Please return the following information in JSON format exactly as specified below.

paper_type:
- screening (boolean): true if the paper describes any sort of screen against a protein target. False if the paper does not describe a chemical screen.
- known (boolean): True if the paper describes starting from a previously identified or reported drug, lead compound, or hit. False if the paper uses a screening technique, as defined below, in order to find the compound of interest discussed in the abstract.
screens:
- fragment (boolean): true if the paper describes testing fragment-sized molecules against a protein target to find ligands, using techniques such as NMR, X-ray crystallography, or biophysical assays. Virtual screening of fragments is excluded from this category. False if the paper does not describe a fragment screen.
- Undirected (boolean): true if the paper describes testing a real-world library of molecules against a protein target to find ligands, using high-throughput plate-based biophysical assays. Screening of fragment-sized molecules is excluded from this category. False if the paper does not describe screening a real-world collection of molecules.
- directed (boolean): false in all cases. This field is a temporary placeholder.
- virtual (boolean): true if the paper describes using virtual screening techniques to identify ligands binding a protein target, using techniques such as structure-based docking or ligand-based molecular similarity. False if the paper does not describe the use of virtual screening methods.
- del (boolean): true if the paper describes testing a DNA-encoded library of molecules (sometimes referred to as a DEL) against a protein target to find ligands. False if the paper does not describe a DEL screen.

{
  "paper_type": {
    "screening": [true/false]
    "known": [true/false]
  },
  "screens": {
    "fragment": [true/false],
    "undirected": [true/false],
    "directed": [true/false],
    "virtual": [true/false],
    "del": [true/false]
  }
}

Your response as a JSON-formatted string is:
{
  "paper_type": {
    "screening": true,
    "known": false
  },
  "screens": {
    "fragment": false,
    "undirected": false,
    "directed": false,
    "virtual": false,
    "del": false
  }
}

Aberrant signaling of the FGF/FGFR pathway occurs frequently in cancers and is an oncogenic driver in many solid tumors. Clinical validation of FGFR as a therapeutic target has been demonstrated in bladder, liver, lung, breast, and gastric cancers. Our goal was to develop an irreversible covalent inhibitor of FGFR1-4 for use in oncology indications. An irreversible covalent binding mechanism imparts many desirable pharmacological benefits including high potency, selectivity, and prolonged target inhibition. Herein we report the structure-based design, medicinal chemistry optimization, and unique ADME assays of our irreversible covalent drug discovery program which culminated in the discovery of compound 34 (PRN1371), a highly selective and potent FGFR1-4 inhibitor.
Analyze the research paper abstract included in the above paragraph(s). Determine whether it discusses an initial screen of chemicals against a protein target. Some paper abstracts may not describe a screen of chemicals versus a protein. Please return the following information in JSON format exactly as specified below.

paper_type:
- screening (boolean): true if the paper describes any sort of screen against a protein target. False if the paper does not describe a chemical screen.
- known (boolean): True if the paper describes starting from a previously identified or reported drug, lead compound, or hit. False if the paper uses a screening technique, as defined below, in order to find the compound of interest discussed in the abstract.
screens:
- fragment (boolean): true if the paper describes testing fragment-sized molecules against a protein target to find ligands, using techniques such as NMR, X-ray crystallography, or biophysical assays. Virtual screening of fragments is excluded from this category. False if the paper does not describe a fragment screen.
- Undirected (boolean): true if the paper describes testing a real-world library of molecules against a protein target to find ligands, using high-throughput plate-based biophysical assays. Screening of fragment-sized molecules is excluded from this category. False if the paper does not describe screening a real-world collection of molecules.
- directed (boolean): false in all cases. This field is a temporary placeholder.
- virtual (boolean): true if the paper describes using virtual screening techniques to identify ligands binding a protein target, using techniques such as structure-based docking or ligand-based molecular similarity. False if the paper does not describe the use of virtual screening methods.
- del (boolean): true if the paper describes testing a DNA-encoded library of molecules (sometimes referred to as a DEL) against a protein target to find ligands. False if the paper does not describe a DEL screen.

{
  "paper_type": {
    "screening": [true/false]
    "known": [true/false]
  },
  "screens": {
    "fragment": [true/false],
    "undirected": [true/false],
    "directed": [true/false],
    "virtual": [true/false],
    "del": [true/false]
  }
}

Your response as a JSON-formatted string is:
{
  "paper_type": {
    "screening": true,
    "known": false
  },
  "screens": {
    "fragment": false,
    "undirected": false,
    "directed": false,
    "virtual": false,
    "del": false
  }
}

A new series of lactam-derived EZH2 inhibitors was designed via ligand-based and physicochemical-property-based strategies to address metabolic stability and thermodynamic solubility issues associated with previous lead compound 1. The new inhibitors incorporated an sp3 hybridized carbon atom at the 7-position of the lactam moiety present in lead compound 1 as a replacement for a dimethylisoxazole group. This transformation enabled optimization of the physicochemical properties and potency compared to compound 1. Analysis of relationships between calculated log D (clogD) values and in vitro metabolic stability and permeability parameters identified a clogD range that afforded an increased probability of achieving favorable ADME data in a single molecule. Compound 23a exhibited the best overlap of potency and pharmaceutical properties as well as robust tumor growth inhibition in vivo and was therefore advanced as a development candidate (PF-06821497). A crystal structure of 23a in complex with the three-protein PRC2 complex enabled understanding of the key structural features required for optimal binding.
Analyze the research paper abstract included in the above paragraph(s). Determine whether it discusses an initial screen of chemicals against a protein target. Some paper abstracts may not describe a screen of chemicals versus a protein. Please return the following information in JSON format exactly as specified below.

paper_type:
- screening (boolean): true if the paper describes any sort of screen against a protein target. False if the paper does not describe a chemical screen.
- known (boolean): True if the paper describes starting from a previously identified or reported drug, lead compound, or hit. False if the paper uses a screening technique, as defined below, in order to find the compound of interest discussed in the abstract.
screens:
- fragment (boolean): true if the paper describes testing fragment-sized molecules against a protein target to find ligands, using techniques such as NMR, X-ray crystallography, or biophysical assays. Virtual screening of fragments is excluded from this category. False if the paper does not describe a fragment screen.
- Undirected (boolean): true if the paper describes testing a real-world library of molecules against a protein target to find ligands, using high-throughput plate-based biophysical assays. Screening of fragment-sized molecules is excluded from this category. False if the paper does not describe screening a real-world collection of molecules.
- directed (boolean): false in all cases. This field is a temporary placeholder.
- virtual (boolean): true if the paper describes using virtual screening techniques to identify ligands binding a protein target, using techniques such as structure-based docking or ligand-based molecular similarity. False if the paper does not describe the use of virtual screening methods.
- del (boolean): true if the paper describes testing a DNA-encoded library of molecules (sometimes referred to as a DEL) against a protein target to find ligands. False if the paper does not describe a DEL screen.

{
  "paper_type": {
    "screening": [true/false]
    "known": [true/false]
  },
  "screens": {
    "fragment": [true/false],
    "undirected": [true/false],
    "directed": [true/false],
    "virtual": [true/false],
    "del": [true/false]
  }
}

Your response as a JSON-formatted string is:
{
  "paper_type": {
    "screening": true,
    "known": true
  },
  "screens": {
    "fragment": false,
    "undirected": true,
    "directed": false,
    "virtual": false,
    "del": false
  }
}

A new enhancer of zeste homolog 2 (EZH2) inhibitor series comprising a substituted phenyl ring joined to a dimethylpyridone moiety via an amide linkage has been designed. A preferential amide torsion that improved the binding properties of the compounds was identified for this series via computational analysis. Cyclization of the amide linker resulted in a six-membered lactam analogue, compound 18. This transformation significantly improved the ligand efficiency/potency of the cyclized compound relative to its acyclic analogue. Additional optimization of the lactam-containing EZH2 inhibitors focused on lipophilic efficiency (LipE) improvement, which provided compound 31. Compound 31 displayed improved LipE and on-target potency in both biochemical and cellular readouts relative to compound 18. Inhibitor 31 also displayed robust in vivo antitumor growth activity and dose-dependent de-repression of EZH2 target genes.
Analyze the research paper abstract included in the above paragraph(s). Determine whether it discusses an initial screen of chemicals against a protein target. Some paper abstracts may not describe a screen of chemicals versus a protein. Please return the following information in JSON format exactly as specified below.

paper_type:
- screening (boolean): true if the paper describes any sort of screen against a protein target. False if the paper does not describe a chemical screen.
- known (boolean): True if the paper describes starting from a previously identified or reported drug, lead compound, or hit. False if the paper uses a screening technique, as defined below, in order to find the compound of interest discussed in the abstract.
screens:
- fragment (boolean): true if the paper describes testing fragment-sized molecules against a protein target to find ligands, using techniques such as NMR, X-ray crystallography, or biophysical assays. Virtual screening of fragments is excluded from this category. False if the paper does not describe a fragment screen.
- Undirected (boolean): true if the paper describes testing a real-world library of molecules against a protein target to find ligands, using high-throughput plate-based biophysical assays. Screening of fragment-sized molecules is excluded from this category. False if the paper does not describe screening a real-world collection of molecules.
- directed (boolean): false in all cases. This field is a temporary placeholder.
- virtual (boolean): true if the paper describes using virtual screening techniques to identify ligands binding a protein target, using techniques such as structure-based docking or ligand-based molecular similarity. False if the paper does not describe the use of virtual screening methods.
- del (boolean): true if the paper describes testing a DNA-encoded library of molecules (sometimes referred to as a DEL) against a protein target to find ligands. False if the paper does not describe a DEL screen.

{
  "paper_type": {
    "screening": [true/false]
    "known": [true/false]
  },
  "screens": {
    "fragment": [true/false],
    "undirected": [true/false],
    "directed": [true/false],
    "virtual": [true/false],
    "del": [true/false]
  }
}

Your response as a JSON-formatted string is:
{
  "paper_type": {
    "screening": true,
    "known": false
  },
  "screens": {
    "fragment": false,
    "undirected": true,
    "directed": false,
    "virtual": false,
    "del": false
  }
}

Polycomb repressive complex 2 (PRC2) has been shown to play a major role in transcriptional silencing in part by installing methylation marks on lysine 27 of histone 3. Dysregulation of PRC2 function correlates with certain malignancies and poor prognosis. EZH2 is the catalytic engine of the PRC2 complex and thus represents a key candidate oncology target for pharmacological intervention. Here we report the optimization of our indole-based EZH2 inhibitor series that led to the identification of CPI-1205, a highly potent (biochemical IC = 0.002 μM, cellular EC = 0.032 μM) and selective inhibitor of EZH2. This compound demonstrates robust antitumor effects in a Karpas-422 xenograft model when dosed at 160 mg/kg BID and is currently in Phase I clinical trials. Additionally, we disclose the co-crystal structure of our inhibitor series bound to the human PRC2 complex.
Analyze the research paper abstract included in the above paragraph(s). Determine whether it discusses an initial screen of chemicals against a protein target. Some paper abstracts may not describe a screen of chemicals versus a protein. Please return the following information in JSON format exactly as specified below.

paper_type:
- screening (boolean): true if the paper describes any sort of screen against a protein target. False if the paper does not describe a chemical screen.
- known (boolean): True if the paper describes starting from a previously identified or reported drug, lead compound, or hit. False if the paper uses a screening technique, as defined below, in order to find the compound of interest discussed in the abstract.
screens:
- fragment (boolean): true if the paper describes testing fragment-sized molecules against a protein target to find ligands, using techniques such as NMR, X-ray crystallography, or biophysical assays. Virtual screening of fragments is excluded from this category. False if the paper does not describe a fragment screen.
- Undirected (boolean): true if the paper describes testing a real-world library of molecules against a protein target to find ligands, using high-throughput plate-based biophysical assays. Screening of fragment-sized molecules is excluded from this category. False if the paper does not describe screening a real-world collection of molecules.
- directed (boolean): false in all cases. This field is a temporary placeholder.
- virtual (boolean): true if the paper describes using virtual screening techniques to identify ligands binding a protein target, using techniques such as structure-based docking or ligand-based molecular similarity. False if the paper does not describe the use of virtual screening methods.
- del (boolean): true if the paper describes testing a DNA-encoded library of molecules (sometimes referred to as a DEL) against a protein target to find ligands. False if the paper does not describe a DEL screen.

{
  "paper_type": {
    "screening": [true/false]
    "known": [true/false]
  },
  "screens": {
    "fragment": [true/false],
    "undirected": [true/false],
    "directed": [true/false],
    "virtual": [true/false],
    "del": [true/false]
  }
}

Your response as a JSON-formatted string is:
{
  "paper_type": {
    "screening": true,
    "known": false
  },
  "screens": {
    "fragment": false,
    "undirected": true,
    "directed": false,
    "virtual": false,
    "del": false
  }
}

The discovery and optimization of a series of small molecule EZH2 inhibitors is described. Starting from dimethylpyridone HTS hit (2), a series of indole-based EZH2 inhibitors were identified. Biochemical potency and microsomal stability were optimized during these studies and afforded compound 22. This compound demonstrates nanomolar levels of biochemical potency (IC50=0.002 μM), cellular potency (EC50=0.080 μM), and afforded tumor regression when dosed (200 mpk SC BID) in an EZH2 dependent tumor xenograft model.
Analyze the research paper abstract included in the above paragraph(s). Determine whether it discusses an initial screen of chemicals against a protein target. Some paper abstracts may not describe a screen of chemicals versus a protein. Please return the following information in JSON format exactly as specified below.

paper_type:
- screening (boolean): true if the paper describes any sort of screen against a protein target. False if the paper does not describe a chemical screen.
- known (boolean): True if the paper describes starting from a previously identified or reported drug, lead compound, or hit. False if the paper uses a screening technique, as defined below, in order to find the compound of interest discussed in the abstract.
screens:
- fragment (boolean): true if the paper describes testing fragment-sized molecules against a protein target to find ligands, using techniques such as NMR, X-ray crystallography, or biophysical assays. Virtual screening of fragments is excluded from this category. False if the paper does not describe a fragment screen.
- Undirected (boolean): true if the paper describes testing a real-world library of molecules against a protein target to find ligands, using high-throughput plate-based biophysical assays. Screening of fragment-sized molecules is excluded from this category. False if the paper does not describe screening a real-world collection of molecules.
- directed (boolean): false in all cases. This field is a temporary placeholder.
- virtual (boolean): true if the paper describes using virtual screening techniques to identify ligands binding a protein target, using techniques such as structure-based docking or ligand-based molecular similarity. False if the paper does not describe the use of virtual screening methods.
- del (boolean): true if the paper describes testing a DNA-encoded library of molecules (sometimes referred to as a DEL) against a protein target to find ligands. False if the paper does not describe a DEL screen.

{
  "paper_type": {
    "screening": [true/false]
    "known": [true/false]
  },
  "screens": {
    "fragment": [true/false],
    "undirected": [true/false],
    "directed": [true/false],
    "virtual": [true/false],
    "del": [true/false]
  }
}

Your response as a JSON-formatted string is:
{
  "paper_type": {
    "screening": true,
    "known": false
  },
  "screens": {
    "fragment": false,
    "undirected": true,
    "directed": false,
    "virtual": false,
    "del": false
  }
}

Analogues structurally related to anaplastic lymphoma kinase (ALK) inhibitor 1 were optimized for metabolic stability. The results from this endeavor not only led to improved metabolic stability, pharmacokinetic parameters, and in vitro activity against clinically derived resistance mutations but also led to the incorporation of activity for focal adhesion kinase (FAK). FAK activation, via amplification and/or overexpression, is characteristic of multiple invasive solid tumors and metastasis. The discovery of the clinical stage, dual FAK/ALK inhibitor 27b, including details surrounding SAR, in vitro/in vivo pharmacology, and pharmacokinetics, is reported herein.
Analyze the research paper abstract included in the above paragraph(s). Determine whether it discusses an initial screen of chemicals against a protein target. Some paper abstracts may not describe a screen of chemicals versus a protein. Please return the following information in JSON format exactly as specified below.

paper_type:
- screening (boolean): true if the paper describes any sort of screen against a protein target. False if the paper does not describe a chemical screen.
- known (boolean): True if the paper describes starting from a previously identified or reported drug, lead compound, or hit. False if the paper uses a screening technique, as defined below, in order to find the compound of interest discussed in the abstract.
screens:
- fragment (boolean): true if the paper describes testing fragment-sized molecules against a protein target to find ligands, using techniques such as NMR, X-ray crystallography, or biophysical assays. Virtual screening of fragments is excluded from this category. False if the paper does not describe a fragment screen.
- Undirected (boolean): true if the paper describes testing a real-world library of molecules against a protein target to find ligands, using high-throughput plate-based biophysical assays. Screening of fragment-sized molecules is excluded from this category. False if the paper does not describe screening a real-world collection of molecules.
- directed (boolean): false in all cases. This field is a temporary placeholder.
- virtual (boolean): true if the paper describes using virtual screening techniques to identify ligands binding a protein target, using techniques such as structure-based docking or ligand-based molecular similarity. False if the paper does not describe the use of virtual screening methods.
- del (boolean): true if the paper describes testing a DNA-encoded library of molecules (sometimes referred to as a DEL) against a protein target to find ligands. False if the paper does not describe a DEL screen.

{
  "paper_type": {
    "screening": [true/false]
    "known": [true/false]
  },
  "screens": {
    "fragment": [true/false],
    "undirected": [true/false],
    "directed": [true/false],
    "virtual": [true/false],
    "del": [true/false]
  }
}

Your response as a JSON-formatted string is:
{
  "paper_type": {
    "screening": true,
    "known": false
  },
  "screens": {
    "fragment": false,
    "undirected": true,
    "directed": false,
    "virtual": false,
    "del": false
  }
}

In the treatment of echinoderm microtubule-associated protein-like 4 (EML4)-anaplastic lymphoma kinase positive (ALK+) non-small-cell lung cancer (NSCLC), secondary mutations within the ALK kinase domain have emerged as a major resistance mechanism to both first- and second-generation ALK inhibitors. This report describes the design and synthesis of a series of 2,4-diarylaminopyrimidine-based potent and selective ALK inhibitors culminating in identification of the investigational clinical candidate brigatinib. A unique structural feature of brigatinib is a phosphine oxide, an overlooked but novel hydrogen-bond acceptor that drives potency and selectivity in addition to favorable ADME properties. Brigatinib displayed low nanomolar IC50s against native ALK and all tested clinically relevant ALK mutants in both enzyme-based biochemical and cell-based viability assays and demonstrated efficacy in multiple ALK+ xenografts in mice, including Karpas-299 (anaplastic large-cell lymphomas [ALCL]) and H3122 (NSCLC). Brigatinib represents the most clinically advanced phosphine oxide-containing drug candidate to date and is currently being evaluated in a global phase 2 registration trial.
Analyze the research paper abstract included in the above paragraph(s). Determine whether it discusses an initial screen of chemicals against a protein target. Some paper abstracts may not describe a screen of chemicals versus a protein. Please return the following information in JSON format exactly as specified below.

paper_type:
- screening (boolean): true if the paper describes any sort of screen against a protein target. False if the paper does not describe a chemical screen.
- known (boolean): True if the paper describes starting from a previously identified or reported drug, lead compound, or hit. False if the paper uses a screening technique, as defined below, in order to find the compound of interest discussed in the abstract.
screens:
- fragment (boolean): true if the paper describes testing fragment-sized molecules against a protein target to find ligands, using techniques such as NMR, X-ray crystallography, or biophysical assays. Virtual screening of fragments is excluded from this category. False if the paper does not describe a fragment screen.
- Undirected (boolean): true if the paper describes testing a real-world library of molecules against a protein target to find ligands, using high-throughput plate-based biophysical assays. Screening of fragment-sized molecules is excluded from this category. False if the paper does not describe screening a real-world collection of molecules.
- directed (boolean): false in all cases. This field is a temporary placeholder.
- virtual (boolean): true if the paper describes using virtual screening techniques to identify ligands binding a protein target, using techniques such as structure-based docking or ligand-based molecular similarity. False if the paper does not describe the use of virtual screening methods.
- del (boolean): true if the paper describes testing a DNA-encoded library of molecules (sometimes referred to as a DEL) against a protein target to find ligands. False if the paper does not describe a DEL screen.

{
  "paper_type": {
    "screening": [true/false]
    "known": [true/false]
  },
  "screens": {
    "fragment": [true/false],
    "undirected": [true/false],
    "directed": [true/false],
    "virtual": [true/false],
    "del": [true/false]
  }
}

Your response as a JSON-formatted string is:
{
  "paper_type": {
    "screening": true,
    "known": false
  },
  "screens": {
    "fragment": false,
    "undirected": false,
    "directed": false,
    "virtual": false,
    "del": false
  }
}

Anaplastic lymphoma kinase (ALK) is a receptor tyrosine kinase responsible for the development of different tumor types. Despite the remarkable clinical activity of crizotinib (Xalkori), the first ALK inhibitor approved in 2011, the emergence of resistance mutations and of brain metastases frequently causes relapse in patients. Within our ALK drug discovery program, we identified compound 1, a novel 3-aminoindazole active on ALK in biochemical and in cellular assays. Its optimization led to compound 2 (entrectinib), a potent orally available ALK inhibitor active on ALK-dependent cell lines, efficiently penetrant the blood-brain barrier (BBB) in different animal species and highly efficacious in in vivo xenograft models. Moreover, entrectinib resulted to be strictly potent on the closely related tyrosine kinases ROS1 and TRKs recently found constitutively activated in several tumor types. Entrectinib is currently undergoing phase I/II clinical trial for the treatment of patients affected by ALK-, ROS1-, and TRK-positive tumors.
Analyze the research paper abstract included in the above paragraph(s). Determine whether it discusses an initial screen of chemicals against a protein target. Some paper abstracts may not describe a screen of chemicals versus a protein. Please return the following information in JSON format exactly as specified below.

paper_type:
- screening (boolean): true if the paper describes any sort of screen against a protein target. False if the paper does not describe a chemical screen.
- known (boolean): True if the paper describes starting from a previously identified or reported drug, lead compound, or hit. False if the paper uses a screening technique, as defined below, in order to find the compound of interest discussed in the abstract.
screens:
- fragment (boolean): true if the paper describes testing fragment-sized molecules against a protein target to find ligands, using techniques such as NMR, X-ray crystallography, or biophysical assays. Virtual screening of fragments is excluded from this category. False if the paper does not describe a fragment screen.
- Undirected (boolean): true if the paper describes testing a real-world library of molecules against a protein target to find ligands, using high-throughput plate-based biophysical assays. Screening of fragment-sized molecules is excluded from this category. False if the paper does not describe screening a real-world collection of molecules.
- directed (boolean): false in all cases. This field is a temporary placeholder.
- virtual (boolean): true if the paper describes using virtual screening techniques to identify ligands binding a protein target, using techniques such as structure-based docking or ligand-based molecular similarity. False if the paper does not describe the use of virtual screening methods.
- del (boolean): true if the paper describes testing a DNA-encoded library of molecules (sometimes referred to as a DEL) against a protein target to find ligands. False if the paper does not describe a DEL screen.

{
  "paper_type": {
    "screening": [true/false]
    "known": [true/false]
  },
  "screens": {
    "fragment": [true/false],
    "undirected": [true/false],
    "directed": [true/false],
    "virtual": [true/false],
    "del": [true/false]
  }
}

Your response as a JSON-formatted string is:
{
  "paper_type": {
    "screening": true,
    "known": false
  },
  "screens": {
    "fragment": false,
    "undirected": false,
    "directed": false,
    "virtual": false,
    "del": false
  }
}

The HGF/MET pathway is frequently activated in a variety of cancer types. Several selective small molecule inhibitors of the MET kinase are currently in clinical evaluation, in particular for NSCLC, liver, and gastric cancer patients. We report herein the discovery of a series of triazolopyridazines that are selective inhibitors of wild-type (WT) MET kinase and several clinically relevant mutants. We provide insight into their mode of binding and report unprecedented crystal structures of the Y1230H variant. A multiparametric chemical optimization approach allowed the identification of compound 12 (SAR125844) as a development candidate. In this chemical series, absence of CYP3A4 inhibition was obtained at the expense of satisfactory oral absorption. Compound 12, a promising parenteral agent for the treatment of MET-dependent cancers, promoted sustained target engagement at tolerated doses in a human xenograft tumor model. Preclinical pharmacokinetics conducted in several species were predictive for the observed pharmacokinetic behavior of 12 in cancer patients.
Analyze the research paper abstract included in the above paragraph(s). Determine whether it discusses an initial screen of chemicals against a protein target. Some paper abstracts may not describe a screen of chemicals versus a protein. Please return the following information in JSON format exactly as specified below.

paper_type:
- screening (boolean): true if the paper describes any sort of screen against a protein target. False if the paper does not describe a chemical screen.
- known (boolean): True if the paper describes starting from a previously identified or reported drug, lead compound, or hit. False if the paper uses a screening technique, as defined below, in order to find the compound of interest discussed in the abstract.
screens:
- fragment (boolean): true if the paper describes testing fragment-sized molecules against a protein target to find ligands, using techniques such as NMR, X-ray crystallography, or biophysical assays. Virtual screening of fragments is excluded from this category. False if the paper does not describe a fragment screen.
- Undirected (boolean): true if the paper describes testing a real-world library of molecules against a protein target to find ligands, using high-throughput plate-based biophysical assays. Screening of fragment-sized molecules is excluded from this category. False if the paper does not describe screening a real-world collection of molecules.
- directed (boolean): false in all cases. This field is a temporary placeholder.
- virtual (boolean): true if the paper describes using virtual screening techniques to identify ligands binding a protein target, using techniques such as structure-based docking or ligand-based molecular similarity. False if the paper does not describe the use of virtual screening methods.
- del (boolean): true if the paper describes testing a DNA-encoded library of molecules (sometimes referred to as a DEL) against a protein target to find ligands. False if the paper does not describe a DEL screen.

{
  "paper_type": {
    "screening": [true/false]
    "known": [true/false]
  },
  "screens": {
    "fragment": [true/false],
    "undirected": [true/false],
    "directed": [true/false],
    "virtual": [true/false],
    "del": [true/false]
  }
}

Your response as a JSON-formatted string is:
{
  "paper_type": {
    "screening": true,
    "known": false
  },
  "screens": {
    "fragment": false,
    "undirected": true,
    "directed": false,
    "virtual": false,
    "del": false
  }
}

Deregulation of the receptor tyrosine kinase mesenchymal epithelial transition factor (MET) has been implicated in several human cancers and is an attractive target for small molecule drug discovery. Herein, we report the discovery of compound 23 (AMG 337), which demonstrates nanomolar inhibition of MET kinase activity, desirable preclinical pharmacokinetics, significant inhibition of MET phosphorylation in mice, and robust tumor growth inhibition in a MET-dependent mouse efficacy model.
Analyze the research paper abstract included in the above paragraph(s). Determine whether it discusses an initial screen of chemicals against a protein target. Some paper abstracts may not describe a screen of chemicals versus a protein. Please return the following information in JSON format exactly as specified below.

paper_type:
- screening (boolean): true if the paper describes any sort of screen against a protein target. False if the paper does not describe a chemical screen.
- known (boolean): True if the paper describes starting from a previously identified or reported drug, lead compound, or hit. False if the paper uses a screening technique, as defined below, in order to find the compound of interest discussed in the abstract.
screens:
- fragment (boolean): true if the paper describes testing fragment-sized molecules against a protein target to find ligands, using techniques such as NMR, X-ray crystallography, or biophysical assays. Virtual screening of fragments is excluded from this category. False if the paper does not describe a fragment screen.
- Undirected (boolean): true if the paper describes testing a real-world library of molecules against a protein target to find ligands, using high-throughput plate-based biophysical assays. Screening of fragment-sized molecules is excluded from this category. False if the paper does not describe screening a real-world collection of molecules.
- directed (boolean): false in all cases. This field is a temporary placeholder.
- virtual (boolean): true if the paper describes using virtual screening techniques to identify ligands binding a protein target, using techniques such as structure-based docking or ligand-based molecular similarity. False if the paper does not describe the use of virtual screening methods.
- del (boolean): true if the paper describes testing a DNA-encoded library of molecules (sometimes referred to as a DEL) against a protein target to find ligands. False if the paper does not describe a DEL screen.

{
  "paper_type": {
    "screening": [true/false]
    "known": [true/false]
  },
  "screens": {
    "fragment": [true/false],
    "undirected": [true/false],
    "directed": [true/false],
    "virtual": [true/false],
    "del": [true/false]
  }
}

Your response as a JSON-formatted string is:
{
  "paper_type": {
    "screening": true,
    "known": false
  },
  "screens": {
    "fragment": false,
    "undirected": false,
    "directed": false,
    "virtual": false,
    "del": false
  }
}

The extracellular signal-regulated kinases ERK1/2 represent an essential node within the RAS/RAF/MEK/ERK signaling cascade that is commonly activated by oncogenic mutations in BRAF or RAS or by upstream oncogenic signaling. While targeting upstream nodes with RAF and MEK inhibitors has proven effective clinically, resistance frequently develops through reactivation of the pathway. Simultaneous targeting of multiple nodes in the pathway, such as MEK and ERK, offers the prospect of enhanced efficacy as well as reduced potential for acquired resistance. Described herein is the discovery and characterization of GDC-0994 (22), an orally bioavailable small molecule inhibitor selective for ERK kinase activity.
Analyze the research paper abstract included in the above paragraph(s). Determine whether it discusses an initial screen of chemicals against a protein target. Some paper abstracts may not describe a screen of chemicals versus a protein. Please return the following information in JSON format exactly as specified below.

paper_type:
- screening (boolean): true if the paper describes any sort of screen against a protein target. False if the paper does not describe a chemical screen.
- known (boolean): True if the paper describes starting from a previously identified or reported drug, lead compound, or hit. False if the paper uses a screening technique, as defined below, in order to find the compound of interest discussed in the abstract.
screens:
- fragment (boolean): true if the paper describes testing fragment-sized molecules against a protein target to find ligands, using techniques such as NMR, X-ray crystallography, or biophysical assays. Virtual screening of fragments is excluded from this category. False if the paper does not describe a fragment screen.
- Undirected (boolean): true if the paper describes testing a real-world library of molecules against a protein target to find ligands, using high-throughput plate-based biophysical assays. Screening of fragment-sized molecules is excluded from this category. False if the paper does not describe screening a real-world collection of molecules.
- directed (boolean): false in all cases. This field is a temporary placeholder.
- virtual (boolean): true if the paper describes using virtual screening techniques to identify ligands binding a protein target, using techniques such as structure-based docking or ligand-based molecular similarity. False if the paper does not describe the use of virtual screening methods.
- del (boolean): true if the paper describes testing a DNA-encoded library of molecules (sometimes referred to as a DEL) against a protein target to find ligands. False if the paper does not describe a DEL screen.

{
  "paper_type": {
    "screening": [true/false]
    "known": [true/false]
  },
  "screens": {
    "fragment": [true/false],
    "undirected": [true/false],
    "directed": [true/false],
    "virtual": [true/false],
    "del": [true/false]
  }
}

Your response as a JSON-formatted string is:
{
  "paper_type": {
    "screening": true,
    "known": false
  },
  "screens": {
    "fragment": false,
    "undirected": false,
    "directed": false,
    "virtual": false,
    "del": false
  }
}

We discovered and developed a novel series of tetrahydropyridophthlazinones as poly(ADP-ribose) polymerase (PARP) 1 and 2 inhibitors. Lead optimization led to the identification of (8S,9R)-47 (talazoparib; BMN 673; (8S,9R)-5-fluoro-8-(4-fluorophenyl)-9-(1-methyl-1H-1,2,4-triazol-5-yl)-2,7,8,9-tetrahydro-3H-pyrido[4,3,2-de]phthalazin-3-one). The novel stereospecific dual chiral-center-embedded structure of this compound has enabled extensive and unique binding interactions with PARP1/2 proteins. (8S,9R)-47 demonstrates excellent potency, inhibiting PARP1 and PARP2 enzyme activity with Ki = 1.2 and 0.87 nM, respectively. It inhibits PARP-mediated PARylation in a whole-cell assay with an EC50 of 2.51 nM and prevents proliferation of cancer cells carrying mutant BRCA1/2, with EC50 = 0.3 nM (MX-1) and 5 nM (Capan-1), respectively. (8S,9R)-47 is orally available, displaying favorable pharmacokinetic (PK) properties and remarkable antitumor efficacy in the BRCA1 mutant MX-1 breast cancer xenograft model following oral administration as a single-agent or in combination with chemotherapy agents such as temozolomide and cisplatin. (8S,9R)-47 has completed phase 1 clinical trial and is currently being studied in phase 2 and 3 clinical trials for the treatment of locally advanced and/or metastatic breast cancer with germline BRCA1/2 deleterious mutations.
Analyze the research paper abstract included in the above paragraph(s). Determine whether it discusses an initial screen of chemicals against a protein target. Some paper abstracts may not describe a screen of chemicals versus a protein. Please return the following information in JSON format exactly as specified below.

paper_type:
- screening (boolean): true if the paper describes any sort of screen against a protein target. False if the paper does not describe a chemical screen.
- known (boolean): True if the paper describes starting from a previously identified or reported drug, lead compound, or hit. False if the paper uses a screening technique, as defined below, in order to find the compound of interest discussed in the abstract.
screens:
- fragment (boolean): true if the paper describes testing fragment-sized molecules against a protein target to find ligands, using techniques such as NMR, X-ray crystallography, or biophysical assays. Virtual screening of fragments is excluded from this category. False if the paper does not describe a fragment screen.
- Undirected (boolean): true if the paper describes testing a real-world library of molecules against a protein target to find ligands, using high-throughput plate-based biophysical assays. Screening of fragment-sized molecules is excluded from this category. False if the paper does not describe screening a real-world collection of molecules.
- directed (boolean): false in all cases. This field is a temporary placeholder.
- virtual (boolean): true if the paper describes using virtual screening techniques to identify ligands binding a protein target, using techniques such as structure-based docking or ligand-based molecular similarity. False if the paper does not describe the use of virtual screening methods.
- del (boolean): true if the paper describes testing a DNA-encoded library of molecules (sometimes referred to as a DEL) against a protein target to find ligands. False if the paper does not describe a DEL screen.

{
  "paper_type": {
    "screening": [true/false]
    "known": [true/false]
  },
  "screens": {
    "fragment": [true/false],
    "undirected": [true/false],
    "directed": [true/false],
    "virtual": [true/false],
    "del": [true/false]
  }
}

Your response as a JSON-formatted string is:
{
  "paper_type": {
    "screening": true,
    "known": false
  },
  "screens": {
    "fragment": false,
    "undirected": false,
    "directed": false,
    "virtual": false,
    "del": false
  }
}

The discovery of vibegron, a potent and selective human β3-AR agonist for the treatment of overactive bladder (OAB), is described. An early-generation clinical β3-AR agonist MK-0634 (3) exhibited efficacy in humans for the treatment of OAB, but development was discontinued due to unacceptable structure-based toxicity in preclinical species. Optimization of a series of second-generation pyrrolidine-derived β3-AR agonists included reducing the risk for phospholipidosis, the risk of formation of disproportionate human metabolites, and the risk of formation of high levels of circulating metabolites in preclinical species. These efforts resulted in the discovery of vibegron, which possesses improved druglike properties and an overall superior preclinical profile compared to MK-0634. Structure-activity relationships leading to the discovery of vibegron and a summary of its preclinical profile are described.
Analyze the research paper abstract included in the above paragraph(s). Determine whether it discusses an initial screen of chemicals against a protein target. Some paper abstracts may not describe a screen of chemicals versus a protein. Please return the following information in JSON format exactly as specified below.

paper_type:
- screening (boolean): true if the paper describes any sort of screen against a protein target. False if the paper does not describe a chemical screen.
- known (boolean): True if the paper describes starting from a previously identified or reported drug, lead compound, or hit. False if the paper uses a screening technique, as defined below, in order to find the compound of interest discussed in the abstract.
screens:
- fragment (boolean): true if the paper describes testing fragment-sized molecules against a protein target to find ligands, using techniques such as NMR, X-ray crystallography, or biophysical assays. Virtual screening of fragments is excluded from this category. False if the paper does not describe a fragment screen.
- Undirected (boolean): true if the paper describes testing a real-world library of molecules against a protein target to find ligands, using high-throughput plate-based biophysical assays. Screening of fragment-sized molecules is excluded from this category. False if the paper does not describe screening a real-world collection of molecules.
- directed (boolean): false in all cases. This field is a temporary placeholder.
- virtual (boolean): true if the paper describes using virtual screening techniques to identify ligands binding a protein target, using techniques such as structure-based docking or ligand-based molecular similarity. False if the paper does not describe the use of virtual screening methods.
- del (boolean): true if the paper describes testing a DNA-encoded library of molecules (sometimes referred to as a DEL) against a protein target to find ligands. False if the paper does not describe a DEL screen.

{
  "paper_type": {
    "screening": [true/false]
    "known": [true/false]
  },
  "screens": {
    "fragment": [true/false],
    "undirected": [true/false],
    "directed": [true/false],
    "virtual": [true/false],
    "del": [true/false]
  }
}

Your response as a JSON-formatted string is:
{
  "paper_type": {
    "screening": true,
    "known": false
  },
  "screens": {
    "fragment": false,
    "undirected": false,
    "directed": false,
    "virtual": false,
    "del": false
  }
}

A novel structural class of iminopyridine derivative 1 was identified as a potent and selective human α1D adrenoceptor (α1D adrenergic receptor; α1D-AR) antagonist against α1A- and α1B-AR through screening of an in-house compound library. From initial structure-activity relationship studies, we found lead compound 9m with hERG K(+) channel liability. To develop analogues with reduced hERG K(+) channel inhibition, a combination of site-directed mutagenesis and docking studies was employed. Further optimization led to the discovery of (R)-9s and 9u, which showed antagonistic activity by a bladder strip test in rats with bladder outlet obstruction, as well as ameliorated cystitis-induced urinary frequency in rats. Ultimately, 9u was selected as a clinical candidate. This is the first study to show the utility of iminopyridine derivatives as selective α1D-AR antagonists and evaluate their effects in vivo.
Analyze the research paper abstract included in the above paragraph(s). Determine whether it discusses an initial screen of chemicals against a protein target. Some paper abstracts may not describe a screen of chemicals versus a protein. Please return the following information in JSON format exactly as specified below.

paper_type:
- screening (boolean): true if the paper describes any sort of screen against a protein target. False if the paper does not describe a chemical screen.
- known (boolean): True if the paper describes starting from a previously identified or reported drug, lead compound, or hit. False if the paper uses a screening technique, as defined below, in order to find the compound of interest discussed in the abstract.
screens:
- fragment (boolean): true if the paper describes testing fragment-sized molecules against a protein target to find ligands, using techniques such as NMR, X-ray crystallography, or biophysical assays. Virtual screening of fragments is excluded from this category. False if the paper does not describe a fragment screen.
- Undirected (boolean): true if the paper describes testing a real-world library of molecules against a protein target to find ligands, using high-throughput plate-based biophysical assays. Screening of fragment-sized molecules is excluded from this category. False if the paper does not describe screening a real-world collection of molecules.
- directed (boolean): false in all cases. This field is a temporary placeholder.
- virtual (boolean): true if the paper describes using virtual screening techniques to identify ligands binding a protein target, using techniques such as structure-based docking or ligand-based molecular similarity. False if the paper does not describe the use of virtual screening methods.
- del (boolean): true if the paper describes testing a DNA-encoded library of molecules (sometimes referred to as a DEL) against a protein target to find ligands. False if the paper does not describe a DEL screen.

{
  "paper_type": {
    "screening": [true/false]
    "known": [true/false]
  },
  "screens": {
    "fragment": [true/false],
    "undirected": [true/false],
    "directed": [true/false],
    "virtual": [true/false],
    "del": [true/false]
  }
}

Your response as a JSON-formatted string is:
{
  "paper_type": {
    "screening": true,
    "known": false
  },
  "screens": {
    "fragment": false,
    "undirected": true,
    "directed": false,
    "virtual": false,
    "del": false
  }
}

The farnesoid X receptor (FXR) is a nuclear receptor that acts as a master regulator of bile acid metabolism and signaling. Activation of FXR inhibits bile acid synthesis and increases bile acid conjugation, transport, and excretion, thereby protecting the liver from the harmful effects of bile accumulation, leading to considerable interest in FXR as a therapeutic target for the treatment of cholestasis and nonalcoholic steatohepatitis. We identified a novel series of highly potent non-bile acid FXR agonists that introduce a bicyclic nortropine-substituted benzothiazole carboxylic acid moiety onto a trisubstituted isoxazole scaffold. Herein, we report the discovery of 1 (tropifexor, LJN452), a novel and highly potent agonist of FXR. Potent in vivo activity was demonstrated in rodent PD models by measuring the induction of FXR target genes in various tissues. Tropifexor has advanced into phase 2 human clinical trials in patients with NASH and PBC.
Analyze the research paper abstract included in the above paragraph(s). Determine whether it discusses an initial screen of chemicals against a protein target. Some paper abstracts may not describe a screen of chemicals versus a protein. Please return the following information in JSON format exactly as specified below.

paper_type:
- screening (boolean): true if the paper describes any sort of screen against a protein target. False if the paper does not describe a chemical screen.
- known (boolean): True if the paper describes starting from a previously identified or reported drug, lead compound, or hit. False if the paper uses a screening technique, as defined below, in order to find the compound of interest discussed in the abstract.
screens:
- fragment (boolean): true if the paper describes testing fragment-sized molecules against a protein target to find ligands, using techniques such as NMR, X-ray crystallography, or biophysical assays. Virtual screening of fragments is excluded from this category. False if the paper does not describe a fragment screen.
- Undirected (boolean): true if the paper describes testing a real-world library of molecules against a protein target to find ligands, using high-throughput plate-based biophysical assays. Screening of fragment-sized molecules is excluded from this category. False if the paper does not describe screening a real-world collection of molecules.
- directed (boolean): false in all cases. This field is a temporary placeholder.
- virtual (boolean): true if the paper describes using virtual screening techniques to identify ligands binding a protein target, using techniques such as structure-based docking or ligand-based molecular similarity. False if the paper does not describe the use of virtual screening methods.
- del (boolean): true if the paper describes testing a DNA-encoded library of molecules (sometimes referred to as a DEL) against a protein target to find ligands. False if the paper does not describe a DEL screen.

{
  "paper_type": {
    "screening": [true/false]
    "known": [true/false]
  },
  "screens": {
    "fragment": [true/false],
    "undirected": [true/false],
    "directed": [true/false],
    "virtual": [true/false],
    "del": [true/false]
  }
}

Your response as a JSON-formatted string is:
{
  "paper_type": {
    "screening": true,
    "known": false
  },
  "screens": {
    "fragment": false,
    "undirected": true,
    "directed": false,
    "virtual": false,
    "del": false
  }
}

The farnesoid X receptor (FXR) is a member of the "metabolic" subfamily of nuclear receptors. Several FXR agonists have been reported in the literature to have profound effects on plasma lipids in animal models. To discover novel and effective therapies for dyslipidemia and atherosclerosis, we have developed a series of potent FXR agonists that robustly lower plasma LDL and vLDL in LDLr-/- mice. To this end the novel piperidinylisoxazole system LY2562175 was discovered. This molecule is a potent and selective FXR agonist in vitro and has robust lipid modulating properties, lowering LDL and triglycerides while raising HDL in preclinical species. The preclinical ADME properties of LY2562175 were consistent with enabling once daily dosing in humans, and it was ultimately advanced to the clinic for evaluation in humans. The synthesis and biological profile of this molecule is discussed.
Analyze the research paper abstract included in the above paragraph(s). Determine whether it discusses an initial screen of chemicals against a protein target. Some paper abstracts may not describe a screen of chemicals versus a protein. Please return the following information in JSON format exactly as specified below.

paper_type:
- screening (boolean): true if the paper describes any sort of screen against a protein target. False if the paper does not describe a chemical screen.
- known (boolean): True if the paper describes starting from a previously identified or reported drug, lead compound, or hit. False if the paper uses a screening technique, as defined below, in order to find the compound of interest discussed in the abstract.
screens:
- fragment (boolean): true if the paper describes testing fragment-sized molecules against a protein target to find ligands, using techniques such as NMR, X-ray crystallography, or biophysical assays. Virtual screening of fragments is excluded from this category. False if the paper does not describe a fragment screen.
- Undirected (boolean): true if the paper describes testing a real-world library of molecules against a protein target to find ligands, using high-throughput plate-based biophysical assays. Screening of fragment-sized molecules is excluded from this category. False if the paper does not describe screening a real-world collection of molecules.
- directed (boolean): false in all cases. This field is a temporary placeholder.
- virtual (boolean): true if the paper describes using virtual screening techniques to identify ligands binding a protein target, using techniques such as structure-based docking or ligand-based molecular similarity. False if the paper does not describe the use of virtual screening methods.
- del (boolean): true if the paper describes testing a DNA-encoded library of molecules (sometimes referred to as a DEL) against a protein target to find ligands. False if the paper does not describe a DEL screen.

{
  "paper_type": {
    "screening": [true/false]
    "known": [true/false]
  },
  "screens": {
    "fragment": [true/false],
    "undirected": [true/false],
    "directed": [true/false],
    "virtual": [true/false],
    "del": [true/false]
  }
}

Your response as a JSON-formatted string is:
{
  "paper_type": {
    "screening": true,
    "known": false
  },
  "screens": {
    "fragment": false,
    "undirected": true,
    "directed": false,
    "virtual": false,
    "del": false
  }
}

BMS-816336 (6n-2), a hydroxy-substituted adamantyl acetamide, has been identified as a novel, potent inhibitor against human 11β-hydroxysteroid dehydrogenase type 1 (11β-HSD1) enzyme (IC50 3.0 nM) with >10000-fold selectivity over human 11β-hydroxysteroid dehydrogenase type 2 (11β-HSD2). 6n-2 exhibits a robust acute pharmacodynamic effect in cynomolgus monkeys (ED50 0.12 mg/kg) and in DIO mice. It is orally bioavailable (%F ranges from 20 to 72% in preclinical species) and has a predicted pharmacokinetic profile of a high peak to trough ratio and short half-life in humans. This ADME profile met our selection criteria for once daily administration, targeting robust inhibition of 11β-HSD1 enzyme for the first 12 h period after dosing followed by an "inhibition holiday" so that the potential for hypothalamic-pituitary-adrenal (HPA) axis activation might be mitigated. 6n-2 was found to be well-tolerated in phase 1 clinical studies and represents a potential new treatment for type 2 diabetes, metabolic syndrome, and other human diseases modulated by glucocorticoid control.
Analyze the research paper abstract included in the above paragraph(s). Determine whether it discusses an initial screen of chemicals against a protein target. Some paper abstracts may not describe a screen of chemicals versus a protein. Please return the following information in JSON format exactly as specified below.

paper_type:
- screening (boolean): true if the paper describes any sort of screen against a protein target. False if the paper does not describe a chemical screen.
- known (boolean): True if the paper describes starting from a previously identified or reported drug, lead compound, or hit. False if the paper uses a screening technique, as defined below, in order to find the compound of interest discussed in the abstract.
screens:
- fragment (boolean): true if the paper describes testing fragment-sized molecules against a protein target to find ligands, using techniques such as NMR, X-ray crystallography, or biophysical assays. Virtual screening of fragments is excluded from this category. False if the paper does not describe a fragment screen.
- Undirected (boolean): true if the paper describes testing a real-world library of molecules against a protein target to find ligands, using high-throughput plate-based biophysical assays. Screening of fragment-sized molecules is excluded from this category. False if the paper does not describe screening a real-world collection of molecules.
- directed (boolean): false in all cases. This field is a temporary placeholder.
- virtual (boolean): true if the paper describes using virtual screening techniques to identify ligands binding a protein target, using techniques such as structure-based docking or ligand-based molecular similarity. False if the paper does not describe the use of virtual screening methods.
- del (boolean): true if the paper describes testing a DNA-encoded library of molecules (sometimes referred to as a DEL) against a protein target to find ligands. False if the paper does not describe a DEL screen.

{
  "paper_type": {
    "screening": [true/false]
    "known": [true/false]
  },
  "screens": {
    "fragment": [true/false],
    "undirected": [true/false],
    "directed": [true/false],
    "virtual": [true/false],
    "del": [true/false]
  }
}

Your response as a JSON-formatted string is:
{
  "paper_type": {
    "screening": true,
    "known": false
  },
  "screens": {
    "fragment": false,
    "undirected": true,
    "directed": false,
    "virtual": false,
    "del": false
  }
}

As a part of our program to identify potent GPR40 agonists capable of being dosed orally once daily in humans, we incorporated fused heterocycles into our recently disclosed spiropiperidine and tetrahydroquinoline acid derivatives 1, 2, and 3 with the intention of lowering clearance and improving the maximum absorbable dose (Dabs). Hypothesis-driven structural modifications focused on moving away from the zwitterion-like structure. and mitigating the N-dealkylation and O-dealkylation issues led to triazolopyridine acid derivatives with unique pharmacology and superior pharmacokinetic properties. Compound 4 (LY3104607) demonstrated functional potency and glucose-dependent insulin secretion (GDIS) in primary islets from rats. Potent, efficacious, and durable dose-dependent reductions in glucose levels were seen during glucose tolerance test (GTT) studies. Low clearance, volume of distribution, and high oral bioavailability were observed in all species. The combination of enhanced pharmacology and pharmacokinetic properties supported further development of this compound as a potential glucose-lowering drug candidate.
Analyze the research paper abstract included in the above paragraph(s). Determine whether it discusses an initial screen of chemicals against a protein target. Some paper abstracts may not describe a screen of chemicals versus a protein. Please return the following information in JSON format exactly as specified below.

paper_type:
- screening (boolean): true if the paper describes any sort of screen against a protein target. False if the paper does not describe a chemical screen.
- known (boolean): True if the paper describes starting from a previously identified or reported drug, lead compound, or hit. False if the paper uses a screening technique, as defined below, in order to find the compound of interest discussed in the abstract.
screens:
- fragment (boolean): true if the paper describes testing fragment-sized molecules against a protein target to find ligands, using techniques such as NMR, X-ray crystallography, or biophysical assays. Virtual screening of fragments is excluded from this category. False if the paper does not describe a fragment screen.
- Undirected (boolean): true if the paper describes testing a real-world library of molecules against a protein target to find ligands, using high-throughput plate-based biophysical assays. Screening of fragment-sized molecules is excluded from this category. False if the paper does not describe screening a real-world collection of molecules.
- directed (boolean): false in all cases. This field is a temporary placeholder.
- virtual (boolean): true if the paper describes using virtual screening techniques to identify ligands binding a protein target, using techniques such as structure-based docking or ligand-based molecular similarity. False if the paper does not describe the use of virtual screening methods.
- del (boolean): true if the paper describes testing a DNA-encoded library of molecules (sometimes referred to as a DEL) against a protein target to find ligands. False if the paper does not describe a DEL screen.

{
  "paper_type": {
    "screening": [true/false]
    "known": [true/false]
  },
  "screens": {
    "fragment": [true/false],
    "undirected": [true/false],
    "directed": [true/false],
    "virtual": [true/false],
    "del": [true/false]
  }
}

Your response as a JSON-formatted string is:
{
  "paper_type": {
    "screening": true,
    "known": false
  },
  "screens": {
    "fragment": false,
    "undirected": false,
    "directed": false,
    "virtual": false,
    "del": false
  }
}

The G protein-coupled receptor 40 (GPR40) also known as free fatty acid receptor 1 (FFAR1) is highly expressed in pancreatic, islet β-cells and responds to endogenous fatty acids, resulting in amplification of insulin secretion only in the presence of elevated glucose levels. Hypothesis driven structural modifications to endogenous FFAs, focused on breaking planarity and reducing lipophilicity, led to the identification of spiropiperidine and tetrahydroquinoline acid derivatives as GPR40 agonists with unique pharmacology, selectivity, and pharmacokinetic properties. Compounds 1 (LY2881835), 2 (LY2922083), and 3 (LY2922470) demonstrated potent, efficacious, and durable dose-dependent reductions in glucose levels along with significant increases in insulin and GLP-1 secretion during preclinical testing. A clinical study with 3 administered to subjects with T2DM provided proof of concept of 3 as a potential glucose-lowering therapy. This manuscript summarizes the scientific rationale, medicinal chemistry, preclinical, and early development data of this new class of GPR40 agonists.
Analyze the research paper abstract included in the above paragraph(s). Determine whether it discusses an initial screen of chemicals against a protein target. Some paper abstracts may not describe a screen of chemicals versus a protein. Please return the following information in JSON format exactly as specified below.

paper_type:
- screening (boolean): true if the paper describes any sort of screen against a protein target. False if the paper does not describe a chemical screen.
- known (boolean): True if the paper describes starting from a previously identified or reported drug, lead compound, or hit. False if the paper uses a screening technique, as defined below, in order to find the compound of interest discussed in the abstract.
screens:
- fragment (boolean): true if the paper describes testing fragment-sized molecules against a protein target to find ligands, using techniques such as NMR, X-ray crystallography, or biophysical assays. Virtual screening of fragments is excluded from this category. False if the paper does not describe a fragment screen.
- Undirected (boolean): true if the paper describes testing a real-world library of molecules against a protein target to find ligands, using high-throughput plate-based biophysical assays. Screening of fragment-sized molecules is excluded from this category. False if the paper does not describe screening a real-world collection of molecules.
- directed (boolean): false in all cases. This field is a temporary placeholder.
- virtual (boolean): true if the paper describes using virtual screening techniques to identify ligands binding a protein target, using techniques such as structure-based docking or ligand-based molecular similarity. False if the paper does not describe the use of virtual screening methods.
- del (boolean): true if the paper describes testing a DNA-encoded library of molecules (sometimes referred to as a DEL) against a protein target to find ligands. False if the paper does not describe a DEL screen.

{
  "paper_type": {
    "screening": [true/false]
    "known": [true/false]
  },
  "screens": {
    "fragment": [true/false],
    "undirected": [true/false],
    "directed": [true/false],
    "virtual": [true/false],
    "del": [true/false]
  }
}

Your response as a JSON-formatted string is:
{
  "paper_type": {
    "screening": true,
    "known": false
  },
  "screens": {
    "fragment": false,
    "undirected": false,
    "directed": false,
    "virtual": false,
    "del": false
  }
}

Factor XIa (FXIa) is a blood coagulation enzyme that is involved in the amplification of thrombin generation. Mounting evidence suggests that direct inhibition of FXIa can block pathologic thrombus formation while preserving normal hemostasis. Preclinical studies using a variety of approaches to reduce FXIa activity, including direct inhibitors of FXIa, have demonstrated good antithrombotic efficacy without increasing bleeding. On the basis of this potential, we targeted our efforts at identifying potent inhibitors of FXIa with a focus on discovering an acute antithrombotic agent for use in a hospital setting. Herein we describe the discovery of a potent FXIa clinical candidate, 55 (FXIa Ki = 0.7 nM), with excellent preclinical efficacy in thrombosis models and aqueous solubility suitable for intravenous administration. BMS-962212 is a reversible, direct, and highly selective small molecule inhibitor of FXIa.
Analyze the research paper abstract included in the above paragraph(s). Determine whether it discusses an initial screen of chemicals against a protein target. Some paper abstracts may not describe a screen of chemicals versus a protein. Please return the following information in JSON format exactly as specified below.

paper_type:
- screening (boolean): true if the paper describes any sort of screen against a protein target. False if the paper does not describe a chemical screen.
- known (boolean): True if the paper describes starting from a previously identified or reported drug, lead compound, or hit. False if the paper uses a screening technique, as defined below, in order to find the compound of interest discussed in the abstract.
screens:
- fragment (boolean): true if the paper describes testing fragment-sized molecules against a protein target to find ligands, using techniques such as NMR, X-ray crystallography, or biophysical assays. Virtual screening of fragments is excluded from this category. False if the paper does not describe a fragment screen.
- Undirected (boolean): true if the paper describes testing a real-world library of molecules against a protein target to find ligands, using high-throughput plate-based biophysical assays. Screening of fragment-sized molecules is excluded from this category. False if the paper does not describe screening a real-world collection of molecules.
- directed (boolean): false in all cases. This field is a temporary placeholder.
- virtual (boolean): true if the paper describes using virtual screening techniques to identify ligands binding a protein target, using techniques such as structure-based docking or ligand-based molecular similarity. False if the paper does not describe the use of virtual screening methods.
- del (boolean): true if the paper describes testing a DNA-encoded library of molecules (sometimes referred to as a DEL) against a protein target to find ligands. False if the paper does not describe a DEL screen.

{
  "paper_type": {
    "screening": [true/false]
    "known": [true/false]
  },
  "screens": {
    "fragment": [true/false],
    "undirected": [true/false],
    "directed": [true/false],
    "virtual": [true/false],
    "del": [true/false]
  }
}

Your response as a JSON-formatted string is:
{
  "paper_type": {
    "screening": true,
    "known": false
  },
  "screens": {
    "fragment": false,
    "undirected": false,
    "directed": false,
    "virtual": false,
    "del": false
  }
}

The discovery of novel 4-hydroxy-2-(heterocyclic)pyrimidine-5-carboxamide inhibitors of hypoxia-inducible factor (HIF) prolyl hydroxylases (PHD) is described. These are potent, selective, orally bioavailable across several species, and active in stimulating erythropoiesis. Mouse and rat studies showed hematological changes with elevations of plasma EPO and circulating reticulocytes following single oral dose administration, while 4-week q.d. po administration in rat elevated hemoglobin levels. A major focus of the optimization process was to decrease the long half-life observed in higher species with early compounds. These efforts led to the identification of 28 (MK-8617), which has advanced to human clinical trials for anemia.
Analyze the research paper abstract included in the above paragraph(s). Determine whether it discusses an initial screen of chemicals against a protein target. Some paper abstracts may not describe a screen of chemicals versus a protein. Please return the following information in JSON format exactly as specified below.

paper_type:
- screening (boolean): true if the paper describes any sort of screen against a protein target. False if the paper does not describe a chemical screen.
- known (boolean): True if the paper describes starting from a previously identified or reported drug, lead compound, or hit. False if the paper uses a screening technique, as defined below, in order to find the compound of interest discussed in the abstract.
screens:
- fragment (boolean): true if the paper describes testing fragment-sized molecules against a protein target to find ligands, using techniques such as NMR, X-ray crystallography, or biophysical assays. Virtual screening of fragments is excluded from this category. False if the paper does not describe a fragment screen.
- Undirected (boolean): true if the paper describes testing a real-world library of molecules against a protein target to find ligands, using high-throughput plate-based biophysical assays. Screening of fragment-sized molecules is excluded from this category. False if the paper does not describe screening a real-world collection of molecules.
- directed (boolean): false in all cases. This field is a temporary placeholder.
- virtual (boolean): true if the paper describes using virtual screening techniques to identify ligands binding a protein target, using techniques such as structure-based docking or ligand-based molecular similarity. False if the paper does not describe the use of virtual screening methods.
- del (boolean): true if the paper describes testing a DNA-encoded library of molecules (sometimes referred to as a DEL) against a protein target to find ligands. False if the paper does not describe a DEL screen.

{
  "paper_type": {
    "screening": [true/false]
    "known": [true/false]
  },
  "screens": {
    "fragment": [true/false],
    "undirected": [true/false],
    "directed": [true/false],
    "virtual": [true/false],
    "del": [true/false]
  }
}

Your response as a JSON-formatted string is:
{
  "paper_type": {
    "screening": true,
    "known": false
  },
  "screens": {
    "fragment": false,
    "undirected": false,
    "directed": false,
    "virtual": false,
    "del": false
  }
}

Autotaxin is a circulating enzyme with a major role in the production of lysophosphatic acid (LPA) species in blood. A role for the autotaxin/LPA axis has been suggested in many disease areas including pulmonary fibrosis. Structural modifications of the known autotaxin inhibitor lead compound 1, to attenuate hERG inhibition, remove CYP3A4 time-dependent inhibition, and improve pharmacokinetic properties, led to the identification of clinical candidate GLPG1690 (11). Compound 11 was able to cause a sustained reduction of LPA levels in plasma in vivo and was shown to be efficacious in a bleomycin-induced pulmonary fibrosis model in mice and in reducing extracellular matrix deposition in the lung while also reducing LPA 18:2 content in bronchoalveolar lavage fluid. Compound 11 is currently being evaluated in an exploratory phase 2a study in idiopathic pulmonary fibrosis patients.
Analyze the research paper abstract included in the above paragraph(s). Determine whether it discusses an initial screen of chemicals against a protein target. Some paper abstracts may not describe a screen of chemicals versus a protein. Please return the following information in JSON format exactly as specified below.

paper_type:
- screening (boolean): true if the paper describes any sort of screen against a protein target. False if the paper does not describe a chemical screen.
- known (boolean): True if the paper describes starting from a previously identified or reported drug, lead compound, or hit. False if the paper uses a screening technique, as defined below, in order to find the compound of interest discussed in the abstract.
screens:
- fragment (boolean): true if the paper describes testing fragment-sized molecules against a protein target to find ligands, using techniques such as NMR, X-ray crystallography, or biophysical assays. Virtual screening of fragments is excluded from this category. False if the paper does not describe a fragment screen.
- Undirected (boolean): true if the paper describes testing a real-world library of molecules against a protein target to find ligands, using high-throughput plate-based biophysical assays. Screening of fragment-sized molecules is excluded from this category. False if the paper does not describe screening a real-world collection of molecules.
- directed (boolean): false in all cases. This field is a temporary placeholder.
- virtual (boolean): true if the paper describes using virtual screening techniques to identify ligands binding a protein target, using techniques such as structure-based docking or ligand-based molecular similarity. False if the paper does not describe the use of virtual screening methods.
- del (boolean): true if the paper describes testing a DNA-encoded library of molecules (sometimes referred to as a DEL) against a protein target to find ligands. False if the paper does not describe a DEL screen.

{
  "paper_type": {
    "screening": [true/false]
    "known": [true/false]
  },
  "screens": {
    "fragment": [true/false],
    "undirected": [true/false],
    "directed": [true/false],
    "virtual": [true/false],
    "del": [true/false]
  }
}

Your response as a JSON-formatted string is:
{
  "paper_type": {
    "screening": true,
    "known": true
  },
  "screens": {
    "fragment": false,
    "undirected": false,
    "directed": false,
    "virtual": false,
    "del": false
  }
}

A novel series of second generation DPP1 inhibitors free from aorta binding liabilities found for earlier compound series was discovered. This work culminated in the identification of compound 30 (AZD7986) as a highly potent, reversible, and selective clinical candidate for COPD, with predicted human PK properties suitable for once daily human dosing.
Analyze the research paper abstract included in the above paragraph(s). Determine whether it discusses an initial screen of chemicals against a protein target. Some paper abstracts may not describe a screen of chemicals versus a protein. Please return the following information in JSON format exactly as specified below.

paper_type:
- screening (boolean): true if the paper describes any sort of screen against a protein target. False if the paper does not describe a chemical screen.
- known (boolean): True if the paper describes starting from a previously identified or reported drug, lead compound, or hit. False if the paper uses a screening technique, as defined below, in order to find the compound of interest discussed in the abstract.
screens:
- fragment (boolean): true if the paper describes testing fragment-sized molecules against a protein target to find ligands, using techniques such as NMR, X-ray crystallography, or biophysical assays. Virtual screening of fragments is excluded from this category. False if the paper does not describe a fragment screen.
- Undirected (boolean): true if the paper describes testing a real-world library of molecules against a protein target to find ligands, using high-throughput plate-based biophysical assays. Screening of fragment-sized molecules is excluded from this category. False if the paper does not describe screening a real-world collection of molecules.
- directed (boolean): false in all cases. This field is a temporary placeholder.
- virtual (boolean): true if the paper describes using virtual screening techniques to identify ligands binding a protein target, using techniques such as structure-based docking or ligand-based molecular similarity. False if the paper does not describe the use of virtual screening methods.
- del (boolean): true if the paper describes testing a DNA-encoded library of molecules (sometimes referred to as a DEL) against a protein target to find ligands. False if the paper does not describe a DEL screen.

{
  "paper_type": {
    "screening": [true/false]
    "known": [true/false]
  },
  "screens": {
    "fragment": [true/false],
    "undirected": [true/false],
    "directed": [true/false],
    "virtual": [true/false],
    "del": [true/false]
  }
}

Your response as a JSON-formatted string is:
{
  "paper_type": {
    "screening": true,
    "known": false
  },
  "screens": {
    "fragment": false,
    "undirected": true,
    "directed": false,
    "virtual": false,
    "del": false
  }
}

Induction of IFNα in the upper airways via activation of TLR7 represents a novel immunomodulatory approach to the treatment of allergic asthma. Exploration of 8-oxoadenine derivatives bearing saturated oxygen or nitrogen heterocycles in the N-9 substituent has revealed a remarkable selective enhancement in IFNα inducing potency in the nitrogen series. Further potency enhancement was achieved with the novel (S)-pentyloxy substitution at C-2 leading to the selection of GSK2245035 (32) as an intranasal development candidate. In human cell cultures, compound 32 resulted in suppression of Th2 cytokine responses to allergens, while in vivo intranasal administration at very low doses led to local upregulation of TLR7-mediated cytokines (IP-10). Target engagement was confirmed in humans following single intranasal doses of 32 of ≥20 ng, and reproducible pharmacological response was demonstrated following repeat intranasal dosing at weekly intervals.
Analyze the research paper abstract included in the above paragraph(s). Determine whether it discusses an initial screen of chemicals against a protein target. Some paper abstracts may not describe a screen of chemicals versus a protein. Please return the following information in JSON format exactly as specified below.

paper_type:
- screening (boolean): true if the paper describes any sort of screen against a protein target. False if the paper does not describe a chemical screen.
- known (boolean): True if the paper describes starting from a previously identified or reported drug, lead compound, or hit. False if the paper uses a screening technique, as defined below, in order to find the compound of interest discussed in the abstract.
screens:
- fragment (boolean): true if the paper describes testing fragment-sized molecules against a protein target to find ligands, using techniques such as NMR, X-ray crystallography, or biophysical assays. Virtual screening of fragments is excluded from this category. False if the paper does not describe a fragment screen.
- Undirected (boolean): true if the paper describes testing a real-world library of molecules against a protein target to find ligands, using high-throughput plate-based biophysical assays. Screening of fragment-sized molecules is excluded from this category. False if the paper does not describe screening a real-world collection of molecules.
- directed (boolean): false in all cases. This field is a temporary placeholder.
- virtual (boolean): true if the paper describes using virtual screening techniques to identify ligands binding a protein target, using techniques such as structure-based docking or ligand-based molecular similarity. False if the paper does not describe the use of virtual screening methods.
- del (boolean): true if the paper describes testing a DNA-encoded library of molecules (sometimes referred to as a DEL) against a protein target to find ligands. False if the paper does not describe a DEL screen.

{
  "paper_type": {
    "screening": [true/false]
    "known": [true/false]
  },
  "screens": {
    "fragment": [true/false],
    "undirected": [true/false],
    "directed": [true/false],
    "virtual": [true/false],
    "del": [true/false]
  }
}

Your response as a JSON-formatted string is:
{
  "paper_type": {
    "screening": true,
    "known": false
  },
  "screens": {
    "fragment": false,
    "undirected": true,
    "directed": false,
    "virtual": false,
    "del": false
  }
}

Recently, we reported a novel role for KMO in the pathogenesis of acute pancreatitis (AP). A number of inhibitors of kynurenine 3-monooxygenase (KMO) have previously been described as potential treatments for neurodegenerative conditions and particularly for Huntington's disease. However, the inhibitors reported to date have insufficient aqueous solubility relative to their cellular potency to be compatible with the intravenous (iv) dosing route required in AP. We have identified and optimized a novel series of high affinity KMO inhibitors with favorable physicochemical properties. The leading example is exquisitely selective, has low clearance in two species, prevents lung and kidney damage in a rat model of acute pancreatitis, and is progressing into preclinical development.
Analyze the research paper abstract included in the above paragraph(s). Determine whether it discusses an initial screen of chemicals against a protein target. Some paper abstracts may not describe a screen of chemicals versus a protein. Please return the following information in JSON format exactly as specified below.

paper_type:
- screening (boolean): true if the paper describes any sort of screen against a protein target. False if the paper does not describe a chemical screen.
- known (boolean): True if the paper describes starting from a previously identified or reported drug, lead compound, or hit. False if the paper uses a screening technique, as defined below, in order to find the compound of interest discussed in the abstract.
screens:
- fragment (boolean): true if the paper describes testing fragment-sized molecules against a protein target to find ligands, using techniques such as NMR, X-ray crystallography, or biophysical assays. Virtual screening of fragments is excluded from this category. False if the paper does not describe a fragment screen.
- Undirected (boolean): true if the paper describes testing a real-world library of molecules against a protein target to find ligands, using high-throughput plate-based biophysical assays. Screening of fragment-sized molecules is excluded from this category. False if the paper does not describe screening a real-world collection of molecules.
- directed (boolean): false in all cases. This field is a temporary placeholder.
- virtual (boolean): true if the paper describes using virtual screening techniques to identify ligands binding a protein target, using techniques such as structure-based docking or ligand-based molecular similarity. False if the paper does not describe the use of virtual screening methods.
- del (boolean): true if the paper describes testing a DNA-encoded library of molecules (sometimes referred to as a DEL) against a protein target to find ligands. False if the paper does not describe a DEL screen.

{
  "paper_type": {
    "screening": [true/false]
    "known": [true/false]
  },
  "screens": {
    "fragment": [true/false],
    "undirected": [true/false],
    "directed": [true/false],
    "virtual": [true/false],
    "del": [true/false]
  }
}

Your response as a JSON-formatted string is:
{
  "paper_type": {
    "screening": true,
    "known": false
  },
  "screens": {
    "fragment": false,
    "undirected": false,
    "directed": false,
    "virtual": false,
    "del": false
  }
}

The abstract does not describe a screen of chemicals against a protein target. It discusses the development of a novel series of high-affinity KMO inhibitors that were identified and optimized. The paper does not describe the use of virtual screening techniques or testing fragment-sized molecules against a protein target. The paper also does not discuss the testing of a real-world library of molecules or a DNA-encoded library of molecules against a protein target.

The nonselective glucocorticoid receptor (GR) antagonist mifepristone has been approved in the U.S. for the treatment of selected patients with Cushing's syndrome. While this drug is highly effective, lack of selectivity for GR leads to unwanted side effects in some patients. Optimization of the previously described fused azadecalin series of selective GR antagonists led to the identification of CORT125134, which is currently being evaluated in a phase 2 clinical study in patients with Cushing's syndrome.
Analyze the research paper abstract included in the above paragraph(s). Determine whether it discusses an initial screen of chemicals against a protein target. Some paper abstracts may not describe a screen of chemicals versus a protein. Please return the following information in JSON format exactly as specified below.

paper_type:
- screening (boolean): true if the paper describes any sort of screen against a protein target. False if the paper does not describe a chemical screen.
- known (boolean): True if the paper describes starting from a previously identified or reported drug, lead compound, or hit. False if the paper uses a screening technique, as defined below, in order to find the compound of interest discussed in the abstract.
screens:
- fragment (boolean): true if the paper describes testing fragment-sized molecules against a protein target to find ligands, using techniques such as NMR, X-ray crystallography, or biophysical assays. Virtual screening of fragments is excluded from this category. False if the paper does not describe a fragment screen.
- Undirected (boolean): true if the paper describes testing a real-world library of molecules against a protein target to find ligands, using high-throughput plate-based biophysical assays. Screening of fragment-sized molecules is excluded from this category. False if the paper does not describe screening a real-world collection of molecules.
- directed (boolean): false in all cases. This field is a temporary placeholder.
- virtual (boolean): true if the paper describes using virtual screening techniques to identify ligands binding a protein target, using techniques such as structure-based docking or ligand-based molecular similarity. False if the paper does not describe the use of virtual screening methods.
- del (boolean): true if the paper describes testing a DNA-encoded library of molecules (sometimes referred to as a DEL) against a protein target to find ligands. False if the paper does not describe a DEL screen.

{
  "paper_type": {
    "screening": [true/false]
    "known": [true/false]
  },
  "screens": {
    "fragment": [true/false],
    "undirected": [true/false],
    "directed": [true/false],
    "virtual": [true/false],
    "del": [true/false]
  }
}

Your response as a JSON-formatted string is:
{
  "paper_type": {
    "screening": true,
    "known": false
  },
  "screens": {
    "fragment": false,
    "undirected": false,
    "directed": false,
    "virtual": false,
    "del": false
  }
}

The 2-azadecalin ring system was evaluated as a scaffold for the preparation of glucocorticoid receptor (GR) antagonists. High affinity, selective GR antagonists were discovered based on a hypothetical binding mode related to the steroidal GR antagonist RU-43044. 2-Benzenesulfonyl substituted 8a-benzyl-hexahydro-2H-isoquinolin-6-ones exemplified by (R)-37 had low nanomolar affinity for GR with moderate functional activity (200 nM) in a reporter gene assay. These compounds were devoid of affinity for other steroidal receptors (ER, AR, MR, and PR). Analogues based on an alternative putative binding mode (CP-like) were found to be inactive.
Analyze the research paper abstract included in the above paragraph(s). Determine whether it discusses an initial screen of chemicals against a protein target. Some paper abstracts may not describe a screen of chemicals versus a protein. Please return the following information in JSON format exactly as specified below.

paper_type:
- screening (boolean): true if the paper describes any sort of screen against a protein target. False if the paper does not describe a chemical screen.
- known (boolean): True if the paper describes starting from a previously identified or reported drug, lead compound, or hit. False if the paper uses a screening technique, as defined below, in order to find the compound of interest discussed in the abstract.
screens:
- fragment (boolean): true if the paper describes testing fragment-sized molecules against a protein target to find ligands, using techniques such as NMR, X-ray crystallography, or biophysical assays. Virtual screening of fragments is excluded from this category. False if the paper does not describe a fragment screen.
- Undirected (boolean): true if the paper describes testing a real-world library of molecules against a protein target to find ligands, using high-throughput plate-based biophysical assays. Screening of fragment-sized molecules is excluded from this category. False if the paper does not describe screening a real-world collection of molecules.
- directed (boolean): false in all cases. This field is a temporary placeholder.
- virtual (boolean): true if the paper describes using virtual screening techniques to identify ligands binding a protein target, using techniques such as structure-based docking or ligand-based molecular similarity. False if the paper does not describe the use of virtual screening methods.
- del (boolean): true if the paper describes testing a DNA-encoded library of molecules (sometimes referred to as a DEL) against a protein target to find ligands. False if the paper does not describe a DEL screen.

{
  "paper_type": {
    "screening": [true/false]
    "known": [true/false]
  },
  "screens": {
    "fragment": [true/false],
    "undirected": [true/false],
    "directed": [true/false],
    "virtual": [true/false],
    "del": [true/false]
  }
}

Your response as a JSON-formatted string is:
{
  "paper_type": {
    "screening": true,
    "known": false
  },
  "screens": {
    "fragment": false,
    "undirected": true,
    "directed": false,
    "virtual": false,
    "del": false
  }
}

Herein, we describe the discovery of a potent, selective, brain-penetrating, in vivo active phosphodiesterase (PDE) 2A inhibitor lead series. To identify high-quality leads suitable for optimization and enable validation of the physiological function of PDE2A in vivo, structural modifications of the high-throughput screening hit 18 were performed. Our lead generation efforts revealed three key potency-enhancing functionalities with minimal increases in molecular weight (MW) and no change in topological polar surface area (TPSA). Combining these structural elements led to the identification of 6-methyl-N-((1R)-1-(4-(trifluoromethoxy)phenyl)propyl)pyrazolo[1,5-a]pyrimidine-3-carboxamide (38a), a molecule with the desired balance of preclinical properties. Further characterization by cocrystal structure analysis of 38a bound to PDE2A uncovered a unique binding mode and provided insights into its observed potency and PDE selectivity. Compound 38a significantly elevated 3',5'-cyclic guanosine monophosphate (cGMP) levels in mouse brain following oral administration, thus validating this compound as a useful pharmacological tool and an attractive lead for future optimization.
Analyze the research paper abstract included in the above paragraph(s). Determine whether it discusses an initial screen of chemicals against a protein target. Some paper abstracts may not describe a screen of chemicals versus a protein. Please return the following information in JSON format exactly as specified below.

paper_type:
- screening (boolean): true if the paper describes any sort of screen against a protein target. False if the paper does not describe a chemical screen.
- known (boolean): True if the paper describes starting from a previously identified or reported drug, lead compound, or hit. False if the paper uses a screening technique, as defined below, in order to find the compound of interest discussed in the abstract.
screens:
- fragment (boolean): true if the paper describes testing fragment-sized molecules against a protein target to find ligands, using techniques such as NMR, X-ray crystallography, or biophysical assays. Virtual screening of fragments is excluded from this category. False if the paper does not describe a fragment screen.
- Undirected (boolean): true if the paper describes testing a real-world library of molecules against a protein target to find ligands, using high-throughput plate-based biophysical assays. Screening of fragment-sized molecules is excluded from this category. False if the paper does not describe screening a real-world collection of molecules.
- directed (boolean): false in all cases. This field is a temporary placeholder.
- virtual (boolean): true if the paper describes using virtual screening techniques to identify ligands binding a protein target, using techniques such as structure-based docking or ligand-based molecular similarity. False if the paper does not describe the use of virtual screening methods.
- del (boolean): true if the paper describes testing a DNA-encoded library of molecules (sometimes referred to as a DEL) against a protein target to find ligands. False if the paper does not describe a DEL screen.

{
  "paper_type": {
    "screening": [true/false]
    "known": [true/false]
  },
  "screens": {
    "fragment": [true/false],
    "undirected": [true/false],
    "directed": [true/false],
    "virtual": [true/false],
    "del": [true/false]
  }
}

Your response as a JSON-formatted string is:
{
  "paper_type": {
    "screening": true,
    "known": false
  },
  "screens": {
    "fragment": false,
    "undirected": true,
    "directed": false,
    "virtual": false,
    "del": false
  }
}

Phosphodiesterase (PDE) 2A inhibitors have emerged as a novel mechanism with potential therapeutic option to ameliorate cognitive dysfunction in schizophrenia or Alzheimer's disease through upregulation of cyclic nucleotides in the brain and thereby achieve potentiation of cyclic nucleotide signaling pathways. This article details the expedited optimization of our recently disclosed pyrazolo[1,5-a]pyrimidine lead compound 4b, leading to the discovery of clinical candidate 36 (TAK-915), which demonstrates an appropriate combination of potency, PDE selectivity, and favorable pharmacokinetic (PK) properties, including brain penetration. Successful identification of 36 was realized through application of structure-based drug design (SBDD) to further improve potency and PDE selectivity, coupled with prospective design focused on physicochemical properties to deliver brain penetration. Oral administration of 36 demonstrated significant elevation of 3',5'-cyclic guanosine monophosphate (cGMP) levels in mouse brains and improved cognitive performance in a novel object recognition task in rats. Consequently, compound 36 was advanced into human clinical trials.
Analyze the research paper abstract included in the above paragraph(s). Determine whether it discusses an initial screen of chemicals against a protein target. Some paper abstracts may not describe a screen of chemicals versus a protein. Please return the following information in JSON format exactly as specified below.

paper_type:
- screening (boolean): true if the paper describes any sort of screen against a protein target. False if the paper does not describe a chemical screen.
- known (boolean): True if the paper describes starting from a previously identified or reported drug, lead compound, or hit. False if the paper uses a screening technique, as defined below, in order to find the compound of interest discussed in the abstract.
screens:
- fragment (boolean): true if the paper describes testing fragment-sized molecules against a protein target to find ligands, using techniques such as NMR, X-ray crystallography, or biophysical assays. Virtual screening of fragments is excluded from this category. False if the paper does not describe a fragment screen.
- Undirected (boolean): true if the paper describes testing a real-world library of molecules against a protein target to find ligands, using high-throughput plate-based biophysical assays. Screening of fragment-sized molecules is excluded from this category. False if the paper does not describe screening a real-world collection of molecules.
- directed (boolean): false in all cases. This field is a temporary placeholder.
- virtual (boolean): true if the paper describes using virtual screening techniques to identify ligands binding a protein target, using techniques such as structure-based docking or ligand-based molecular similarity. False if the paper does not describe the use of virtual screening methods.
- del (boolean): true if the paper describes testing a DNA-encoded library of molecules (sometimes referred to as a DEL) against a protein target to find ligands. False if the paper does not describe a DEL screen.

{
  "paper_type": {
    "screening": [true/false]
    "known": [true/false]
  },
  "screens": {
    "fragment": [true/false],
    "undirected": [true/false],
    "directed": [true/false],
    "virtual": [true/false],
    "del": [true/false]
  }
}

Your response as a JSON-formatted string is:
{
  "paper_type": {
    "screening": true,
    "known": false
  },
  "screens": {
    "fragment": false,
    "undirected": false,
    "directed": false,
    "virtual": true,
    "del": false
  }
}

A diverse set of 3-aminopyrazolo[3,4-d]pyrimidinones was designed and synthesized. The structure-activity relationships of these polycyclic compounds as phosphodiesterase 1 (PDE1) inhibitors were studied along with their physicochemical and pharmacokinetic properties. Systematic optimizations of this novel scaffold culminated in the identification of a clinical candidate, (6aR,9aS)-2-(4-(6-fluoropyridin-2-yl)benzyl)-5-methyl-3-(phenylamino)-5,6a,7,8,9,9a-hexahydrocyclopenta[4,5]imidazo[1,2-a]pyrazolo[4,3-e]pyrimidin-4-(2H)-one phosphate (ITI-214), which exhibited picomolar inhibitory potency for PDE1, demonstrated excellent selectivity against all other PDE families and showed good efficacy in vivo. Currently, this investigational new drug is in Phase I clinical development and being considered for the treatment of several indications including cognitive deficits associated with schizophrenia and Alzheimer's disease, movement disorders, attention deficit and hyperactivity disorders, and other central nervous system (CNS) and non-CNS disorders.
Analyze the research paper abstract included in the above paragraph(s). Determine whether it discusses an initial screen of chemicals against a protein target. Some paper abstracts may not describe a screen of chemicals versus a protein. Please return the following information in JSON format exactly as specified below.

paper_type:
- screening (boolean): true if the paper describes any sort of screen against a protein target. False if the paper does not describe a chemical screen.
- known (boolean): True if the paper describes starting from a previously identified or reported drug, lead compound, or hit. False if the paper uses a screening technique, as defined below, in order to find the compound of interest discussed in the abstract.
screens:
- fragment (boolean): true if the paper describes testing fragment-sized molecules against a protein target to find ligands, using techniques such as NMR, X-ray crystallography, or biophysical assays. Virtual screening of fragments is excluded from this category. False if the paper does not describe a fragment screen.
- Undirected (boolean): true if the paper describes testing a real-world library of molecules against a protein target to find ligands, using high-throughput plate-based biophysical assays. Screening of fragment-sized molecules is excluded from this category. False if the paper does not describe screening a real-world collection of molecules.
- directed (boolean): false in all cases. This field is a temporary placeholder.
- virtual (boolean): true if the paper describes using virtual screening techniques to identify ligands binding a protein target, using techniques such as structure-based docking or ligand-based molecular similarity. False if the paper does not describe the use of virtual screening methods.
- del (boolean): true if the paper describes testing a DNA-encoded library of molecules (sometimes referred to as a DEL) against a protein target to find ligands. False if the paper does not describe a DEL screen.

{
  "paper_type": {
    "screening": [true/false]
    "known": [true/false]
  },
  "screens": {
    "fragment": [true/false],
    "undirected": [true/false],
    "directed": [true/false],
    "virtual": [true/false],
    "del": [true/false]
  }
}

Your response as a JSON-formatted string is:
{
  "paper_type": {
    "screening": true,
    "known": false
  },
  "screens": {
    "fragment": false,
    "undirected": true,
    "directed": false,
    "virtual": false,
    "del": false
  }
}

Optimization of a novel series of 3-(piperazinylmethyl) indole derivatives as 5-hydroxytryptamine-6 receptor (5-HT6R) antagonists resulted in identification of 1-[(2-bromophenyl)sulfonyl]-5-methoxy-3-[(4-methyl-1-piperazinyl)methyl]-1H-indole dimesylate monohydrate (5al, SUVN-502) as a clinical candidate for potential treatment of cognitive disorders. It has high affinity at human 5-HT6R (Ki = 2.04 nM) and selectivity over 100 target sites which include receptors, enzymes, peptides, growth factors, ion channels, steroids, immunological factors, second messengers, and prostaglandins. It has high selectivity over 5-HT2A receptor. It is orally bioavailable and brain penetrant with robust preclinical efficacy. The combination of 5al, donepezil, and memantine (triple combination) produces synergistic effects in extracellular levels of acetylcholine in the ventral hippocampus. Preclinical efficacy in triple combination and high selectivity over 5-HT2A receptors are the differentiating features which culminated in selection of 5al for further development. The Phase-1 evaluation of safety and pharmacokinetics has been completed, allowing for the initiation of a Phase-2 proof of concept study.
Analyze the research paper abstract included in the above paragraph(s). Determine whether it discusses an initial screen of chemicals against a protein target. Some paper abstracts may not describe a screen of chemicals versus a protein. Please return the following information in JSON format exactly as specified below.

paper_type:
- screening (boolean): true if the paper describes any sort of screen against a protein target. False if the paper does not describe a chemical screen.
- known (boolean): True if the paper describes starting from a previously identified or reported drug, lead compound, or hit. False if the paper uses a screening technique, as defined below, in order to find the compound of interest discussed in the abstract.
screens:
- fragment (boolean): true if the paper describes testing fragment-sized molecules against a protein target to find ligands, using techniques such as NMR, X-ray crystallography, or biophysical assays. Virtual screening of fragments is excluded from this category. False if the paper does not describe a fragment screen.
- Undirected (boolean): true if the paper describes testing a real-world library of molecules against a protein target to find ligands, using high-throughput plate-based biophysical assays. Screening of fragment-sized molecules is excluded from this category. False if the paper does not describe screening a real-world collection of molecules.
- directed (boolean): false in all cases. This field is a temporary placeholder.
- virtual (boolean): true if the paper describes using virtual screening techniques to identify ligands binding a protein target, using techniques such as structure-based docking or ligand-based molecular similarity. False if the paper does not describe the use of virtual screening methods.
- del (boolean): true if the paper describes testing a DNA-encoded library of molecules (sometimes referred to as a DEL) against a protein target to find ligands. False if the paper does not describe a DEL screen.

{
  "paper_type": {
    "screening": [true/false]
    "known": [true/false]
  },
  "screens": {
    "fragment": [true/false],
    "undirected": [true/false],
    "directed": [true/false],
    "virtual": [true/false],
    "del": [true/false]
  }
}

Your response as a JSON-formatted string is:
{
  "paper_type": {
    "screening": true,
    "known": false
  },
  "screens": {
    "fragment": false,
    "undirected": true,
    "directed": false,
    "virtual": false,
    "del": false
  }
}

Certain classes of neuroactive steroids (NASs) are positive allosteric modulators (PAM) of synaptic and extrasynaptic GABAA receptors. Herein, we report new SAR insights in a series of 5β-nor-19-pregnan-20-one analogues bearing substituted pyrazoles and triazoles at C-21, culminating in the discovery of 3α-hydroxy-3β-methyl-21-(4-cyano-1H-pyrazol-1'-yl)-19-nor-5β-pregnan-20-one (SAGE-217, 3), a potent GABAA receptor modulator at both synaptic and extrasynaptic receptor subtypes, with excellent oral DMPK properties. Compound 3 has completed a phase 1 single ascending dose (SAD) and multiple ascending dose (MAD) clinical trial and is currently being studied in parallel phase 2 clinical trials for the treatment of postpartum depression (PPD), major depressive disorder (MDD), and essential tremor (ET).
Analyze the research paper abstract included in the above paragraph(s). Determine whether it discusses an initial screen of chemicals against a protein target. Some paper abstracts may not describe a screen of chemicals versus a protein. Please return the following information in JSON format exactly as specified below.

paper_type:
- screening (boolean): true if the paper describes any sort of screen against a protein target. False if the paper does not describe a chemical screen.
- known (boolean): True if the paper describes starting from a previously identified or reported drug, lead compound, or hit. False if the paper uses a screening technique, as defined below, in order to find the compound of interest discussed in the abstract.
screens:
- fragment (boolean): true if the paper describes testing fragment-sized molecules against a protein target to find ligands, using techniques such as NMR, X-ray crystallography, or biophysical assays. Virtual screening of fragments is excluded from this category. False if the paper does not describe a fragment screen.
- Undirected (boolean): true if the paper describes testing a real-world library of molecules against a protein target to find ligands, using high-throughput plate-based biophysical assays. Screening of fragment-sized molecules is excluded from this category. False if the paper does not describe screening a real-world collection of molecules.
- directed (boolean): false in all cases. This field is a temporary placeholder.
- virtual (boolean): true if the paper describes using virtual screening techniques to identify ligands binding a protein target, using techniques such as structure-based docking or ligand-based molecular similarity. False if the paper does not describe the use of virtual screening methods.
- del (boolean): true if the paper describes testing a DNA-encoded library of molecules (sometimes referred to as a DEL) against a protein target to find ligands. False if the paper does not describe a DEL screen.

{
  "paper_type": {
    "screening": [true/false]
    "known": [true/false]
  },
  "screens": {
    "fragment": [true/false],
    "undirected": [true/false],
    "directed": [true/false],
    "virtual": [true/false],
    "del": [true/false]
  }
}

Your response as a JSON-formatted string is:
{
  "paper_type": {
    "screening": true,
    "known": false
  },
  "screens": {
    "fragment": false,
    "undirected": false,
    "directed": false,
    "virtual": false,
    "del": false
  }
}

A series of acidic diaryl ether heterocyclic sulfonamides that are potent and subtype selective NaV1.7 inhibitors is described. Optimization of early lead matter focused on removal of structural alerts, improving metabolic stability and reducing cytochrome P450 inhibition driven drug-drug interaction concerns to deliver the desired balance of preclinical in vitro properties. Concerns over nonmetabolic routes of clearance, variable clearance in preclinical species, and subsequent low confidence human pharmacokinetic predictions led to the decision to conduct a human microdose study to determine clinical pharmacokinetics. The design strategies and results from preclinical PK and clinical human microdose PK data are described leading to the discovery of the first subtype selective NaV1.7 inhibitor clinical candidate PF-05089771 (34) which binds to a site in the voltage sensing domain.
Analyze the research paper abstract included in the above paragraph(s). Determine whether it discusses an initial screen of chemicals against a protein target. Some paper abstracts may not describe a screen of chemicals versus a protein. Please return the following information in JSON format exactly as specified below.

paper_type:
- screening (boolean): true if the paper describes any sort of screen against a protein target. False if the paper does not describe a chemical screen.
- known (boolean): True if the paper describes starting from a previously identified or reported drug, lead compound, or hit. False if the paper uses a screening technique, as defined below, in order to find the compound of interest discussed in the abstract.
screens:
- fragment (boolean): true if the paper describes testing fragment-sized molecules against a protein target to find ligands, using techniques such as NMR, X-ray crystallography, or biophysical assays. Virtual screening of fragments is excluded from this category. False if the paper does not describe a fragment screen.
- Undirected (boolean): true if the paper describes testing a real-world library of molecules against a protein target to find ligands, using high-throughput plate-based biophysical assays. Screening of fragment-sized molecules is excluded from this category. False if the paper does not describe screening a real-world collection of molecules.
- directed (boolean): false in all cases. This field is a temporary placeholder.
- virtual (boolean): true if the paper describes using virtual screening techniques to identify ligands binding a protein target, using techniques such as structure-based docking or ligand-based molecular similarity. False if the paper does not describe the use of virtual screening methods.
- del (boolean): true if the paper describes testing a DNA-encoded library of molecules (sometimes referred to as a DEL) against a protein target to find ligands. False if the paper does not describe a DEL screen.

{
  "paper_type": {
    "screening": [true/false]
    "known": [true/false]
  },
  "screens": {
    "fragment": [true/false],
    "undirected": [true/false],
    "directed": [true/false],
    "virtual": [true/false],
    "del": [true/false]
  }
}

Your response as a JSON-formatted string is:
{
  "paper_type": {
    "screening": true,
    "known": false
  },
  "screens": {
    "fragment": false,
    "undirected": true,
    "directed": false,
    "virtual": false,
    "del": false
  }
}

The neurotrophin family of growth factors, comprised of nerve growth factor (NGF), brain derived neurotrophic factor (BDNF), neurotrophin 3 (NT3), and neurotrophin 4 (NT4), is implicated in the physiology of chronic pain. Given the clinical efficacy of anti-NGF monoclonal antibody (mAb) therapies, there is significant interest in the development of small molecule modulators of neurotrophin activity. Neurotrophins signal through the tropomyosin related kinase (Trk) family of tyrosine kinase receptors, hence Trk kinase inhibition represents a potentially "druggable" point of intervention. To deliver the safety profile required for chronic, nonlife threatening pain indications, highly kinase-selective Trk inhibitors with minimal brain availability are sought. Herein we describe how the use of SBDD, 2D QSAR models, and matched molecular pair data in compound design enabled the delivery of the highly potent, kinase-selective, and peripherally restricted clinical candidate PF-06273340.
Analyze the research paper abstract included in the above paragraph(s). Determine whether it discusses an initial screen of chemicals against a protein target. Some paper abstracts may not describe a screen of chemicals versus a protein. Please return the following information in JSON format exactly as specified below.

paper_type:
- screening (boolean): true if the paper describes any sort of screen against a protein target. False if the paper does not describe a chemical screen.
- known (boolean): True if the paper describes starting from a previously identified or reported drug, lead compound, or hit. False if the paper uses a screening technique, as defined below, in order to find the compound of interest discussed in the abstract.
screens:
- fragment (boolean): true if the paper describes testing fragment-sized molecules against a protein target to find ligands, using techniques such as NMR, X-ray crystallography, or biophysical assays. Virtual screening of fragments is excluded from this category. False if the paper does not describe a fragment screen.
- Undirected (boolean): true if the paper describes testing a real-world library of molecules against a protein target to find ligands, using high-throughput plate-based biophysical assays. Screening of fragment-sized molecules is excluded from this category. False if the paper does not describe screening a real-world collection of molecules.
- directed (boolean): false in all cases. This field is a temporary placeholder.
- virtual (boolean): true if the paper describes using virtual screening techniques to identify ligands binding a protein target, using techniques such as structure-based docking or ligand-based molecular similarity. False if the paper does not describe the use of virtual screening methods.
- del (boolean): true if the paper describes testing a DNA-encoded library of molecules (sometimes referred to as a DEL) against a protein target to find ligands. False if the paper does not describe a DEL screen.

{
  "paper_type": {
    "screening": [true/false]
    "known": [true/false]
  },
  "screens": {
    "fragment": [true/false],
    "undirected": [true/false],
    "directed": [true/false],
    "virtual": [true/false],
    "del": [true/false]
  }
}

Your response as a JSON-formatted string is:
{
  "paper_type": {
    "screening": true,
    "known": false
  },
  "screens": {
    "fragment": false,
    "undirected": false,
    "directed": false,
    "virtual": true,
    "del": false
  }
}

Preclinical evidence in support of the potential utility of mGlu5 NAMs for the treatment of a variety of psychiatric and neurodegenerative disorders is extensive, and multiple such molecules have entered clinical trials. Despite some promising results from clinical studies, no small molecule mGlu5 NAM has yet to reach market. Here we present the discovery and evaluation of N-(5-fluoropyridin-2-yl)-6-methyl-4-(pyrimidin-5-yloxy)picolinamide (27, VU0424238), a compound selected for clinical evaluation. Compound 27 is more than 900-fold selective for mGlu5 versus the other mGlu receptors, and binding studies established a Ki value of 4.4 nM at a known allosteric binding site. Compound 27 had a clearance of 19.3 and 15.5 mL/min/kg in rats and cynomolgus monkeys, respectively. Imaging studies using a known mGlu5 PET ligand demonstrated 50% receptor occupancy at an oral dose of 0.8 mg/kg in rats and an intravenous dose of 0.06 mg/kg in baboons.
Analyze the research paper abstract included in the above paragraph(s). Determine whether it discusses an initial screen of chemicals against a protein target. Some paper abstracts may not describe a screen of chemicals versus a protein. Please return the following information in JSON format exactly as specified below.

paper_type:
- screening (boolean): true if the paper describes any sort of screen against a protein target. False if the paper does not describe a chemical screen.
- known (boolean): True if the paper describes starting from a previously identified or reported drug, lead compound, or hit. False if the paper uses a screening technique, as defined below, in order to find the compound of interest discussed in the abstract.
screens:
- fragment (boolean): true if the paper describes testing fragment-sized molecules against a protein target to find ligands, using techniques such as NMR, X-ray crystallography, or biophysical assays. Virtual screening of fragments is excluded from this category. False if the paper does not describe a fragment screen.
- Undirected (boolean): true if the paper describes testing a real-world library of molecules against a protein target to find ligands, using high-throughput plate-based biophysical assays. Screening of fragment-sized molecules is excluded from this category. False if the paper does not describe screening a real-world collection of molecules.
- directed (boolean): false in all cases. This field is a temporary placeholder.
- virtual (boolean): true if the paper describes using virtual screening techniques to identify ligands binding a protein target, using techniques such as structure-based docking or ligand-based molecular similarity. False if the paper does not describe the use of virtual screening methods.
- del (boolean): true if the paper describes testing a DNA-encoded library of molecules (sometimes referred to as a DEL) against a protein target to find ligands. False if the paper does not describe a DEL screen.

{
  "paper_type": {
    "screening": [true/false]
    "known": [true/false]
  },
  "screens": {
    "fragment": [true/false],
    "undirected": [true/false],
    "directed": [true/false],
    "virtual": [true/false],
    "del": [true/false]
  }
}

Your response as a JSON-formatted string is:
{
  "paper_type": {
    "screening": true,
    "known": false
  },
  "screens": {
    "fragment": false,
    "undirected": false,
    "directed": false,
    "virtual": false,
    "del": false
  }
}

The synthesis and preclinical characterization of novel 4-(R)-methyl-6,7-dihydro-4H-triazolo[4,5-c]pyridines that are potent and selective brain penetrant P2X7 antagonists are described. Optimization efforts based on previously disclosed unsubstituted 6,7-dihydro-4H-triazolo[4,5-c]pyridines, methyl substituted 5,6,7,8-tetrahydro[1,2,4]triazolo[4,3-a]pyrazines, and several other series lead to the identification of a series of 4-(R)-methyl-6,7-dihydro-4H-triazolo[4,5-c]pyridines that are selective P2X7 antagonists with potency at the rodent and human P2X7 ion channels. These novel P2X7 antagonists have suitable physicochemical properties, and several analogs have an excellent pharmacokinetic profile, good partitioning into the CNS and show robust in vivo target engagement after oral dosing. Improvements in metabolic stability led to the identification of JNJ-54175446 (14) as a candidate for clinical development. The drug discovery efforts and strategies that resulted in the identification of the clinical candidate are described herein.
Analyze the research paper abstract included in the above paragraph(s). Determine whether it discusses an initial screen of chemicals against a protein target. Some paper abstracts may not describe a screen of chemicals versus a protein. Please return the following information in JSON format exactly as specified below.

paper_type:
- screening (boolean): true if the paper describes any sort of screen against a protein target. False if the paper does not describe a chemical screen.
- known (boolean): True if the paper describes starting from a previously identified or reported drug, lead compound, or hit. False if the paper uses a screening technique, as defined below, in order to find the compound of interest discussed in the abstract.
screens:
- fragment (boolean): true if the paper describes testing fragment-sized molecules against a protein target to find ligands, using techniques such as NMR, X-ray crystallography, or biophysical assays. Virtual screening of fragments is excluded from this category. False if the paper does not describe a fragment screen.
- Undirected (boolean): true if the paper describes testing a real-world library of molecules against a protein target to find ligands, using high-throughput plate-based biophysical assays. Screening of fragment-sized molecules is excluded from this category. False if the paper does not describe screening a real-world collection of molecules.
- directed (boolean): false in all cases. This field is a temporary placeholder.
- virtual (boolean): true if the paper describes using virtual screening techniques to identify ligands binding a protein target, using techniques such as structure-based docking or ligand-based molecular similarity. False if the paper does not describe the use of virtual screening methods.
- del (boolean): true if the paper describes testing a DNA-encoded library of molecules (sometimes referred to as a DEL) against a protein target to find ligands. False if the paper does not describe a DEL screen.

{
  "paper_type": {
    "screening": [true/false]
    "known": [true/false]
  },
  "screens": {
    "fragment": [true/false],
    "undirected": [true/false],
    "directed": [true/false],
    "virtual": [true/false],
    "del": [true/false]
  }
}

Your response as a JSON-formatted string is:
{
  "paper_type": {
    "screening": true,
    "known": false
  },
  "screens": {
    "fragment": false,
    "undirected": true,
    "directed": false,
    "virtual": false,
    "del": false
  }
}

A single pot dipolar cycloaddition reaction/Cope elimination sequence was developed to access novel 1,4,6,7-tetrahydro-5H-[1,2,3]triazolo[4,5-c]pyridine P2X7 antagonists that contain a synthetically challenging chiral center. The structure-activity relationships of the new compounds are described. Two of these compounds, (S)-(2-fluoro-3-(trifluoromethyl)phenyl)(1-(5-fluoropyrimidin-2-yl)-6-methyl-1,4,6,7-tetrahydro-5H-[1,2,3]triazolo[4,5-c]pyridin-5-yl)methanone (compound 29) and (S)-(3-fluoro-2-(trifluoromethyl)pyridin-4-yl)(1-(5-fluoropyrimidin-2-yl)-6-methyl-1,4,6,7-tetrahydro-5H-[1,2,3]triazolo[4,5-c]pyridin-5-yl)methanone (compound 35), were found to have robust P2X7 receptor occupancy at low doses in rat with ED50 values of 0.06 and 0.07 mg/kg, respectively. Compound 35 had notable solubility compared to 29 and showed good tolerability in preclinical species. Compound 35 was chosen as a clinical candidate for advancement into phase I clinical trials to assess safety and tolerability in healthy human subjects prior to the initiation of proof of concept studies for the treatment of mood disorders.
Analyze the research paper abstract included in the above paragraph(s). Determine whether it discusses an initial screen of chemicals against a protein target. Some paper abstracts may not describe a screen of chemicals versus a protein. Please return the following information in JSON format exactly as specified below.

paper_type:
- screening (boolean): true if the paper describes any sort of screen against a protein target. False if the paper does not describe a chemical screen.
- known (boolean): True if the paper describes starting from a previously identified or reported drug, lead compound, or hit. False if the paper uses a screening technique, as defined below, in order to find the compound of interest discussed in the abstract.
screens:
- fragment (boolean): true if the paper describes testing fragment-sized molecules against a protein target to find ligands, using techniques such as NMR, X-ray crystallography, or biophysical assays. Virtual screening of fragments is excluded from this category. False if the paper does not describe a fragment screen.
- Undirected (boolean): true if the paper describes testing a real-world library of molecules against a protein target to find ligands, using high-throughput plate-based biophysical assays. Screening of fragment-sized molecules is excluded from this category. False if the paper does not describe screening a real-world collection of molecules.
- directed (boolean): false in all cases. This field is a temporary placeholder.
- virtual (boolean): true if the paper describes using virtual screening techniques to identify ligands binding a protein target, using techniques such as structure-based docking or ligand-based molecular similarity. False if the paper does not describe the use of virtual screening methods.
- del (boolean): true if the paper describes testing a DNA-encoded library of molecules (sometimes referred to as a DEL) against a protein target to find ligands. False if the paper does not describe a DEL screen.

{
  "paper_type": {
    "screening": [true/false]
    "known": [true/false]
  },
  "screens": {
    "fragment": [true/false],
    "undirected": [true/false],
    "directed": [true/false],
    "virtual": [true/false],
    "del": [true/false]
  }
}

Your response as a JSON-formatted string is:
{
  "paper_type": {
    "screening": true,
    "known": false
  },
  "screens": {
    "fragment": false,
    "undirected": true,
    "directed": false,
    "virtual": false,
    "del": false
  }
}

We report here the discovery and pharmacological characterization of N-(1-benzyl-1H-pyrazol-3-yl)-2-phenylacetamide derivatives as potent, selective, brain-penetrating T-type calcium channel blockers. Optimization focused mainly on solubility, brain penetration, and the search for an aminopyrazole metabolite that would be negative in an Ames test. This resulted in the preparation and complete characterization of compound 66b (ACT-709478), which has been selected as a clinical candidate.
Analyze the research paper abstract included in the above paragraph(s). Determine whether it discusses an initial screen of chemicals against a protein target. Some paper abstracts may not describe a screen of chemicals versus a protein. Please return the following information in JSON format exactly as specified below.

paper_type:
- screening (boolean): true if the paper describes any sort of screen against a protein target. False if the paper does not describe a chemical screen.
- known (boolean): True if the paper describes starting from a previously identified or reported drug, lead compound, or hit. False if the paper uses a screening technique, as defined below, in order to find the compound of interest discussed in the abstract.
screens:
- fragment (boolean): true if the paper describes testing fragment-sized molecules against a protein target to find ligands, using techniques such as NMR, X-ray crystallography, or biophysical assays. Virtual screening of fragments is excluded from this category. False if the paper does not describe a fragment screen.
- Undirected (boolean): true if the paper describes testing a real-world library of molecules against a protein target to find ligands, using high-throughput plate-based biophysical assays. Screening of fragment-sized molecules is excluded from this category. False if the paper does not describe screening a real-world collection of molecules.
- directed (boolean): false in all cases. This field is a temporary placeholder.
- virtual (boolean): true if the paper describes using virtual screening techniques to identify ligands binding a protein target, using techniques such as structure-based docking or ligand-based molecular similarity. False if the paper does not describe the use of virtual screening methods.
- del (boolean): true if the paper describes testing a DNA-encoded library of molecules (sometimes referred to as a DEL) against a protein target to find ligands. False if the paper does not describe a DEL screen.

{
  "paper_type": {
    "screening": [true/false]
    "known": [true/false]
  },
  "screens": {
    "fragment": [true/false],
    "undirected": [true/false],
    "directed": [true/false],
    "virtual": [true/false],
    "del": [true/false]
  }
}

Your response as a JSON-formatted string is:
{
  "paper_type": {
    "screening": true,
    "known": false
  },
  "screens": {
    "fragment": false,
    "undirected": true,
    "directed": false,
    "virtual": false,
    "del": false
  }
}

The hepatitis C virus (HCV) NS5B replicase is a prime target for the development of direct-acting antiviral drugs for the treatment of chronic HCV infection. Inspired by the overlay of bound structures of three structurally distinct NS5B palm site allosteric inhibitors, the high-throughput screening hit anthranilic acid 4, the known benzofuran analogue 5, and the benzothiadiazine derivative 6, an optimization process utilizing the simple benzofuran template 7 as a starting point for a fragment growing approach was pursued. A delicate balance of molecular properties achieved via disciplined lipophilicity changes was essential to achieve both high affinity binding and a stringent targeted absorption, distribution, metabolism, and excretion profile. These efforts led to the discovery of BMS-929075 (37), which maintained ligand efficiency relative to early leads, demonstrated efficacy in a triple combination regimen in HCV replicon cells, and exhibited consistently high oral bioavailability and pharmacokinetic parameters across preclinical animal species. The human PK properties from the Phase I clinical studies of 37 were better than anticipated and suggest promising potential for QD administration.
Analyze the research paper abstract included in the above paragraph(s). Determine whether it discusses an initial screen of chemicals against a protein target. Some paper abstracts may not describe a screen of chemicals versus a protein. Please return the following information in JSON format exactly as specified below.

paper_type:
- screening (boolean): true if the paper describes any sort of screen against a protein target. False if the paper does not describe a chemical screen.
- known (boolean): True if the paper describes starting from a previously identified or reported drug, lead compound, or hit. False if the paper uses a screening technique, as defined below, in order to find the compound of interest discussed in the abstract.
screens:
- fragment (boolean): true if the paper describes testing fragment-sized molecules against a protein target to find ligands, using techniques such as NMR, X-ray crystallography, or biophysical assays. Virtual screening of fragments is excluded from this category. False if the paper does not describe a fragment screen.
- Undirected (boolean): true if the paper describes testing a real-world library of molecules against a protein target to find ligands, using high-throughput plate-based biophysical assays. Screening of fragment-sized molecules is excluded from this category. False if the paper does not describe screening a real-world collection of molecules.
- directed (boolean): false in all cases. This field is a temporary placeholder.
- virtual (boolean): true if the paper describes using virtual screening techniques to identify ligands binding a protein target, using techniques such as structure-based docking or ligand-based molecular similarity. False if the paper does not describe the use of virtual screening methods.
- del (boolean): true if the paper describes testing a DNA-encoded library of molecules (sometimes referred to as a DEL) against a protein target to find ligands. False if the paper does not describe a DEL screen.

{
  "paper_type": {
    "screening": [true/false]
    "known": [true/false]
  },
  "screens": {
    "fragment": [true/false],
    "undirected": [true/false],
    "directed": [true/false],
    "virtual": [true/false],
    "del": [true/false]
  }
}

Your response as a JSON-formatted string is:
{
  "paper_type": {
    "screening": true,
    "known": true
  },
  "screens": {
    "fragment": false,
    "undirected": false,
    "directed": false,
    "virtual": false,
    "del": false
  }
}

We describe the research that led to the discovery of compound 40 (ruzasvir, MK-8408), a pan-genotypic HCV nonstructural protein 5A (NS5A) inhibitor with a "flat" GT1 mutant profile. This NS5A inhibitor contains a unique tetracyclic indole core while maintaining the imidazole-proline-valine Moc motifs of our previous NS5A inhibitors. Compound 40 is currently in early clinical trials and is under evaluation as part of an all-oral DAA regimen for the treatment of chronic HCV infection.
Analyze the research paper abstract included in the above paragraph(s). Determine whether it discusses an initial screen of chemicals against a protein target. Some paper abstracts may not describe a screen of chemicals versus a protein. Please return the following information in JSON format exactly as specified below.

paper_type:
- screening (boolean): true if the paper describes any sort of screen against a protein target. False if the paper does not describe a chemical screen.
- known (boolean): True if the paper describes starting from a previously identified or reported drug, lead compound, or hit. False if the paper uses a screening technique, as defined below, in order to find the compound of interest discussed in the abstract.
screens:
- fragment (boolean): true if the paper describes testing fragment-sized molecules against a protein target to find ligands, using techniques such as NMR, X-ray crystallography, or biophysical assays. Virtual screening of fragments is excluded from this category. False if the paper does not describe a fragment screen.
- Undirected (boolean): true if the paper describes testing a real-world library of molecules against a protein target to find ligands, using high-throughput plate-based biophysical assays. Screening of fragment-sized molecules is excluded from this category. False if the paper does not describe screening a real-world collection of molecules.
- directed (boolean): false in all cases. This field is a temporary placeholder.
- virtual (boolean): true if the paper describes using virtual screening techniques to identify ligands binding a protein target, using techniques such as structure-based docking or ligand-based molecular similarity. False if the paper does not describe the use of virtual screening methods.
- del (boolean): true if the paper describes testing a DNA-encoded library of molecules (sometimes referred to as a DEL) against a protein target to find ligands. False if the paper does not describe a DEL screen.

{
  "paper_type": {
    "screening": [true/false]
    "known": [true/false]
  },
  "screens": {
    "fragment": [true/false],
    "undirected": [true/false],
    "directed": [true/false],
    "virtual": [true/false],
    "del": [true/false]
  }
}

Your response as a JSON-formatted string is:
{
  "paper_type": {
    "screening": true,
    "known": false
  },
  "screens": {
    "fragment": false,
    "undirected": false,
    "directed": false,
    "virtual": false,
    "del": false
  }
}

The discovery of a back-up to the hepatitis C virus NS3 protease inhibitor asunaprevir (2) is described. The objective of this work was the identification of a drug with antiviral properties and toxicology parameters similar to 2, but with a preclinical pharmacokinetic (PK) profile that was predictive of once-daily dosing. Critical to this discovery process was the employment of an ex vivo cardiovascular (CV) model which served to identify compounds that, like 2, were free of the CV liabilities that resulted in the discontinuation of BMS-605339 (1) from clinical trials. Structure-activity relationships (SARs) at each of the structural subsites in 2 were explored with substantial improvement in PK through modifications at the P1 site, while potency gains were found with small, but rationally designed structural changes to P4. Additional modifications at P3 were required to optimize the CV profile, and these combined SARs led to the discovery of BMS-890068 (29).
Analyze the research paper abstract included in the above paragraph(s). Determine whether it discusses an initial screen of chemicals against a protein target. Some paper abstracts may not describe a screen of chemicals versus a protein. Please return the following information in JSON format exactly as specified below.

paper_type:
- screening (boolean): true if the paper describes any sort of screen against a protein target. False if the paper does not describe a chemical screen.
- known (boolean): True if the paper describes starting from a previously identified or reported drug, lead compound, or hit. False if the paper uses a screening technique, as defined below, in order to find the compound of interest discussed in the abstract.
screens:
- fragment (boolean): true if the paper describes testing fragment-sized molecules against a protein target to find ligands, using techniques such as NMR, X-ray crystallography, or biophysical assays. Virtual screening of fragments is excluded from this category. False if the paper does not describe a fragment screen.
- Undirected (boolean): true if the paper describes testing a real-world library of molecules against a protein target to find ligands, using high-throughput plate-based biophysical assays. Screening of fragment-sized molecules is excluded from this category. False if the paper does not describe screening a real-world collection of molecules.
- directed (boolean): false in all cases. This field is a temporary placeholder.
- virtual (boolean): true if the paper describes using virtual screening techniques to identify ligands binding a protein target, using techniques such as structure-based docking or ligand-based molecular similarity. False if the paper does not describe the use of virtual screening methods.
- del (boolean): true if the paper describes testing a DNA-encoded library of molecules (sometimes referred to as a DEL) against a protein target to find ligands. False if the paper does not describe a DEL screen.

{
  "paper_type": {
    "screening": [true/false]
    "known": [true/false]
  },
  "screens": {
    "fragment": [true/false],
    "undirected": [true/false],
    "directed": [true/false],
    "virtual": [true/false],
    "del": [true/false]
  }
}

Your response as a JSON-formatted string is:
{
  "paper_type": {
    "screening": true,
    "known": true
  },
  "screens": {
    "fragment": false,
    "undirected": false,
    "directed": false,
    "virtual": false,
    "del": false
  }
}

Human immunodeficiency virus-1 (HIV-1) infection currently requires lifelong therapy with drugs that are used in combination to control viremia. The indole-3-glyoxamide 6 was discovered as an inhibitor of HIV-1 infectivity using a phenotypic screen and derivatives of this compound were found to interfere with the HIV-1 entry process by stabilizing a conformation of the virus gp120 protein not recognized by the host cell CD4 receptor. An extensive optimization program led to the identification of temsavir (31), which exhibited an improved antiviral and pharmacokinetic profile compared to 6 and was explored in phase 3 clinical trials as the phosphonooxymethyl derivative fostemsavir (35), a prodrug designed to address dissolution- and solubility-limited absorption issues. In this drug annotation, we summarize the structure-activity and structure-liability studies leading to the discovery of 31 and the clinical studies conducted with 35 that entailed the development of an extended release formulation suitable for phase 3 clinical trials.
Analyze the research paper abstract included in the above paragraph(s). Determine whether it discusses an initial screen of chemicals against a protein target. Some paper abstracts may not describe a screen of chemicals versus a protein. Please return the following information in JSON format exactly as specified below.

paper_type:
- screening (boolean): true if the paper describes any sort of screen against a protein target. False if the paper does not describe a chemical screen.
- known (boolean): True if the paper describes starting from a previously identified or reported drug, lead compound, or hit. False if the paper uses a screening technique, as defined below, in order to find the compound of interest discussed in the abstract.
screens:
- fragment (boolean): true if the paper describes testing fragment-sized molecules against a protein target to find ligands, using techniques such as NMR, X-ray crystallography, or biophysical assays. Virtual screening of fragments is excluded from this category. False if the paper does not describe a fragment screen.
- Undirected (boolean): true if the paper describes testing a real-world library of molecules against a protein target to find ligands, using high-throughput plate-based biophysical assays. Screening of fragment-sized molecules is excluded from this category. False if the paper does not describe screening a real-world collection of molecules.
- directed (boolean): false in all cases. This field is a temporary placeholder.
- virtual (boolean): true if the paper describes using virtual screening techniques to identify ligands binding a protein target, using techniques such as structure-based docking or ligand-based molecular similarity. False if the paper does not describe the use of virtual screening methods.
- del (boolean): true if the paper describes testing a DNA-encoded library of molecules (sometimes referred to as a DEL) against a protein target to find ligands. False if the paper does not describe a DEL screen.

{
  "paper_type": {
    "screening": [true/false]
    "known": [true/false]
  },
  "screens": {
    "fragment": [true/false],
    "undirected": [true/false],
    "directed": [true/false],
    "virtual": [true/false],
    "del": [true/false]
  }
}

Your response as a JSON-formatted string is:
{
  "paper_type": {
    "screening": true,
    "known": false
  },
  "screens": {
    "fragment": false,
    "undirected": true,
    "directed": false,
    "virtual": false,
    "del": false
  }
}

Here, we describe the design, synthesis, biological evaluation, and identification of a clinical candidate non-nucleoside reverse transcriptase inhibitors (NNRTIs) with a novel aryl-phospho-indole (APhI) scaffold. NNRTIs are recommended components of highly active antiretroviral therapy (HAART) for the treatment of HIV-1. Since a major problem associated with NNRTI treatment is the emergence of drug resistant virus, this work focused on optimization of the APhI against clinically relevant HIV-1 Y181C and K103N mutants and the Y181C/K103N double mutant. Optimization of the phosphinate aryl substituent led to the discovery of the 3-Me,5-acrylonitrile-phenyl analogue RP-13s (IDX899) having an EC50 of 11 nM against the Y181C/K103N double mutant.
Analyze the research paper abstract included in the above paragraph(s). Determine whether it discusses an initial screen of chemicals against a protein target. Some paper abstracts may not describe a screen of chemicals versus a protein. Please return the following information in JSON format exactly as specified below.

paper_type:
- screening (boolean): true if the paper describes any sort of screen against a protein target. False if the paper does not describe a chemical screen.
- known (boolean): True if the paper describes starting from a previously identified or reported drug, lead compound, or hit. False if the paper uses a screening technique, as defined below, in order to find the compound of interest discussed in the abstract.
screens:
- fragment (boolean): true if the paper describes testing fragment-sized molecules against a protein target to find ligands, using techniques such as NMR, X-ray crystallography, or biophysical assays. Virtual screening of fragments is excluded from this category. False if the paper does not describe a fragment screen.
- Undirected (boolean): true if the paper describes testing a real-world library of molecules against a protein target to find ligands, using high-throughput plate-based biophysical assays. Screening of fragment-sized molecules is excluded from this category. False if the paper does not describe screening a real-world collection of molecules.
- directed (boolean): false in all cases. This field is a temporary placeholder.
- virtual (boolean): true if the paper describes using virtual screening techniques to identify ligands binding a protein target, using techniques such as structure-based docking or ligand-based molecular similarity. False if the paper does not describe the use of virtual screening methods.
- del (boolean): true if the paper describes testing a DNA-encoded library of molecules (sometimes referred to as a DEL) against a protein target to find ligands. False if the paper does not describe a DEL screen.

{
  "paper_type": {
    "screening": [true/false]
    "known": [true/false]
  },
  "screens": {
    "fragment": [true/false],
    "undirected": [true/false],
    "directed": [true/false],
    "virtual": [true/false],
    "del": [true/false]
  }
}

Your response as a JSON-formatted string is:
{
  "paper_type": {
    "screening": true,
    "known": false
  },
  "screens": {
    "fragment": false,
    "undirected": true,
    "directed": false,
    "virtual": false,
    "del": false
  }
}

There is an urgent need to develop new and safer antitubercular agents that possess a novel mode of action. We synthesized and evaluated a novel series of 3-aminomethyl 4-halogen benzoxaboroles as Mycobacterium tuberculosis (Mtb) leucyl-tRNA synthetase (LeuRS) inhibitors. A number of Mtb LeuRS inhibitors were identified that demonstrated good antitubercular activity with high selectivity over human mitochondrial and cytoplasmic LeuRS. Further evaluation of these Mtb LeuRS inhibitors by in vivo pharmacokinetics (PK) and murine tuberculosis (TB) efficacy models led to the discovery of GSK3036656 (abbreviated as GSK656). This molecule shows potent inhibition of Mtb LeuRS (IC50 = 0.20 μM) and in vitro antitubercular activity (Mtb H37Rv MIC = 0.08 μM). Additionally, it is highly selective for the Mtb LeuRS enzyme with IC50 of >300 μM and 132 μM for human mitochondrial LeuRS and human cytoplasmic LeuRS, respectively. In addition, it exhibits remarkable PK profiles and efficacy against Mtb in mouse TB infection models with superior tolerability over initial leads. This compound has been progressed to clinical development for the treatment of tuberculosis.
Analyze the research paper abstract included in the above paragraph(s). Determine whether it discusses an initial screen of chemicals against a protein target. Some paper abstracts may not describe a screen of chemicals versus a protein. Please return the following information in JSON format exactly as specified below.

paper_type:
- screening (boolean): true if the paper describes any sort of screen against a protein target. False if the paper does not describe a chemical screen.
- known (boolean): True if the paper describes starting from a previously identified or reported drug, lead compound, or hit. False if the paper uses a screening technique, as defined below, in order to find the compound of interest discussed in the abstract.
screens:
- fragment (boolean): true if the paper describes testing fragment-sized molecules against a protein target to find ligands, using techniques such as NMR, X-ray crystallography, or biophysical assays. Virtual screening of fragments is excluded from this category. False if the paper does not describe a fragment screen.
- Undirected (boolean): true if the paper describes testing a real-world library of molecules against a protein target to find ligands, using high-throughput plate-based biophysical assays. Screening of fragment-sized molecules is excluded from this category. False if the paper does not describe screening a real-world collection of molecules.
- directed (boolean): false in all cases. This field is a temporary placeholder.
- virtual (boolean): true if the paper describes using virtual screening techniques to identify ligands binding a protein target, using techniques such as structure-based docking or ligand-based molecular similarity. False if the paper does not describe the use of virtual screening methods.
- del (boolean): true if the paper describes testing a DNA-encoded library of molecules (sometimes referred to as a DEL) against a protein target to find ligands. False if the paper does not describe a DEL screen.

{
  "paper_type": {
    "screening": [true/false]
    "known": [true/false]
  },
  "screens": {
    "fragment": [true/false],
    "undirected": [true/false],
    "directed": [true/false],
    "virtual": [true/false],
    "del": [true/false]
  }
}

Your response as a JSON-formatted string is:
{
  "paper_type": {
    "screening": true,
    "known": false
  },
  "screens": {
    "fragment": false,
    "undirected": true,
    "directed": false,
    "virtual": false,
    "del": false
  }
}

The clinical management of prosthetic joint infections and other persistent bacterial infections represents a major unmet medical need. The rifamycins are one of the most potent antibiotic classes against persistent bacterial infections, but bacteria can develop resistance to rifamycins rapidly and the clinical utility of the rifamycin class is typically limited to antibiotic combinations to minimize the development of resistance. To develop a better therapy against persistent bacterial infections, a series of rifamycin based bifunctional molecules were designed, synthesized, and evaluated with the goal to identify a dual-acting drug that maintains the potent activity of rifamycins against persistent pathogens and at the same time minimize the development of rifamycin resistance. TNP-2092 was identified as a drug candidate and is currently in an early stage of clinical development for the treatment of prosthetic joint infections.
Analyze the research paper abstract included in the above paragraph(s). Determine whether it discusses an initial screen of chemicals against a protein target. Some paper abstracts may not describe a screen of chemicals versus a protein. Please return the following information in JSON format exactly as specified below.

paper_type:
- screening (boolean): true if the paper describes any sort of screen against a protein target. False if the paper does not describe a chemical screen.
- known (boolean): True if the paper describes starting from a previously identified or reported drug, lead compound, or hit. False if the paper uses a screening technique, as defined below, in order to find the compound of interest discussed in the abstract.
screens:
- fragment (boolean): true if the paper describes testing fragment-sized molecules against a protein target to find ligands, using techniques such as NMR, X-ray crystallography, or biophysical assays. Virtual screening of fragments is excluded from this category. False if the paper does not describe a fragment screen.
- Undirected (boolean): true if the paper describes testing a real-world library of molecules against a protein target to find ligands, using high-throughput plate-based biophysical assays. Screening of fragment-sized molecules is excluded from this category. False if the paper does not describe screening a real-world collection of molecules.
- directed (boolean): false in all cases. This field is a temporary placeholder.
- virtual (boolean): true if the paper describes using virtual screening techniques to identify ligands binding a protein target, using techniques such as structure-based docking or ligand-based molecular similarity. False if the paper does not describe the use of virtual screening methods.
- del (boolean): true if the paper describes testing a DNA-encoded library of molecules (sometimes referred to as a DEL) against a protein target to find ligands. False if the paper does not describe a DEL screen.

{
  "paper_type": {
    "screening": [true/false]
    "known": [true/false]
  },
  "screens": {
    "fragment": [true/false],
    "undirected": [true/false],
    "directed": [true/false],
    "virtual": [true/false],
    "del": [true/false]
  }
}

Your response as a JSON-formatted string is:
{
  "paper_type": {
    "screening": true,
    "known": false
  },
  "screens": {
    "fragment": false,
    "undirected": false,
    "directed": false,
    "virtual": false,
    "del": false
  }
}

RIP1 regulates necroptosis and inflammation and may play an important role in contributing to a variety of human pathologies, including immune-mediated inflammatory diseases. Small-molecule inhibitors of RIP1 kinase that are suitable for advancement into the clinic have yet to be described. Herein, we report our lead optimization of a benzoxazepinone hit from a DNA-encoded library and the discovery and profile of clinical candidate GSK2982772 (compound 5), currently in phase 2a clinical studies for psoriasis, rheumatoid arthritis, and ulcerative colitis. Compound 5 potently binds to RIP1 with exquisite kinase specificity and has excellent activity in blocking many TNF-dependent cellular responses. Highlighting its potential as a novel anti-inflammatory agent, the inhibitor was also able to reduce spontaneous production of cytokines from human ulcerative colitis explants. The highly favorable physicochemical and ADMET properties of 5, combined with high potency, led to a predicted low oral dose in humans.
Analyze the research paper abstract included in the above paragraph(s). Determine whether it discusses an initial screen of chemicals against a protein target. Some paper abstracts may not describe a screen of chemicals versus a protein. Please return the following information in JSON format exactly as specified below.

paper_type:
- screening (boolean): true if the paper describes any sort of screen against a protein target. False if the paper does not describe a chemical screen.
- known (boolean): True if the paper describes starting from a previously identified or reported drug, lead compound, or hit. False if the paper uses a screening technique, as defined below, in order to find the compound of interest discussed in the abstract.
screens:
- fragment (boolean): true if the paper describes testing fragment-sized molecules against a protein target to find ligands, using techniques such as NMR, X-ray crystallography, or biophysical assays. Virtual screening of fragments is excluded from this category. False if the paper does not describe a fragment screen.
- Undirected (boolean): true if the paper describes testing a real-world library of molecules against a protein target to find ligands, using high-throughput plate-based biophysical assays. Screening of fragment-sized molecules is excluded from this category. False if the paper does not describe screening a real-world collection of molecules.
- directed (boolean): false in all cases. This field is a temporary placeholder.
- virtual (boolean): true if the paper describes using virtual screening techniques to identify ligands binding a protein target, using techniques such as structure-based docking or ligand-based molecular similarity. False if the paper does not describe the use of virtual screening methods.
- del (boolean): true if the paper describes testing a DNA-encoded library of molecules (sometimes referred to as a DEL) against a protein target to find ligands. False if the paper does not describe a DEL screen.

{
  "paper_type": {
    "screening": [true/false]
    "known": [true/false]
  },
  "screens": {
    "fragment": [true/false],
    "undirected": [true/false],
    "directed": [true/false],
    "virtual": [true/false],
    "del": [true/false]
  }
}

Your response as a JSON-formatted string is:
{
  "paper_type": {
    "screening": true,
    "known": false
  },
  "screens": {
    "fragment": false,
    "undirected": false,
    "directed": false,
    "virtual": false,
    "del": true
  }
}

The anti-inflammatory potential of p38 mitogen-activated protein kinase (MAPK) inhibitors was coincidentally expanded to a dual inhibition of p38α MAPK and phosphodiesterase 4 (PDE4), and the potential benefits arising from the blockage of both inflammation-related enzymes were thoroughly investigated. The most promising compound, CBS-3595 (1), was successively evaluated in in vitro experiments as well as in ex vivo and in vivo preclinical studies after administration of 1 to rodents, dogs, and monkeys. The resulting data clearly indicated a potent suppression of tumor necrosis factor alpha release. For reconfirming the findings of the animal studies when administering 1 to healthy human volunteers, a phase I clinical trial was conducted. Apart from further information regarding the pharmacokinetic and pharmacodynamic characteristics of 1, it was demonstrated that dual inhibition of p38α MAPK and PDE4 is able to synergistically attenuate the excessive anti-inflammatory response.
Analyze the research paper abstract included in the above paragraph(s). Determine whether it discusses an initial screen of chemicals against a protein target. Some paper abstracts may not describe a screen of chemicals versus a protein. Please return the following information in JSON format exactly as specified below.

paper_type:
- screening (boolean): true if the paper describes any sort of screen against a protein target. False if the paper does not describe a chemical screen.
- known (boolean): True if the paper describes starting from a previously identified or reported drug, lead compound, or hit. False if the paper uses a screening technique, as defined below, in order to find the compound of interest discussed in the abstract.
screens:
- fragment (boolean): true if the paper describes testing fragment-sized molecules against a protein target to find ligands, using techniques such as NMR, X-ray crystallography, or biophysical assays. Virtual screening of fragments is excluded from this category. False if the paper does not describe a fragment screen.
- Undirected (boolean): true if the paper describes testing a real-world library of molecules against a protein target to find ligands, using high-throughput plate-based biophysical assays. Screening of fragment-sized molecules is excluded from this category. False if the paper does not describe screening a real-world collection of molecules.
- directed (boolean): false in all cases. This field is a temporary placeholder.
- virtual (boolean): true if the paper describes using virtual screening techniques to identify ligands binding a protein target, using techniques such as structure-based docking or ligand-based molecular similarity. False if the paper does not describe the use of virtual screening methods.
- del (boolean): true if the paper describes testing a DNA-encoded library of molecules (sometimes referred to as a DEL) against a protein target to find ligands. False if the paper does not describe a DEL screen.

{
  "paper_type": {
    "screening": [true/false]
    "known": [true/false]
  },
  "screens": {
    "fragment": [true/false],
    "undirected": [true/false],
    "directed": [true/false],
    "virtual": [true/false],
    "del": [true/false]
  }
}

Your response as a JSON-formatted string is:
{
  "paper_type": {
    "screening": true,
    "known": false
  },
  "screens": {
    "fragment": false,
    "undirected": true,
    "directed": false,
    "virtual": false,
    "del": false
  }
}

Through fragment-based drug design focused on engaging the active site of IRAK4 and leveraging three-dimensional topology in a ligand-efficient manner, a micromolar hit identified from a screen of a Pfizer fragment library was optimized to afford IRAK4 inhibitors with nanomolar potency in cellular assays. The medicinal chemistry effort featured the judicious placement of lipophilicity, informed by co-crystal structures with IRAK4 and optimization of ADME properties to deliver clinical candidate PF-06650833 (compound 40). This compound displays a 5-unit increase in lipophilic efficiency from the fragment hit, excellent kinase selectivity, and pharmacokinetic properties suitable for oral administration.
Analyze the research paper abstract included in the above paragraph(s). Determine whether it discusses an initial screen of chemicals against a protein target. Some paper abstracts may not describe a screen of chemicals versus a protein. Please return the following information in JSON format exactly as specified below.

paper_type:
- screening (boolean): true if the paper describes any sort of screen against a protein target. False if the paper does not describe a chemical screen.
- known (boolean): True if the paper describes starting from a previously identified or reported drug, lead compound, or hit. False if the paper uses a screening technique, as defined below, in order to find the compound of interest discussed in the abstract.
screens:
- fragment (boolean): true if the paper describes testing fragment-sized molecules against a protein target to find ligands, using techniques such as NMR, X-ray crystallography, or biophysical assays. Virtual screening of fragments is excluded from this category. False if the paper does not describe a fragment screen.
- Undirected (boolean): true if the paper describes testing a real-world library of molecules against a protein target to find ligands, using high-throughput plate-based biophysical assays. Screening of fragment-sized molecules is excluded from this category. False if the paper does not describe screening a real-world collection of molecules.
- directed (boolean): false in all cases. This field is a temporary placeholder.
- virtual (boolean): true if the paper describes using virtual screening techniques to identify ligands binding a protein target, using techniques such as structure-based docking or ligand-based molecular similarity. False if the paper does not describe the use of virtual screening methods.
- del (boolean): true if the paper describes testing a DNA-encoded library of molecules (sometimes referred to as a DEL) against a protein target to find ligands. False if the paper does not describe a DEL screen.

{
  "paper_type": {
    "screening": [true/false]
    "known": [true/false]
  },
  "screens": {
    "fragment": [true/false],
    "undirected": [true/false],
    "directed": [true/false],
    "virtual": [true/false],
    "del": [true/false]
  }
}

Your response as a JSON-formatted string is:
{
  "paper_type": {
    "screening": true,
    "known": false
  },
  "screens": {
    "fragment": false,
    "undirected": false,
    "directed": false,
    "virtual": false,
    "del": false
  }
}

Bruton's tyrosine kinase (BTK), a nonreceptor tyrosine kinase, is a member of the Tec family of kinases. BTK plays an essential role in B cell receptor (BCR)-mediated signaling as well as Fcγ receptor signaling in monocytes and Fcε receptor signaling in mast cells and basophils, all of which have been implicated in the pathophysiology of autoimmune disease. As a result, inhibition of BTK is anticipated to provide an effective strategy for the clinical treatment of autoimmune diseases such as lupus and rheumatoid arthritis. This article details the structure-activity relationships (SAR) leading to a novel series of highly potent and selective carbazole and tetrahydrocarbazole based, reversible inhibitors of BTK. Of particular interest is that two atropisomeric centers were rotationally locked to provide a single, stable atropisomer, resulting in enhanced potency and selectivity as well as a reduction in safety liabilities. With significantly enhanced potency and selectivity, excellent in vivo properties and efficacy, and a very desirable tolerability and safety profile, 14f (BMS-986142) was advanced into clinical studies.
Analyze the research paper abstract included in the above paragraph(s). Determine whether it discusses an initial screen of chemicals against a protein target. Some paper abstracts may not describe a screen of chemicals versus a protein. Please return the following information in JSON format exactly as specified below.

paper_type:
- screening (boolean): true if the paper describes any sort of screen against a protein target. False if the paper does not describe a chemical screen.
- known (boolean): True if the paper describes starting from a previously identified or reported drug, lead compound, or hit. False if the paper uses a screening technique, as defined below, in order to find the compound of interest discussed in the abstract.
screens:
- fragment (boolean): true if the paper describes testing fragment-sized molecules against a protein target to find ligands, using techniques such as NMR, X-ray crystallography, or biophysical assays. Virtual screening of fragments is excluded from this category. False if the paper does not describe a fragment screen.
- Undirected (boolean): true if the paper describes testing a real-world library of molecules against a protein target to find ligands, using high-throughput plate-based biophysical assays. Screening of fragment-sized molecules is excluded from this category. False if the paper does not describe screening a real-world collection of molecules.
- directed (boolean): false in all cases. This field is a temporary placeholder.
- virtual (boolean): true if the paper describes using virtual screening techniques to identify ligands binding a protein target, using techniques such as structure-based docking or ligand-based molecular similarity. False if the paper does not describe the use of virtual screening methods.
- del (boolean): true if the paper describes testing a DNA-encoded library of molecules (sometimes referred to as a DEL) against a protein target to find ligands. False if the paper does not describe a DEL screen.

{
  "paper_type": {
    "screening": [true/false]
    "known": [true/false]
  },
  "screens": {
    "fragment": [true/false],
    "undirected": [true/false],
    "directed": [true/false],
    "virtual": [true/false],
    "del": [true/false]
  }
}

Your response as a JSON-formatted string is:
{
  "paper_type": {
    "screening": true,
    "known": false
  },
  "screens": {
    "fragment": false,
    "undirected": true,
    "directed": false,
    "virtual": false,
    "del": false
  }
}

['{\n  "paper_type": {\n    "screening": true,\n    "known": false\n  },\n  "screens": {\n    "fragment": false,\n    "undirected": false,\n    "directed": false,\n    "virtual": false,\n    "del": false\n  },\n  "title": "title"\n}', '{\n  "paper_type": {\n    "screening": true,\n    "known": false\n  },\n  "screens": {\n    "fragment": false,\n    "undirected": true,\n    "directed": false,\n    "virtual": false,\n    "del": false\n  },\n  "title": "Discovery of N-(4-(2,4-Difluorophenoxy)-3-(6-methyl-7-oxo-6,7-dihydro-1H-pyrrolo[2,3-c]pyridin-4-yl)phenyl)ethanesulfonamide (ABBV-075/Mivebresib), a Potent and Orally Available Bromodomain and Extraterminal Domain (BET) Family Bromodomain Inhibitor."\n}', '{\n  "paper_type": {\n    "screening": true,\n    "known": true\n  },\n  "screens": {\n    "fragment": false,\n    "undirected": true,\n    "directed": false,\n    "virtual": false,\n    "del": false\n  },\n  "title": "Optimization of a Series of Bivalent Triazolopyridazine Based Bromodomain and Extraterminal Inhibitors: The Discovery of (3R)-4-[2-[4-[1-(3-Methoxy-[1,2,4]triazolo[4,3-b]pyridazin-6-yl)-4-piperidyl]phenoxy]ethyl]-1,3-dimethyl-piperazin-2-one (AZD5153)."\n}', '{\n  "paper_type": {\n    "screening": true,\n    "known": false\n  },\n  "screens": {\n    "fragment": false,\n    "undirected": false,\n    "directed": false,\n    "virtual": false,\n    "del": false\n  },\n  "title": "Identification of a Benzoisoxazoloazepine Inhibitor (CPI-0610) of the Bromodomain and Extra-Terminal (BET) Family as a Candidate for Human Clinical Trials."\n}', '{\n  "paper_type": {\n    "screening": true,\n    "known": true\n  },\n  "screens": {\n    "fragment": false,\n    "undirected": true,\n    "directed": false,\n    "virtual": false,\n    "del": false\n  },\n  "title": "Discovery of a Novel and Selective Indoleamine 2,3-Dioxygenase (IDO-1) Inhibitor 3-(5-Fluoro-1H-indol-3-yl)pyrrolidine-2,5-dione (EOS200271/PF-06840003) and Its Characterization as a Potential Clinical Candidate."\n}', '{\n  "paper_type": {\n    "screening": true,\n    "known": false\n  },\n  "screens": {\n    "fragment": false,\n    "undirected": false,\n    "directed": false,\n    "virtual": false,\n    "del": false\n  },\n  "title": "5-(4,6-Dimorpholino-1,3,5-triazin-2-yl)-4-(trifluoromethyl)pyridin-2-amine (PQR309), a Potent, Brain-Penetrant, Orally Bioavailable, Pan-Class I PI3K/mTOR Inhibitor as Clinical Candidate in Oncology."\n}', '{\n  "paper_type": {\n    "screening": true,\n    "known": false\n  },\n  "screens": {\n    "fragment": false,\n    "undirected": true,\n    "directed": false,\n    "virtual": false,\n    "del": false\n  },\n  "title": "The Rational Design of Selective Benzoxazepin Inhibitors of the α-Isoform of Phosphoinositide 3-Kinase Culminating in the Identification of (S)-2-((2-(1-Isopropyl-1H-1,2,4-triazol-5-yl)-5,6-dihydrobenzo[f]imidazo[1,2-d][1,4]oxazepin-9-yl)oxy)propanamide (GDC-0326)."\n}', '{\n  "paper_type": {\n    "screening": true,\n    "known": false\n  },\n  "screens": {\n    "fragment": false,\n    "undirected": true,\n    "directed": false,\n    "virtual": false,\n    "del": false\n  },\n  "title": "Discovery of 4-((3\'R,4\'S,5\'R)-6″-Chloro-4\'-(3-chloro-2-fluorophenyl)-1\'-ethyl-2″-oxodispiro[cyclohexane-1,2\'-pyrrolidine-3\',3″-indoline]-5\'-carboxamido)bicyclo[2.2.2]octane-1-carboxylic Acid (AA-115/APG-115): A Potent and Orally Active Murine Double Minute 2 (MDM2) Inhibitor in Clinical Development."\n}', '{\n  "paper_type": {\n    "screening": true,\n    "known": false\n  },\n  "screens": {\n    "fragment": false,\n    "undirected": false,\n    "directed": false,\n    "virtual": false,\n    "del": false\n  },\n  "title": "Discovery of N-((3R,4R)-4-Fluoro-1-(6-((3-methoxy-1-methyl-1H-pyrazol-4-yl)amino)-9-methyl-9H-purin-2-yl)pyrrolidine-3-yl)acrylamide (PF-06747775) through Structure-Based Drug Design: A High Affinity Irreversible Inhibitor Targeting Oncogenic EGFR Mutants with Selectivity over Wild-Type EGFR."\n}', '{\n  "paper_type": {\n    "screening": true,\n    "known": false\n  },\n  "screens": {\n    "fragment": false,\n    "undirected": false,\n    "directed": false,\n    "virtual": false,\n    "del": false\n  },\n  "title": "Discovery of [5-Amino-1-(2-methyl-3H-benzimidazol-5-yl)pyrazol-4-yl]-(1H-indol-2-yl)methanone (CH5183284/Debio 1347), An Orally Available and Selective Fibroblast Growth Factor Receptor (FGFR) Inhibitor."\n}', '{\n  "paper_type": {\n    "screening": true,\n    "known": false\n  },\n  "screens": {\n    "fragment": false,\n    "undirected": false,\n    "directed": false,\n    "virtual": false,\n    "del": false\n  },\n  "title": "Discovery of the Irreversible Covalent FGFR Inhibitor 8-(3-(4-Acryloylpiperazin-1-yl)propyl)-6-(2,6-dichloro-3,5-dimethoxyphenyl)-2-(methylamino)pyrido[2,3-d]pyrimidin-7(8H)-one (PRN1371) for the Treatment of Solid Tumors."\n}', '{\n  "paper_type": {\n    "screening": true,\n    "known": true\n  },\n  "screens": {\n    "fragment": false,\n    "undirected": true,\n    "directed": false,\n    "virtual": false,\n    "del": false\n  },\n  "title": "Optimization of Orally Bioavailable Enhancer of Zeste Homolog 2 (EZH2) Inhibitors Using Ligand and Property-Based Design Strategies: Identification of Development Candidate (R)-5,8-Dichloro-7-(methoxy(oxetan-3-yl)methyl)-2-((4-methoxy-6-methyl-2-oxo-1,2-dihydropyridin-3-yl)methyl)-3,4-dihydroisoquinolin-1(2H)-one (PF-06821497)."\n}', '{\n  "paper_type": {\n    "screening": true,\n    "known": false\n  },\n  "screens": {\n    "fragment": false,\n    "undirected": true,\n    "directed": false,\n    "virtual": false,\n    "del": false\n  },\n  "title": "Design and Synthesis of Pyridone-Containing 3,4-Dihydroisoquinoline-1(2H)-ones as a Novel Class of Enhancer of Zeste Homolog 2 (EZH2) Inhibitors."\n}', '{\n  "paper_type": {\n    "screening": true,\n    "known": false\n  },\n  "screens": {\n    "fragment": false,\n    "undirected": true,\n    "directed": false,\n    "virtual": false,\n    "del": false\n  },\n  "title": "Identification of (R)-N-((4-Methoxy-6-methyl-2-oxo-1,2-dihydropyridin-3-yl)methyl)-2-methyl-1-(1-(1-(2,2,2-trifluoroethyl)piperidin-4-yl)ethyl)-1H-indole-3-carboxamide (CPI-1205), a Potent and Selective Inhibitor of Histone Methyltransferase EZH2, Suitable for Phase I Clinical Trials for B-Cell Lymphomas."\n}', '{\n  "paper_type": {\n    "screening": true,\n    "known": false\n  },\n  "screens": {\n    "fragment": false,\n    "undirected": true,\n    "directed": false,\n    "virtual": false,\n    "del": false\n  },\n  "title": "Discovery, design, and synthesis of indole-based EZH2 inhibitors."\n}', '{\n  "paper_type": {\n    "screening": true,\n    "known": false\n  },\n  "screens": {\n    "fragment": false,\n    "undirected": true,\n    "directed": false,\n    "virtual": false,\n    "del": false\n  },\n  "title": "Discovery of Clinical Candidate CEP-37440, a Selective Inhibitor of Focal Adhesion Kinase (FAK) and Anaplastic Lymphoma Kinase (ALK)."\n}', '{\n  "paper_type": {\n    "screening": true,\n    "known": false\n  },\n  "screens": {\n    "fragment": false,\n    "undirected": false,\n    "directed": false,\n    "virtual": false,\n    "del": false\n  },\n  "title": "Discovery of Brigatinib (AP26113), a Phosphine Oxide-Containing, Potent, Orally Active Inhibitor of Anaplastic Lymphoma Kinase."\n}', '{\n  "paper_type": {\n    "screening": true,\n    "known": false\n  },\n  "screens": {\n    "fragment": false,\n    "undirected": false,\n    "directed": false,\n    "virtual": false,\n    "del": false\n  },\n  "title": "Discovery of Entrectinib: A New 3-Aminoindazole As a Potent Anaplastic Lymphoma Kinase (ALK), c-ros Oncogene 1 Kinase (ROS1), and Pan-Tropomyosin Receptor Kinases (Pan-TRKs) inhibitor."\n}', '{\n  "paper_type": {\n    "screening": true,\n    "known": false\n  },\n  "screens": {\n    "fragment": false,\n    "undirected": true,\n    "directed": false,\n    "virtual": false,\n    "del": false\n  },\n  "title": "Discovery and Pharmacokinetic and Pharmacological Properties of the Potent and Selective MET Kinase Inhibitor 1-{6-[6-(4-Fluorophenyl)-[1,2,4]triazolo[4,3-b]pyridazin-3-ylsulfanyl]benzothiazol-2-yl}-3-(2-morpholin-4-ylethyl)urea (SAR125844)."\n}', '{\n  "paper_type": {\n    "screening": true,\n    "known": false\n  },\n  "screens": {\n    "fragment": false,\n    "undirected": false,\n    "directed": false,\n    "virtual": false,\n    "del": false\n  },\n  "title": "Discovery of (R)-6-(1-(8-Fluoro-6-(1-methyl-1H-pyrazol-4-yl)-[1,2,4]triazolo[4,3-a]pyridin-3-yl)ethyl)-3-(2-methoxyethoxy)-1,6-naphthyridin-5(6H)-one (AMG 337), a Potent and Selective Inhibitor of MET with High Unbound Target Coverage and Robust In Vivo Antitumor Activity."\n}', '{\n  "paper_type": {\n    "screening": true,\n    "known": false\n  },\n  "screens": {\n    "fragment": false,\n    "undirected": false,\n    "directed": false,\n    "virtual": false,\n    "del": false\n  },\n  "title": "Discovery of (S)-1-(1-(4-Chloro-3-fluorophenyl)-2-hydroxyethyl)-4-(2-((1-methyl-1H-pyrazol-5-yl)amino)pyrimidin-4-yl)pyridin-2(1H)-one (GDC-0994), an Extracellular Signal-Regulated Kinase 1/2 (ERK1/2) Inhibitor in Early Clinical Development."\n}', '{\n  "paper_type": {\n    "screening": true,\n    "known": false\n  },\n  "screens": {\n    "fragment": false,\n    "undirected": false,\n    "directed": false,\n    "virtual": false,\n    "del": false\n  },\n  "title": "Discovery and Characterization of (8S,9R)-5-Fluoro-8-(4-fluorophenyl)-9-(1-methyl-1H-1,2,4-triazol-5-yl)-2,7,8,9-tetrahydro-3H-pyrido[4,3,2-de]phthalazin-3-one (BMN 673, Talazoparib), a Novel, Highly Potent, and Orally Efficacious Poly(ADP-ribose) Polymerase-1/2 Inhibitor, as an Anticancer Agent."\n}', '{\n  "paper_type": {\n    "screening": true,\n    "known": false\n  },\n  "screens": {\n    "fragment": false,\n    "undirected": false,\n    "directed": false,\n    "virtual": false,\n    "del": false\n  },\n  "title": "Discovery of Vibegron: A Potent and Selective β3 Adrenergic Receptor Agonist for the Treatment of Overactive Bladder."\n}', '{\n  "paper_type": {\n    "screening": true,\n    "known": false\n  },\n  "screens": {\n    "fragment": false,\n    "undirected": true,\n    "directed": false,\n    "virtual": false,\n    "del": false\n  },\n  "title": "Discovery of 5-Chloro-1-(5-chloro-2-(methylsulfonyl)benzyl)-2-imino-1,2-dihydropyridine-3-carboxamide (TAK-259) as a Novel, Selective, and Orally Active α1D Adrenoceptor Antagonist with Antiurinary Frequency Effects: Reducing Human Ether-a-go-go-Related Gene (hERG) Liabilities."\n}', '{\n  "paper_type": {\n    "screening": true,\n    "known": false\n  },\n  "screens": {\n    "fragment": false,\n    "undirected": true,\n    "directed": false,\n    "virtual": false,\n    "del": false\n  },\n  "title": "Discovery of Tropifexor (LJN452), a Highly Potent Non-bile Acid FXR Agonist for the Treatment of Cholestatic Liver Diseases and Nonalcoholic Steatohepatitis (NASH)."\n}', '{\n  "paper_type": {\n    "screening": true,\n    "known": false\n  },\n  "screens": {\n    "fragment": false,\n    "undirected": true,\n    "directed": false,\n    "virtual": false,\n    "del": false\n  },\n  "title": "Discovery of 6-(4-{[5-Cyclopropyl-3-(2,6-dichlorophenyl)isoxazol-4-yl]methoxy}piperidin-1-yl)-1-methyl-1H-indole-3-carboxylic Acid: A Novel FXR Agonist for the Treatment of Dyslipidemia."\n}', '{\n  "paper_type": {\n    "screening": true,\n    "known": false\n  },\n  "screens": {\n    "fragment": false,\n    "undirected": true,\n    "directed": false,\n    "virtual": false,\n    "del": false\n  },\n  "title": "Discovery of Clinical Candidate 2-((2S,6S)-2-Phenyl-6-hydroxyadamantan-2-yl)-1-(3\'-hydroxyazetidin-1-yl)ethanone [BMS-816336], an Orally Active Novel Selective 11β-Hydroxysteroid Dehydrogenase Type 1 Inhibitor."\n}', '{\n  "paper_type": {\n    "screening": true,\n    "known": false\n  },\n  "screens": {\n    "fragment": false,\n    "undirected": false,\n    "directed": false,\n    "virtual": false,\n    "del": false\n  },\n  "title": "Discovery of LY3104607: A Potent and Selective G Protein-Coupled Receptor 40 (GPR40) Agonist with Optimized Pharmacokinetic Properties to Support Once Daily Oral Treatment in Patients with Type 2 Diabetes Mellitus."\n}', '{\n  "paper_type": {\n    "screening": true,\n    "known": false\n  },\n  "screens": {\n    "fragment": false,\n    "undirected": false,\n    "directed": false,\n    "virtual": false,\n    "del": false\n  },\n  "title": "The Discovery, Preclinical, and Early Clinical Development of Potent and Selective GPR40 Agonists for the Treatment of Type 2 Diabetes Mellitus (LY2881835, LY2922083, and LY2922470)."\n}', '{\n  "paper_type": {\n    "screening": true,\n    "known": false\n  },\n  "screens": {\n    "fragment": false,\n    "undirected": false,\n    "directed": false,\n    "virtual": false,\n    "del": false\n  },\n  "title": "Discovery of a Parenteral Small Molecule Coagulation Factor XIa Inhibitor Clinical Candidate (BMS-962212)."\n}', '{\n  "paper_type": {\n    "screening": true,\n    "known": false\n  },\n  "screens": {\n    "fragment": false,\n    "undirected": false,\n    "directed": false,\n    "virtual": false,\n    "del": false\n  },\n  "title": "Discovery of N-[Bis(4-methoxyphenyl)methyl]-4-hydroxy-2-(pyridazin-3-yl)pyrimidine-5-carboxamide (MK-8617), an Orally Active Pan-Inhibitor of Hypoxia-Inducible Factor Prolyl Hydroxylase 1-3 (HIF PHD1-3) for the Treatment of Anemia."\n}', '{\n  "paper_type": {\n    "screening": true,\n    "known": true\n  },\n  "screens": {\n    "fragment": false,\n    "undirected": false,\n    "directed": false,\n    "virtual": false,\n    "del": false\n  },\n  "title": "Discovery of 2-[[2-Ethyl-6-[4-[2-(3-hydroxyazetidin-1-yl)-2-oxoethyl]piperazin-1-yl]-8-methylimidazo[1,2-a]pyridin-3-yl]methylamino]-4-(4-fluorophenyl)thiazole-5-carbonitrile (GLPG1690), a First-in-Class Autotaxin Inhibitor Undergoing Clinical Evaluation for the Treatment of Idiopathic Pulmonary Fibrosis."\n}', '{\n  "paper_type": {\n    "screening": true,\n    "known": false\n  },\n  "screens": {\n    "fragment": false,\n    "undirected": true,\n    "directed": false,\n    "virtual": false,\n    "del": false\n  },\n  "title": "Discovery of Second Generation Reversible Covalent DPP1 Inhibitors Leading to an Oxazepane Amidoacetonitrile Based Clinical Candidate (AZD7986)."\n}', '{\n  "paper_type": {\n    "screening": true,\n    "known": false\n  },\n  "screens": {\n    "fragment": false,\n    "undirected": true,\n    "directed": false,\n    "virtual": false,\n    "del": false\n  },\n  "title": "Discovery of 6-Amino-2-{[(1S)-1-methylbutyl]oxy}-9-[5-(1-piperidinyl)pentyl]-7,9-dihydro-8H-purin-8-one (GSK2245035), a Highly Potent and Selective Intranasal Toll-Like Receptor 7 Agonist for the Treatment of Asthma."\n}', '{\n  "paper_type": {\n    "screening": true,\n    "known": false\n  },\n  "screens": {\n    "fragment": false,\n    "undirected": false,\n    "directed": false,\n    "virtual": false,\n    "del": false\n  },\n  "title": "Development of a Series of Kynurenine 3-Monooxygenase Inhibitors Leading to a Clinical Candidate for the Treatment of Acute Pancreatitis."\n}', '{\n  "paper_type": {\n    "screening": true,\n    "known": false\n  },\n  "screens": {\n    "fragment": false,\n    "undirected": false,\n    "directed": false,\n    "virtual": false,\n    "del": false\n  },\n  "title": "Identification of the Clinical Candidate (R)-(1-(4-Fluorophenyl)-6-((1-methyl-1H-pyrazol-4-yl)sulfonyl)-4,4a,5,6,7,8-hexahydro-1H-pyrazolo[3,4-g]isoquinolin-4a-yl)(4-(trifluoromethyl)pyridin-2-yl)methanone (CORT125134): A Selective Glucocorticoid Receptor (GR) Antagonist."\n}', '{\n  "paper_type": {\n    "screening": true,\n    "known": false\n  },\n  "screens": {\n    "fragment": false,\n    "undirected": true,\n    "directed": false,\n    "virtual": false,\n    "del": false\n  },\n  "title": "2-Benzenesulfonyl-8a-benzyl-hexahydro-2H-isoquinolin-6-ones as selective glucocorticoid receptor antagonists."\n}', '{\n  "paper_type": {\n    "screening": true,\n    "known": false\n  },\n  "screens": {\n    "fragment": false,\n    "undirected": true,\n    "directed": false,\n    "virtual": false,\n    "del": false\n  },\n  "title": "Discovery of an Orally Bioavailable, Brain-Penetrating, in Vivo Active Phosphodiesterase 2A Inhibitor Lead Series for the Treatment of Cognitive Disorders."\n}', '{\n  "paper_type": {\n    "screening": true,\n    "known": false\n  },\n  "screens": {\n    "fragment": false,\n    "undirected": false,\n    "directed": false,\n    "virtual": true,\n    "del": false\n  },\n  "title": "Discovery of Clinical Candidate N-((1S)-1-(3-Fluoro-4-(trifluoromethoxy)phenyl)-2-methoxyethyl)-7-methoxy-2-oxo-2,3-dihydropyrido[2,3-b]pyrazine-4(1H)-carboxamide (TAK-915): A Highly Potent, Selective, and Brain-Penetrating Phosphodiesterase 2A Inhibitor for the Treatment of Cognitive Disorders."\n}', '{\n  "paper_type": {\n    "screening": true,\n    "known": false\n  },\n  "screens": {\n    "fragment": false,\n    "undirected": true,\n    "directed": false,\n    "virtual": false,\n    "del": false\n  },\n  "title": "Discovery of Potent and Selective Inhibitors of Phosphodiesterase 1 for the Treatment of Cognitive Impairment Associated with Neurodegenerative and Neuropsychiatric Diseases."\n}', '{\n  "paper_type": {\n    "screening": true,\n    "known": false\n  },\n  "screens": {\n    "fragment": false,\n    "undirected": true,\n    "directed": false,\n    "virtual": false,\n    "del": false\n  },\n  "title": "Discovery and Development of 1-[(2-Bromophenyl)sulfonyl]-5-methoxy-3-[(4-methyl-1-piperazinyl)methyl]-1H-indole Dimesylate Monohydrate (SUVN-502): A Novel, Potent, Selective and Orally Active Serotonin 6 (5-HT6) Receptor Antagonist for Potential Treatment of Alzheimer\'s Disease."\n}', '{\n  "paper_type": {\n    "screening": true,\n    "known": false\n  },\n  "screens": {\n    "fragment": false,\n    "undirected": false,\n    "directed": false,\n    "virtual": false,\n    "del": false\n  },\n  "title": "Neuroactive Steroids. 2. 3α-Hydroxy-3β-methyl-21-(4-cyano-1H-pyrazol-1\'-yl)-19-nor-5β-pregnan-20-one (SAGE-217): A Clinical Next Generation Neuroactive Steroid Positive Allosteric Modulator of the (γ-Aminobutyric Acid)A Receptor."\n}', '{\n  "paper_type": {\n    "screening": true,\n    "known": false\n  },\n  "screens": {\n    "fragment": false,\n    "undirected": true,\n    "directed": false,\n    "virtual": false,\n    "del": false\n  },\n  "title": "Discovery of Clinical Candidate 4-[2-(5-Amino-1H-pyrazol-4-yl)-4-chlorophenoxy]-5-chloro-2-fluoro-N-1,3-thiazol-4-ylbenzenesulfonamide (PF-05089771): Design and Optimization of Diaryl Ether Aryl Sulfonamides as Selective Inhibitors of NaV1.7."\n}', '{\n  "paper_type": {\n    "screening": true,\n    "known": false\n  },\n  "screens": {\n    "fragment": false,\n    "undirected": false,\n    "directed": false,\n    "virtual": true,\n    "del": false\n  },\n  "title": "The Discovery of a Potent, Selective, and Peripherally Restricted Pan-Trk Inhibitor (PF-06273340) for the Treatment of Pain."\n}', '{\n  "paper_type": {\n    "screening": true,\n    "known": false\n  },\n  "screens": {\n    "fragment": false,\n    "undirected": false,\n    "directed": false,\n    "virtual": false,\n    "del": false\n  },\n  "title": "Discovery of N-(5-Fluoropyridin-2-yl)-6-methyl-4-(pyrimidin-5-yloxy)picolinamide (VU0424238): A Novel Negative Allosteric Modulator of Metabotropic Glutamate Receptor Subtype 5 Selected for Clinical Evaluation."\n}', '{\n  "paper_type": {\n    "screening": true,\n    "known": false\n  },\n  "screens": {\n    "fragment": false,\n    "undirected": true,\n    "directed": false,\n    "virtual": false,\n    "del": false\n  },\n  "title": "4-Methyl-6,7-dihydro-4H-triazolo[4,5-c]pyridine-Based P2X7 Receptor Antagonists: Optimization of Pharmacokinetic Properties Leading to the Identification of a Clinical Candidate."\n}', '{\n  "paper_type": {\n    "screening": true,\n    "known": false\n  },\n  "screens": {\n    "fragment": false,\n    "undirected": true,\n    "directed": false,\n    "virtual": false,\n    "del": false\n  },\n  "title": "A Dipolar Cycloaddition Reaction To Access 6-Methyl-4,5,6,7-tetrahydro-1H-[1,2,3]triazolo[4,5-c]pyridines Enables the Discovery Synthesis and Preclinical Profiling of a P2X7 Antagonist Clinical Candidate."\n}', '{\n  "paper_type": {\n    "screening": true,\n    "known": false\n  },\n  "screens": {\n    "fragment": false,\n    "undirected": true,\n    "directed": false,\n    "virtual": false,\n    "del": false\n  },\n  "title": "Discovery of a Potent, Selective T-type Calcium Channel Blocker as a Drug Candidate for the Treatment of Generalized Epilepsies."\n}', '{\n  "paper_type": {\n    "screening": true,\n    "known": true\n  },\n  "screens": {\n    "fragment": false,\n    "undirected": false,\n    "directed": false,\n    "virtual": false,\n    "del": false\n  },\n  "title": "Discovery of a Hepatitis C Virus NS5B Replicase Palm Site Allosteric Inhibitor (BMS-929075) Advanced to Phase 1 Clinical Studies."\n}', '{\n  "paper_type": {\n    "screening": true,\n    "known": false\n  },\n  "screens": {\n    "fragment": false,\n    "undirected": false,\n    "directed": false,\n    "virtual": false,\n    "del": false\n  },\n  "title": "Discovery of Ruzasvir (MK-8408): A Potent, Pan-Genotype HCV NS5A Inhibitor with Optimized Activity against Common Resistance-Associated Polymorphisms."\n}', '{\n  "paper_type": {\n    "screening": true,\n    "known": true\n  },\n  "screens": {\n    "fragment": false,\n    "undirected": false,\n    "directed": false,\n    "virtual": false,\n    "del": false\n  },\n  "title": "Discovery of a Potent Acyclic, Tripeptidic, Acyl Sulfonamide Inhibitor of Hepatitis C Virus NS3 Protease as a Back-up to Asunaprevir with the Potential for Once-Daily Dosing."\n}', '{\n  "paper_type": {\n    "screening": true,\n    "known": false\n  },\n  "screens": {\n    "fragment": false,\n    "undirected": true,\n    "directed": false,\n    "virtual": false,\n    "del": false\n  },\n  "title": "Inhibitors of HIV-1 Attachment: The Discovery and Development of Temsavir and its Prodrug Fostemsavir."\n}', '{\n  "paper_type": {\n    "screening": true,\n    "known": false\n  },\n  "screens": {\n    "fragment": false,\n    "undirected": true,\n    "directed": false,\n    "virtual": false,\n    "del": false\n  },\n  "title": "Discovery of the Aryl-phospho-indole IDX899, a Highly Potent Anti-HIV Non-nucleoside Reverse Transcriptase Inhibitor."\n}', '{\n  "paper_type": {\n    "screening": true,\n    "known": false\n  },\n  "screens": {\n    "fragment": false,\n    "undirected": true,\n    "directed": false,\n    "virtual": false,\n    "del": false\n  },\n  "title": "Discovery of a Potent and Specific M. tuberculosis Leucyl-tRNA Synthetase Inhibitor: (S)-3-(Aminomethyl)-4-chloro-7-(2-hydroxyethoxy)benzo[c][1,2]oxaborol-1(3H)-ol (GSK656)."\n}', '{\n  "paper_type": {\n    "screening": true,\n    "known": false\n  },\n  "screens": {\n    "fragment": false,\n    "undirected": false,\n    "directed": false,\n    "virtual": false,\n    "del": false\n  },\n  "title": "Development of a Dual-Acting Antibacterial Agent (TNP-2092) for the Treatment of Persistent Bacterial Infections."\n}', '{\n  "paper_type": {\n    "screening": true,\n    "known": false\n  },\n  "screens": {\n    "fragment": false,\n    "undirected": false,\n    "directed": false,\n    "virtual": false,\n    "del": true\n  },\n  "title": "Discovery of a First-in-Class Receptor Interacting Protein 1 (RIP1) Kinase Specific Clinical Candidate (GSK2982772) for the Treatment of Inflammatory Diseases."\n}', '{\n  "paper_type": {\n    "screening": true,\n    "known": false\n  },\n  "screens": {\n    "fragment": false,\n    "undirected": true,\n    "directed": false,\n    "virtual": false,\n    "del": false\n  },\n  "title": "Discovery of N-{4-[5-(4-Fluorophenyl)-3-methyl-2-methylsulfanyl-3H-imidazol-4-yl]-pyridin-2-yl}-acetamide (CBS-3595), a Dual p38α MAPK/PDE-4 Inhibitor with Activity against TNFα-Related Diseases."\n}', '{\n  "paper_type": {\n    "screening": true,\n    "known": false\n  },\n  "screens": {\n    "fragment": false,\n    "undirected": false,\n    "directed": false,\n    "virtual": false,\n    "del": false\n  },\n  "title": "Discovery of Clinical Candidate 1-{[(2S,3S,4S)-3-Ethyl-4-fluoro-5-oxopyrrolidin-2-yl]methoxy}-7-methoxyisoquinoline-6-carboxamide (PF-06650833), a Potent, Selective Inhibitor of Interleukin-1 Receptor Associated Kinase 4 (IRAK4), by Fragment-Based Drug Design."\n}', '{\n  "paper_type": {\n    "screening": true,\n    "known": false\n  },\n  "screens": {\n    "fragment": false,\n    "undirected": true,\n    "directed": false,\n    "virtual": false,\n    "del": false\n  },\n  "title": "Discovery of 6-Fluoro-5-(R)-(3-(S)-(8-fluoro-1-methyl-2,4-dioxo-1,2-dihydroquinazolin-3(4H)-yl)-2-methylphenyl)-2-(S)-(2-hydroxypropan-2-yl)-2,3,4,9-tetrahydro-1H-carbazole-8-carboxamide (BMS-986142): A Reversible Inhibitor of Bruton\'s Tyrosine Kinase (BTK) Conformationally Constrained by Two Locked Atropisomers."\n}']
Performance counter: 153.053007 seconds
End: 1771456470 s
Runtime: 480 s
Batch runtime: 304 s
Streamer runtime: 176 s
