doi_norm,pubmed_id_norm,abstract,abstract_source,abstract_status,retrieved_at_utc
10.1002/cmdc.201300343,24127258,"The NS5A protein plays a critical role in the replication of HCV and has been the focus of numerous research efforts over the past few years. NS5A inhibitors have shown impressive in vitro potency profiles in HCV replicon assays, making them attractive components for inclusion in all oral combination regimens. Early work in the NS5A arena led to the discovery of our first clinical candidate, MK-4882 [2-((S)-pyrrolidin-2-yl)-5-(2-(4-(5-((S)-pyrrolidin-2-yl)-1H-imidazol-2-yl)phenyl)benzofuran-5-yl)-1H-imidazole]. While preclinical proof-of-concept studies in HCV-infected chimpanzees harboring chronic genotype 1 infections resulted in significant decreases in viral load after both single- and multiple-dose treatments, viral breakthrough proved to be a concern, thus necessitating the development of compounds with increased potency against a number of genotypes and NS5A resistance mutations. Modification of the MK-4882 core scaffold by introduction of a cyclic constraint afforded a series of tetracyclic inhibitors, which showed improved virologic profiles. Herein we describe the research efforts that led to the discovery of MK-8742, a tetracyclic indole-based NS5A inhibitor, which is currently in phase 2b clinical trials as part of an all-oral, interferon-free regimen for the treatment of HCV infection.",pubmed_doi_fallback,ok,2026-03-05T18:36:04.167197+00:00
10.1016/j.bmc.2015.06.016,26116177,"Heterocyclic compounds execute a very important role in drug design and discovery. This article provides the basic milestones of the research for pyrroloaryl and pyrroloheteroaryl based components targeting HIV viral replication cycle. Anti-HIV activity is elaborated for several classes of pyrrolo-compounds as pyrrolopyridines, pyrrolopyrimidines, pyrrolopyridazines, pyrrolobenzodiazepinones, pyrrolobenzothiazepines, pyrrolobenzoxazepinones, pyrrolophenanthridines, pyrroloquinoxalines, pyrrolotriazines, pyrroloquinolines, pyrrolopyrazinones, pyrrolothiatriazines, arylthiopyrroles and pyrrolopyrazolones targeting two essential HIV enzymes, reverse transcriptase and integrase as well as attachment/fusion of HIV virons to the host CD-4 cell. Such attempts were resulted in a discovery of highly potent anti-HIV agents suitable for clinical trials, for example, BMS-378806, BMS-585248, BMS-626529, BMS-663068, BMS-488043 and BMS-663749, etc. as anti-HIV attachment agents, triciribine, QX432, BI-1 and BI-2 as HIV RT inhibitors which are in preclinical or clinical development. Mechanism of action of compounds presented in this article towards the suppression of HIV attachment/fusion as well as against the activities of HIV enzymes reverse transcriptase and integrase has been discussed. Relationships of new compounds' molecular framework and HIV viral target has been overviewed in order to facilitate further construction of promising anti-HIV agents in future drug discovery process.",chembl_document,ok,2026-03-05T18:41:37.229646+00:00
10.1016/j.bmc.2017.03.008,28314513,"BRD4 is an attractive target for antitumor due to its important role in regulation of gene transcription. In this paper, we synthesized a series of 7-methylimidazo[1,5-a]pyrazin-8(7H)-one derivatives as potent BRD4 inhibitors and evaluated their BRD4 inhibitory activities in vitro and anti-proliferation effects on tumor cells. Gratifyingly, compound 10j exhibited robust potency of BRD4(1) and BRD4(2) inhibition with IC50 values of 130 and 76nM respectively. Docking studies were performed to explain the structure-activity relationship. Furthermore, compound 10j potently inhibited cell proliferation in BRD4-sensitive cell lines HL-60 and MV4-11 with IC50 value of 0.57 and 0.18μM respectively. Activity on BRD4-independent K562 cell was weaker than on BRD4-sensitive lines. Overall, these results suggest that compound 10j is a potential BRD4 inhibitor deserving further investigation for cancer treatment.",chembl_document,ok,2026-03-05T18:41:37.229646+00:00
10.1016/j.bmc.2018.05.010,29764756,"A combination approach of a fragment screening and ""SAR by catalog"" was used for the discovery of bromodomain-containing protein 4 (BRD4) inhibitors. Initial screening of 3695-fragment library against bromodomain 1 of BRD4 using thermal shift assay (TSA), followed by initial hit validation, resulted in 73 fragment hits, which were used to construct a follow-up library selected from available screening collection. Additionally, analogs of inactive fragments, as well as a set of randomly selected compounds were also prepared (3 × 3200 compounds in total). Screening of the resulting sets using TSA, followed by re-testing at several concentrations, counter-screen, and TR-FRET assay resulted in 18 confirmed hits. Compounds derived from the initial fragment set showed better hit rate as compared to the other two sets. Finally, building dose-response curves revealed three compounds with IC50 = 1.9-7.4 μM. For these compounds, binding sites and conformations in the BRD4 (4UYD) have been determined by docking.",chembl_document,ok,2026-03-05T18:41:37.229646+00:00
10.1016/j.bmc.2019.03.009,30853331,"Janus kinases (JAKs) play a key role in the proliferation, apoptosis and differentiation of immune cells, and JAKs are considered as an attractive target for the treatment of inflammatory and autoimmune diseases. Here we show the design and optimization of pyrimidine-4,6-diamine derivatives as selectivity JAK3 inhibitors. Compound 11e, which might interact with unique cysteine (Cys909) residue in JAK3, exhibited excellent JAK3 inhibitory activity (IC<sub>50</sub> = 2.1 nM) and high JAK kinase selectivity. In cellular assay, 11e showed moderate potency inhibiting IL-2-stimulated T cell proliferation. The data supports the further development of novel JAKs inhibitors.",chembl_document,ok,2026-03-05T18:41:37.229646+00:00
10.1016/j.bmc.2019.06.044,31285097,"Inspired by bioactive biaryl-containing natural products found in plants and the marine environment, a series of synthetic compounds belonging to the azaBINOL chiral ligand family was evaluated for antiviral activity against HIV-1. Testing of 39 unique azaBINOLs and two BINOLs in a single-round infectivity assay resulted in the identification of three promising antiviral compounds, including 7-isopropoxy-8-(naphth-1-yl)quinoline (azaBINOL B#24), which exhibited low-micromolar activity without associated cytotoxicity. The active compounds and several close structural analogues were further tested against three different HIV-1 envelope pseudotyped viruses as well as in a full-virus replication system (EASY-HIT). The in vitro studies indicated that azaBINOL B#24 acts on early stages of viral replication before viral assembly and budding. Next we explored B#24's activity against HIV-1 reverse transcriptase (RT) and individually tested for polymerase and RNase H activity. The azaBINOL B#24 inhibits RNase H activity and binds directly to the HIV-1 RT enzyme. Additionally, we observe additive inhibitory activity against pseudotyped viruses when B#24 is dosed in competition with the clinically used non-nucleoside reverse transcriptase inhibitor (NNRTI) efavirenz. When tested against a multi-drug resistant HIV-1 isolate with drug resistance associated mutations in regions encoding for HIV-1 RT and protease, B#24 only exhibits a 5.1-fold net decrease in IC<sub>50</sub> value, while efavirenz' activity decreases by 7.6-fold. These results indicate that azaBINOL B#24 is a potentially viable, novel lead for the development of new HIV-1 RNase H inhibitors. Furthermore, this study demonstrates that the survey of libraries of synthetic compounds, designed purely with the goal of facilitating chemical synthesis in mind, may yield unexpected and selective drug leads for the development of new antiviral agents.",chembl_document,ok,2026-03-05T18:41:37.229646+00:00
10.1016/j.bmc.2020.115757,32992245,"Urgent treatments, in any modality, to fight SARS-CoV-2 infections are desired by society in general, by health professionals, by Estate-leaders and, mainly, by the scientific community, because one thing is certain amidst the numerous uncertainties regarding COVID-19: knowledge is the means to discover or to produce an effective treatment against this global disease. Scientists from several areas in the world are still committed to this mission, as shown by the accelerated scientific production in the first half of 2020 with over 25,000 published articles related to the new coronavirus. Three great lines of publications related to COVID-19 were identified for building this article: The first refers to knowledge production concerning the virus and pathophysiology of COVID-19; the second regards efforts to produce vaccines against SARS-CoV-2 at a speed without precedent in the history of science; the third comprehends the attempts to find a marketed drug that can be used to treat COVID-19 by drug repurposing. In this review, the drugs that have been repurposed so far are grouped according to their chemical class. Their structures will be presented to provide better understanding of their structural similarities and possible correlations with mechanisms of actions. This can help identifying anti-SARS-CoV-2 promising therapeutic agents.",chembl_document,ok,2026-03-05T18:41:37.229646+00:00
10.1016/j.bmc.2020.115795,33032188,"Aiming to develop novel ATX inhibitors, an indole-3-carboxylic acid lead Indole-1 was identified through high-throughput screening (HTS) efforts. The Indole-1 analogs 1-7 was firstly prepared which exerted mild activity comparable to Indole-1 (740 nM) in ATX enzyme assay. Further structural modification to identify type IV ATX inhibitors was proceeded through derivatization of the indole-3-carboxylic acid group. Resultantly, compounds 8-17 containing acyl hydrazone linker displayed poor activity (over 3.49 μM). Alternatively, replacing the acylhydrazone linker with urea counterpart by the amide bond reversal principle, the acquired compounds 18-22 achieved obvious improvements with submicromolar activities. Furthermore, with the aim to reducing cLogP, the thiazole ring of 18-22 was altered to the benzamide (23-32) with the urea linker unchanged. Remarkably, the benzamide derivative 24 with 4-hydroxy piperidine fragment was identified which exhibited prominent activity with IC value of 2.3 nM. Especially, dedicated molecular docking study was throughout the modification process which qualified 24 as optimal entity in accordance with the ATX inhibitory results.",chembl_document,ok,2026-03-05T18:41:37.229646+00:00
10.1016/j.bmc.2020.115811,33069129,"'precision medicine' is characterized by the selection of targeted drugs based on genetic characteristics of tumor from patients, and no longer selected basis on the type of cancer tissue. Among them, clinical trials on neurotrophin receptor tyrosine kinase genes (NTRK) have proven that great anti-cancer effects can be achieved in different cancer patients. In this paper, a novel total of twenty compounds in two categories have been designed and synthesized. Results of Kinase activity tests showed that I-9 (TRKA IC<sub>50</sub> = 1.3 nM, TRKA<sup>G595R</sup> IC<sub>50</sub> = 6.1 nM), and I-10 (TRKA IC<sub>50</sub> = 1.1 nM, TRKA<sup>G595R</sup> IC<sub>50</sub> = 5.3 nM) have significant inhibitory activity, and results of cell viability tests showed that I-9 and I-10 can maintain a great inhibitory effect in the Ba/F3-LMNA-NTRK1 cell line(IC<sub>50</sub> = 81.1 nM and 41.7 nM, respectively), and in Ba/F3-LMNA-NTRK1-G595R cell line, I-9 and I-10 have better cell activity (IC<sub>50</sub> was 495.3 nM, 336.6 nM, respectively) compared with the positive control drug LOXO-101. These results indicate that I-9 and I-10 are potential TRK inhibitors that can overcome drug resistance for further investigation.",chembl_document,ok,2026-03-05T18:41:37.229646+00:00
10.1016/j.bmc.2020.115815,33091850,"In this article, we report our efforts towards improving in vitro human clearance in a series of 5-azaquinazolines through a series of C4 truncations and C2 expansions. Extensive DMPK studies enabled us to tackle high Aldehyde Oxidase (AO) metabolism and unexpected discrepancies in human hepatocyte and liver microsomal intrinsic clearance. Our efforts culminated with the discovery of 5-azaquinazoline 35, which also displayed exquisite selectivity for IRAK4, and showed synergistic in vitro activity against MyD88/CD79 double mutant ABC-DLBCL in combination with the covalent BTK inhibitor acalabrutinib.",chembl_document,ok,2026-03-05T18:41:37.229646+00:00
10.1016/j.bmc.2020.115819,33120078,"The exploitation of GLU988 and LYS903 residues in PARP1 as targets to design isoquinolinone (I & II) and naphthyridinone (III) analogues is described. Compounds of structure I have good biochemical and cellular potency but suffered from inferior PK. Constraining the linear propylene linker of structure I into a cyclopentene ring (II) offered improved PK parameters, while maintaining potency for PARP1. Finally, to avoid potential issues that may arise from the presence of an anilinic moiety, the nitrogen substituent on the isoquinolinone ring was incorporated as part of the bicyclic ring. This afforded a naphthyridinone scaffold, as shown in structure III. Further optimization of naphthyridinone series led to identification of a novel and highly potent PARP1 inhibitor 34, which was further characterized as preclinical candidate molecule. Compound 34 is orally bioavailable and displayed favorable pharmacokinetic (PK) properties. Compound 34 demonstrated remarkable antitumor efficacy both as a single-agent as well as in combination with chemotherapeutic agents in the BRCA1 mutant MDA-MB-436 breast cancer xenograft model. Additionally, compound 34 also potentiated the effect of agents such as temozolomide in breast cancer, pancreatic cancer and Ewing's sarcoma models.",chembl_document,ok,2026-03-05T18:41:37.229646+00:00
10.1016/j.bmc.2021.116133,33862375,"Bromodomain and extra-terminal (BET) is a promising therapeutic target for various hematologic cancers. We used the BRD4 inhibitor compound 13 as a lead compound to develop a variety of compounds, and we introduced diverse groups into the position of the compound 13 orienting toward the ZA channel. A series of compounds (14-23, 38-41, 43, 47-49) bearing triazolopyridazine motif exhibited remarkable BRD4 protein inhibitory activities. Among them, compound 39 inhibited BRD4(BD1) protein with an IC<sub>50</sub> of 0.003 μM was superior to lead compound 13. Meanwhile, compound 39 possess activity, IC<sub>50</sub> = 2.1 μM, in antiproliferation activity against U266 cancer cells. On the other hand, compound 39 could arrest tumor cells into the G0/G1 phase and induce apoptosis, which was consistent with its results in inhibiting cell proliferation. Biological and biochemical data suggest that BRD4 protein might be a therapeutic target and that compound 39 is an excellent lead compound for further development.",chembl_document,ok,2026-03-05T18:41:37.229646+00:00
10.1016/j.bmc.2021.116362,34428714,"A series of imidazo[1,2-a]pyridine compounds bearing urea moiety (8-27) were designed, synthesized and evaluated for their ATX inhibitory activities in vitro by FS-3 based enzymatic assay. Delightfully, benzylamine derivatives (14-27) exhibited higher ATX inhibitory potency with IC<sub>50</sub> value ranging from 1.72 to 497 nM superior to benzamide analogues (8-13). Remarkably, benzylamine derivative 20 bearing 4-hydroxypiperidine exerted an amazing inhibitory activity (IC<sub>50</sub> = 1.72 nM) which exceeded the positive control GLPG1690 (IC<sub>50</sub> = 2.90 nM). Simultaneously, the binding model of 20 with ATX was established which rationalized the well performance of 20 in enzymatic assay. Accordingly, further in vivo studies were carried out to evaluate direct anti-fibrotic effects of 20 through Masson staining. Notably, 20 effectively alleviated lung structural damage with fewer fibrotic lesions at an oral dose of 60 mg/kg, qualifying 20 as a promising ATX inhibitor for IPF treatment.",chembl_document,ok,2026-03-05T18:41:37.229646+00:00
10.1016/j.bmc.2021.116364,34450570,"The nucleoside metabolite of remdesivir, GS-441524 displays potent anti-SARS-CoV-2 efficacy, and is being evaluated in clinical as an oral antiviral therapeutic for COVID-19. However, this nucleoside has a poor oral bioavailability in non-human primates, which may affect its therapeutic efficacy. Herein, we reported a variety of GS-441524 analogs with modifications on the base or the sugar moiety, as well as some prodrug forms, including five isobutyryl esters, two l-valine esters, and one carbamate. Among the new nucleosides, only the 7-fluoro analog 3c had moderate anti-SARS-CoV-2 activity, and its phosphoramidate prodrug 7 exhibited reduced activity in Vero E6 cells. As for the prodrugs, the 3'-isobutyryl ester 5a, the 5'-isobutyryl ester 5c, and the tri-isobutyryl ester 5g hydrobromide showed excellent oral bioavailabilities (F = 71.6%, 86.6% and 98.7%, respectively) in mice, which provided good insight into the pharmacokinetic optimization of GS-441524.",chembl_document,ok,2026-03-05T18:41:37.229646+00:00
10.1016/j.bmc.2021.116396,34534734,"In order to explore novel TRK and ALK dual inhibitors, a series of 2-phenylamino-4-prolylpyrimidine derivatives were designed, synthesized and evaluated for their in vitro cytotoxicity and enzymatic activities. Delightfully, most compounds were detected moderated to excellent activities in cellular assay. Among them, compound 21 exhibited encouraging cytotoxicity on KM12, H2228 and KARPAS299 cells with IC<sub>50</sub> values of 0.86, 0.141 and 0.072 μM. Meanwhile, the performances of 21 in the enzymatic assays were in good accordance with anti-proliferative activity with IC<sub>50</sub> values of 2.2, 9.3 and 38 nM towards TRKA, ALK<sup>WT</sup> and ALK<sup>L1196M</sup>, respectively. Compared with Entrectinib, compound 21 not only ensured the inhibitory activity on TRKA, but also improved the affinity with ALK and ALK<sup>L1196M</sup> to a certain extent. Ultimately, the binding model of 21 with TRKA and ALK were ideally established through molecular docking, which further confirmed the SARs analysis.",chembl_document,ok,2026-03-05T18:41:37.229646+00:00
10.1016/j.bmc.2021.116523,34875467,"Since the end of 2019, the outbreak of Severe Acute Respiratory Syndrome Coronavirus 2 (SARS-CoV-2) has evolved into a global pandemic. There is an urgent need for effective and low-toxic antiviral drugs to remedy Remdesivir's limitation. Hydroxychloroquine, a broad spectrum anti-viral drug, showed inhibitory activity against SARS-CoV-2 in some studies. Thus, we adopted a drug repurposing strategy, and further investigated hydroxychloroquine. We obtained different configurations of hydroxychloroquine side chains by using chiral resolution technique, and successfully furnished R-/S-hydroxychloroquine sulfate through chemical synthesis. The R configuration of hydroxychloroquine was found to exhibit higher antiviral activity (EC50 = 3.05 μM) and lower toxicity in vivo. Therefore, R-HCQ is a promising lead compound against SARS-CoV-2. Our research provides new strategy for the subsequent research on small molecule inhibitors against SARS-CoV-2.",chembl_document,ok,2026-03-05T18:41:37.229646+00:00
10.1016/j.bmc.2021.116596,35033885,"FMS-like tyrosine kinase 3 (FLT3) enzyme overexpression and mutations are the most common molecular abnormalities associated with acute myeloid leukemia (AML). In addition, recent studies investigated the role of tropomyosin receptor kinase A (TrKA) enzyme fusions in promoting AML growth and survival. Based on these premises, targeting both kinases using dual inhibitors would constitute a promising therapeutic approach to target resistant AML. Guided by ligand-based design and structure simplification of the FLT3 inhibitor, quizartinib, we developed a benzimidazole-based small molecule, 4ACP, that exhibited nanomolar activity against wild-type FLT3, FLT3-Internal tandem duplications (FLT3-ITD), and FLT3-D835Y (FLT3-TKD) mutation (IC<sub>50</sub> = 43.8, 97.2, and 92.5 nM respectively). Additionally, 4ACP demonstrated potent activity against colon cancer KM12 cell line (IC<sub>50</sub> = 358 nM) and subsequent mechanistic deconvolution identified TrKA enzyme as a second plausible target (IC<sub>50</sub> = 23.6 nM) for our compound. 4ACP manifested preferential antiproliferative activity against FLT3-ITD positive AML cell lines (MV4-11 IC<sub>50</sub> = 38.8 ± 10.7 nM and MOLM-13 IC<sub>50</sub> = 54.9 ± 4.1 nM), while lacking activity against FLT3-ITD negative AML cell lines. Western blot analysis confirmed 4ACP ability to downregulate ERK1/2 and mTOR signaling downstream of FLT3-ITD in AML cells. Furthermore, 4ACP prompted apoptotic and necrotic cell death and G0/G1 cell cycle arrest as indicated by cell cycle analysis. 4ACP did not show cytotoxic effects on normal BNL and H9c2 cells and demonstrated decreased activity against c-Kit enzyme, hence, indicating lower probability of synthetic lethal toxicity and a relatively safer profile. In light of these data, 4ACP represents a novel FLT3/TrKA dual kinase inhibitor for targeted therapy of AML.",chembl_document,ok,2026-03-05T18:41:37.229646+00:00
10.1016/j.bmc.2022.116614,35033884,"Many lead compounds fail to reach clinical trials despite being potent because of low bioavailability attributed to their insufficient solubility making solubility a primary and crucial factor in early phase drug discovery. Solubility improvement of poorly soluble lead compounds without losing potency is a challenging task for the medicinal chemist in a drug discovery setup. Solubility is an important factor not only to dissipate or liquefy a substance but also to attain an optimal concentration of drug in systemic circulation required for the desired therapeutic effect. It has been estimated that more than forty percent of newly developed molecules are practically insoluble in water. Molecules with poor solubility not only cause difficulty for in vitro and in vivo assays but also add significant burdens to drug development in the form of longer time taken and increased cost to optimize the solubility. To tackle this problem, different techniques are being used such as physical, chemical, and miscellaneous methods to enhance solubility. Among them, the medicinal chemistry approach focussed on structural modification is a versatile and unique approach in way that it can also improve other pharmacokinetic/physicochemical parameters simultaneously. In this review, we have begun with brief introduction of solubility and its role followed by recent successful examples of different structural modification tactics reported in the literature including synthesis of prodrugs, hydrophilic and ionizable group insertion, addition & removal of hydrogen bonding, bioisosterism, disruption of molecular symmetry and planarity. Moreover, we have included a section on the obstacles in the solubility optimization and also summarised different in silico tools with potential application in solubility prediction. Overall, this review encompasses various successfully used solubility optimization examples using structure modification.",chembl_document,ok,2026-03-05T18:41:37.229646+00:00
10.1016/j.bmc.2022.116686,35228069,"Necroptosis, a key form of programmed lytic cell death, has gained recognition as an important driver in various inflammatory diseases. Inhibition of kinase activity of receptor interaction protein kinase 1 (RIPK1), which block the activation of the necroptosis pathway has shown therapeutic potential in many human diseases. In order to find new chemotypes of RIPK1 inhibitors, a virtual screening workflow was performed and led to the discovery of 8-benzoyl-3-benzyl-1,3,8-triazaspiro[4.5]decane-2,4-dione (compound 8) as a hit compound. Further structural optimization identified a series of 2,8-diazaspiro[4.5]decan-1-one derivatives as potent RIPK1 inhibitors. Among them, compound 41 exhibited prominent inhibitory activity against RIPK1 with an IC<sub>50</sub> value of 92 nM. Meanwhile, compound 41 showed a significant anti-necroptotic effect in a necroptosis model in U937 cells. Therefore, compound 41 could be employed as a lead compound of RIPK1 inhibitors for further structural optimization.",chembl_document,ok,2026-03-05T18:41:37.229646+00:00
10.1016/j.bmc.2022.116907,35810715,"EGFR<sup>T790M/C797S</sup> is an important target for the development of new generation of EGFR kinase inhibitors without drug resistance. In this work, a series of anilinopyrimidine derivatives that targeting EGFR<sup>T790M/C797S</sup> were designed, synthesized, and evaluated in vitro for the inhibitory effect on triple mutations kinases and cell lines. Based on the pharmacology data, the anilinopyrimidine derivatives showed high inhibitory activity on triple mutations kinases (EGFR<sup>del 18/T790M/C797S</sup> and EGFR<sup>L858R/T790M/C797S</sup>) as well as the cell line Ba/F3 with highly expression of EGFR<sup>del 18/T790M/C797S</sup>. In addition, the anilinopyrimidine derivatives had a more than 50-fold selectivity towards EGFR<sup>del 18/T790M/C797S</sup> as compared with EGFR<sup>WT</sup>. In vivo antitumor activity test also indicated that 8j had good pharmacokinetic parameters, low toxicity and better inhibitory activity. Overall, the anilinopyrimidine derivatives could be regarded as promising candidates for the further development of novel EGFR<sup>T790M/C797S</sup> inhibitors for clinical application.",chembl_document,ok,2026-03-05T18:41:37.229646+00:00
10.1016/j.bmc.2022.116995,36095945,"Aiming to develop novel tropomyosin receptor kinase A (TrkA) inhibitors, a scaffold hopping strategy was utilized by transforming the fused indazole of Entrectinib to phenyl triazole/thiazole skeleton to obtain compounds 7a-7 h and 13a-13 h. In the light of MTT assay, phenyl triazole derivatives 7a-7 h exhibited moderate anti-proliferative activities against KM-12 cells with the IC<sub>50</sub> values of 1.78-17.51 μM, while phenyl thiazole derivatives 13a-13 h showed the weaker efficacy. Further structure-guided optimizations by combining the phenyl triazole skeleton with 3,5‑difluorophenyl and 3-carbamoyl-4-piperazinylaniline moiety led to compounds 19a-19d and 20. Eventually, 19c bearing (2-(4-methylpiperazin-1-yl)phenyl)(morpholino)methanone moiety exhibited excellent anti-proliferative activity on TrkA-positive KM-12 cells with IC<sub>50</sub> value of 0.17 μM. Meanwhile, compound 19c showed the inhibitory potency on TrkA with IC<sub>50</sub> value of 1.6 nM, and displayed higher selectivity on TrkA over TrkB (IC<sub>50</sub> = 12.3 nM) and TrkC (IC<sub>50</sub> = 18.4 nM). The dedicated wound healing and colony formation assay indicated that the optimal compound 19c could suppress migration and significantly inhibit KM-12 cell colony formation in a dose-dependent manner. In addition, 19c could weakly induce apoptosis of KM-12 cell in immunofluorescent staining analysis. Taken together, the above results suggest 19c as a novel TrkA inhibitor worthy of further profiling.",chembl_document,ok,2026-03-05T18:41:37.229646+00:00
10.1016/j.bmc.2022.117033,36202064,"Targeted protein degradation using proteolysis-targeting chimeras (PROTACs) has emerged as an effective strategy for drug discovery, given their unique advantages over target protein inhibition. The bromodomain and extra-terminal (BET) family proteins play a key role in regulating oncogene expression and are considered attractive therapeutic targets for cancer therapy. Considering the therapeutic potential of BET proteins in cancer and the marked attractiveness of PROTACs, BET-targeting PROTACs have been extensively pursued. Recently, BET-targeting PROTACs based on new E3 ligases and novel strategies, such as light-activated, macrocyclic, folate-caged, aptamer-PROTAC conjugation, antibody-coupling, and autophagy-targeting strategies, have emerged. In the present review, we provide a comprehensive summary of advances in BET-targeting PROTACs.",chembl_document,ok,2026-03-05T18:41:37.229646+00:00
10.1016/j.bmc.2022.117043,36208544,"Neuroblastoma (NB) is the second leading extracranial solid tumor of early childhood with about two-thirds of cases presenting before the age of 5, and accounts for roughly 15 percent of all pediatric cancer fatalities in the United States. Treatments against NB are lacking, resulting in a low survival rate in high-risk patients. A repurposing approach using already approved or clinical stage compounds can be used for diseases for which the patient population is small, and the commercial market limited. We have used Bayesian machine learning, in vitro cell assays, and combination analysis to identify molecules with potential use for NB. We demonstrated that pyronaridine (SH-SY5Y IC<sub>50</sub> 1.70 µM, SK-N-AS IC<sub>50</sub> 3.45 µM), BAY 11-7082 (SH-SY5Y IC<sub>50</sub> 0.85 µM, SK-N-AS IC<sub>50</sub> 1.23 µM), niclosamide (SH-SY5Y IC<sub>50</sub> 0.87 µM, SK-N-AS IC<sub>50</sub> 2.33 µM) and fingolimod (SH-SY5Y IC<sub>50</sub> 4.71 µM, SK-N-AS IC<sub>50</sub> 6.11 µM) showed cytotoxicity against NB. As several of the molecules are approved drugs in the US or elsewhere, they may be repurposed more readily for NB treatment. Pyronaridine was also tested in combinations in SH-SY5Y cells and demonstrated an antagonistic effect with either etoposide or crizotinib. Whereas when crizotinib and etoposide were combined with each other they had a synergistic effect in these cells. We have also described several analogs of pyronaridine to explore the structure-activity relationship against cell lines. We describe multiple molecules demonstrating cytotoxicity against NB and the further evaluation of these molecules and combinations using other NB cells lines and in vivo models will be important in the future to assess translational potential.",chembl_document,ok,2026-03-05T18:41:37.229646+00:00
10.1016/j.bmc.2022.117133,36599263,"In this article, we designed and synthesized a series of novel thiophene-triazine derivatives bearing arylurea unit as potent dual PI3K/mTOR inhibitors. The cytotoxicity of all the target compounds were evaluated against nine cancer cell lines (breast cancer cell line MCF-7, lung cancer cell lines A549, NCI-H460, H2228 and H1975, cervical cancer cell lines Hela and Hela-MDR, ovarian cancer cell lines Ovcar-2 and glioma U87MG) and the kinase inhibitory activity against PI3K/mTOR kinases was also tested. The results demonstrated that most of the target compounds exhibited moderate to excellent activity and high selectivity against one or more cancer cell lines. Among them, seven compounds displayed better activity than lead compound GDC-0941. The inhibitory activity of the most promising compound on nine cancer cell lines was 302.5 times better than that of GDC-0941 with the IC<sub>50</sub> values as low as 0.008 ± 0.002 μM, and the inhibitory activity against PI3Kα and mTOR kinase was excellent, with the IC<sub>50</sub> values of 177.41 and 12.24 nM, respectively, indicating that it was a potential dual PI3Kα/mTOR inhibitor. The Structure-Activity Relationships (SARs) indicated that the introduction of the arylurea group significantly improved the cellular and kinase activities of the target compounds. Moreover, the results of toxicity and hemolysis experiments demonstrated that the most promising compound had low toxicity and good safety. The results of PCR assay and molecular docking modes showed that it was a potential PI3K/mTOR inhibitor, which was worthy of further study.",chembl_document,ok,2026-03-05T18:41:37.229646+00:00
10.1016/j.bmc.2022.117152,36599264,"The bromodomain-containing protein 4 (BRD4) has gained growing interest as an effective drug target for the treatment of hepatocellular carcinoma (HCC). Herein, we designed and synthesized a series of quinoxalinone derivatives as BRD4 inhibitors via scaffold hopping. The representative compound X9 showed potent BRD4 inhibitory activity (with IC<sub>50</sub> = 82.3 nM), and preferable antiproliferative activity against HepG2 cells (with IC<sub>50</sub> = 1.13 ± 0.07 μM), as well as less toxicity against GES-1 cells (with IC<sub>50</sub> = 57.24 ± 5.46 μM). Furthermore, compound X9 dose-dependently inhibited colony formation and blocked the migration of HepG2 cells by down-regulating the expression of Snail and MMP-9 while up-regulating the E-cadherin and Occludin. Besides, compound X9 efficiently down-regulated the expression of c-Myc in HepG2 cells, induced apoptosis, and arrested at G<sub>0</sub>/G<sub>1</sub> phase. In total, quinoxalinone was a potential core as BRD4 inhibitor and compound X9 might be effective for liver cancer therapy.",chembl_document,ok,2026-03-05T18:41:37.229646+00:00
10.1016/j.bmc.2023.117338,37269687,"Owing to the urgency and importance of developing fourth-generation EGFR inhibitors that can effectively overcome C797S site mutation in NSCLC, Brigatinib was used in this work as a lead compound to modify its structure to obtain a series of phosphoroxy quinazoline derivatives. Biological study indicated that the inhibitory activity and selectivity of the target compounds on EGFR<sup>L858R/T790M/C797S</sup>/EGFR<sup>Del19/T790M/C797S</sup> enzymes and EGFR<sup>Del19/T790M/C797S</sup> overexpressed Ba/F3 cells were significantly better than those of Brigatinib. Among the target compounds, 8a exhibited the best biological activity in vitro. More importantly, 8a presented acceptable pharmacokinetic behaviors and showed potent anti-tumor efficacy in the Ba/F3-EGFR<sup>Del19/T790M/C797S</sup> subcutaneous xenograft mice model with the tumor growth inhibition value of 82.60% at a dose of 30 mg/kg. These results indicated that 8a, as a drug candidate of the novel fourth-generation EGFR small-molecule inhibitor, has high potentials to treat with NSCLC on EGFR with C797S mutation.",chembl_document,ok,2026-03-05T18:41:37.229646+00:00
10.1016/j.bmc.2023.117385,37364415,"Receptor-interacting protein kinase 1 (RIPK1)-mediated necroptosis is believed to have a significant role in contributing to inflammatory diseases. Inhibiting RIPK1 has shown promise in effectively alleviating the inflammation process. In our current study, we employed scaffold hopping to develop a series of novel benzoxazepinone derivatives. Among these derivatives, compound o1 displayed the most potent antinecroptosis activity (EC50=16.17±1.878nM) in cellular assays and exhibited the strongest binding affinity to the target site. Molecular docking analyses further elucidated the mechanism of action of o1, revealing its ability to fully occupy the protein pocket and form hydrogen bonds with the amino acid residue Asp156. Our findings highlight that o1 specifically inhibits necroptosis, rather than apoptosis, by impeding the RIPK1/Receptor-interacting protein kinase 3 (RIPK3)/mixed-lineage kinase domain-like (MLKL) pathway's phosphorylation, triggered by TNFα, Smac mimetic, and z-VAD (TSZ). Additionally, o1 demonstrated dose-dependent improvements in the survival rate of mice with Systemic Inflammatory Response Syndrome (SIRS), surpassing the protective effect observed with GSK'772.",chembl_document,ok,2026-03-05T18:41:37.229646+00:00
10.1016/j.bmc.2023.117552,38128296,"Decoration of nucleoside analogues with lipophilic groups often leads to compounds with improved antiviral activity. For example, N<sup>6</sup>-benzyladenosine derivatives containing elongated lipophilic substituents in the benzyl core efficiently inhibit reproduction of tick-borne encephalitis virus (TBEV), while N<sup>6</sup>-benzyladenosine itself potently inhibits reproduction of human enterovirus A71 (EV-A71). We have extended a series of N<sup>6</sup>-benzyladenosine analogues using effective synthetic methods of CC bond formation based on Pd-catalyzed cross-coupling reactions (Sonogashira and Suzuki) in order to study the influence of bulky lipophilic substituents in the N<sup>6</sup> position of adenosine on the antiviral activity against flaviviruses, such as TBEV, yellow fever virus (YFV) and West Nile virus (WNV), as well as a panel of enteroviruses including EV-A71, Echovirus 30 (E30), and poliovirus type 2 (PV2). Reproduction of tested flaviviruses appeared to be inhibited by the micromolar concentrations of the compounds, while cytotoxicity in most cases was beyond the detection limit. Time-of-addition studies demonstrated that the hit compounds inhibited the stage of viral RNA synthesis, but not the stages of the viral entry or protein translation. As a result, several new promising antiflaviviral leads have been identified. On the other hand, none of the synthesized compounds inhibited enterovirus reproduction, indicating a possibility of involvement of flavivirus-specific pathways in their mechanism of action.",chembl_document,ok,2026-03-05T18:41:37.229646+00:00
10.1016/j.bmc.2023.117561,38157838,"The dual-specificity protein kinase MKK3 has been implicated in tumor cell proliferation and survival, yet its precise role in cancer remains inconclusive. A critical step in elucidating the kinase's involvement in disease biology is the identification of potent, cell-permeable kinase inhibitors. Presently, MKK3 lacks a dedicated tool compound for these purposes, along with validated methods for the facile screening, identification, and optimization of inhibitors. In this study, we have developed a TR-FRET-based enzymatic assay for the detection of MKK3 activity in vitro and a BRET-based assay to assess ligand binding to this enzyme within intact human cells. These assays were instrumental in identifying hit compounds against MKK3 that share a common chemical scaffold, sourced from a library of bioactive kinase inhibitors. Initial hits were subsequently expanded through the synthesis of novel analogs. The resulting structure-activity relationship (SAR) was rationalized using molecular dynamics simulations against a homology model of MKK3. We expect our findings to expedite the development of novel, potent, selective, and bioactive inhibitors, thus facilitating investigations into MKK3's role in various cancers.",chembl_document,ok,2026-03-05T18:41:37.229646+00:00
10.1016/j.bmc.2024.117611,38309200,"Systemic inflammatory response syndrome (SIRS), an exaggerated defense response of the organism to a noxious stressor, involves a massive inflammatory cascade that ultimately leads to reversible or irreversible end-organ dysfunction and even death. Suppressing RIPK1, a key protein in necroptosis pathway, has been proven to be an effective therapeutic strategy for inflammation and SIRS. In this study, a series of novel biaryl benzoxazepinone RIPK1 inhibitors were designed and synthesized by introducing different aryl substituents at the C7 position of benzoxazepinone. As a result, p-cyanophenyl substituted analog 19 exhibited the most potent in vitro anti-necroptotic effect in HT-29 cells (EC<sub>50</sub> = 1.7 nM) and superior protection against temperature loss and death in mice in the TZ-induced SIRS model compared to GSK'772. What's more, in vivo analysis of the levels of inflammatory factors in mice also revealed that compound 19 had better anti-inflammatory activity than GSK'772.",chembl_document,ok,2026-03-05T18:41:37.229646+00:00
10.1016/j.bmc.2024.117659,38442525,"Necroptosis is an important form of programmed cell death (PCD), which is mediated by a death receptor and independent of the caspase proteolytic enzyme. Mixed lineage kinase domain-like (MLKL) is the final effector of necroptosis, playing an irreplaceable role in the execution of necroptosis. However, the studies on MLKL inhibitors are in their infancy. Necrosulfonamide (NSA) is an early-discovered covalent MLKL inhibitor, possessing medium anti-necroptosis activity and a structure-activity relationship (SAR) not widely disclosed. In this study, with the covalent motif maintained, we aim to improve the activity by introducing the terminal fused heterocycles and meanwhile revealing the SAR on the part. As a result, compounds 9 and 14 showed the best activity (EC<sub>50</sub> = 148.4 and 595.9 nM) against necroptosis among the analogues by covalently binding to MLKL. The SAR was also concluded to guide further structural optimization in this field.",chembl_document,ok,2026-03-05T18:41:37.229646+00:00
10.1016/j.bmc.2024.117796,38879996,"The USFDA granted regular approval to Osimertinib (AZD9291) on March 2017, for treating individuals with metastatic Non-Small Cell Lung Cancer having EGFR T790M mutation. Clinically, Osimertinib stands at the forefront for the treatment of patients with Non-Small Cell Lung Cancer. Osimertinib forms a covalent bond with the Cys797 residue and predominantly spares binding to WT-EGFR, thereby reducing toxicity and enabling the administration of doses that effectively inhibit T790M. However, a high percentage of patients treated with Osimertinib (AZD9291) developed a tertiary cysteine797 to serine797 (C797S) mutation in the EGFR kinase domain, rendering resistance to it. This comprehensive review sheds light on the chemistry, computational aspects, structural features, and expansive spectrum of biological activities of Osimertinib and its analogues. The in-depth exploration of these facets serves as a valuable resource for medicinal chemists, empowering them to design better Osimertinib analogues. This exhaustive study not only provides insights into improving potency but also emphasizes considerations for mutant selectivity and optimizing pharmacokinetic properties. This review acts as a guiding beacon for the strategic design and development of next-generation Osimertinib analogues.",chembl_document,ok,2026-03-05T18:41:37.229646+00:00
10.1016/j.bmcl.2007.07.055,17822897,"The 2-azadecalin ring system was evaluated as a scaffold for the preparation of glucocorticoid receptor (GR) antagonists. High affinity, selective GR antagonists were discovered based on a hypothetical binding mode related to the steroidal GR antagonist RU-43044. 2-Benzenesulfonyl substituted 8a-benzyl-hexahydro-2H-isoquinolin-6-ones exemplified by (R)-37 had low nanomolar affinity for GR with moderate functional activity (200 nM) in a reporter gene assay. These compounds were devoid of affinity for other steroidal receptors (ER, AR, MR, and PR). Analogues based on an alternative putative binding mode (CP-like) were found to be inactive.",pubmed_doi_fallback,ok,2026-03-05T18:36:04.167197+00:00
10.1016/j.bmcl.2009.01.066,19216075,"The RNA replication machinery of HCV is a multi-subunit membrane-associated complex. NS5A has emerged as an active component of HCV replicase, possibly involved in regulation of viral replication and resistance to the antiviral effect of interferon. We report here substituted piperazinyl-N-(aryl)benzamides as potent inhibitors of HCV replication exerted via modulation of the dimerization of NS5A.",pubmed_doi_fallback,ok,2026-03-05T18:36:04.167197+00:00
10.1016/j.bmcl.2011.09.055,21983439,"Starting from high throughput screening hit 2-adamantyl acetic acid 3, a series of polycyclic acids have been designed and synthesized as novel, potent, and selective inhibitors of human 11β-HSD-1. Structure-activity relationships of two different regions of the chemotype (polycyclic ring and substituents on quaternary carbon) are discussed.",pubmed_doi_fallback,ok,2026-03-05T18:36:04.167197+00:00
10.1016/j.bmcl.2012.10.102,23177785,"A quantitative structure-activity relationship investigation of some NaV1.7 active compounds has been performed by repeated, random, external test set experiments employing structural descriptors (fingerprints) of signature type in combination with support vector machine (SVM) analysis using the radial basis function (RBF) kernel. The results from the investigation show remarkably stable performance from the derived in silico models in terms of statistical measures such as correlation coefficients as well as root mean squared errors (RMSEs) for the randomly selected external test sets. Also, the Bioclipse Modeling platform is utilized for introducing interpretation to the derived models.",chembl_document,ok,2026-03-05T18:41:37.229646+00:00
10.1016/j.bmcl.2013.03.067,23587422,"This digest covers some of the most relevant progress in malaria drug discovery published between 2010 and 2012. There is an urgent need to develop new antimalarial drugs. Such drugs can target the blood stage of the disease to alleviate the symptoms, the liver stage to prevent relapses, and the transmission stage to protect other humans. The pipeline for the blood stage is becoming robust, but this should not be a source of complacency, as the current therapies set a high standard. Drug discovery efforts directed towards the liver and transmission stages are in their infancy but are receiving increasing attention as targeting these stages could be instrumental in eradicating malaria.",chembl_document,ok,2026-03-05T18:41:37.229646+00:00
10.1016/j.bmcl.2013.05.045,23773863,"A number of potent peptidic inhibitors of the NS3 protease have been described in the literature based on a substrate-based approach. In an on-going effort to reduce the peptidic character of this class of inhibitors, two novel series of analogs have been prepared in which the usual P3 amino acid residue is replaced by a succinamide fragment. This new backbone modification not only reduces the peptidic nature of traditional inhibitors but also provides new SAR opportunities for the capping group. Optimization of each of these two series resulted in inhibitors with sub-nanomolar potencies.",chembl_document,ok,2026-03-05T18:41:37.229646+00:00
10.1016/j.bmcl.2013.09.001,24074843,"Development of SAR in an aryl ether series of mGlu5 NAMs leading to the identification of tool compound VU0409106 is described in this Letter. VU0409106 is a potent and selective negative allosteric modulator of mGlu5 that binds at the known allosteric binding site and demonstrates good CNS exposure following intraperitoneal dosing in mice. VU0409106 also proved efficacious in a mouse marble burying model of anxiety, an assay known to be sensitive to mGlu5 antagonists as well as clinically efficacious anxiolytics.",pubmed_doi_fallback,ok,2026-03-05T18:36:04.167197+00:00
10.1016/j.bmcl.2014.04.068,24813737,The discovery and optimization of a series of tetrahydropyridopyrimidine based extracellular signal-regulated kinase (Erks) inhibitors discovered via HTS and structure based drug design is reported. The compounds demonstrate potent and selective inhibition of Erk2 and knockdown of phospho-RSK levels in HepG2 cells and tumor xenografts.,pubmed_doi_fallback,ok,2026-03-05T18:36:04.167197+00:00
10.1016/j.bmcl.2015.06.056,26189078,"The discovery and optimization of a series of small molecule EZH2 inhibitors is described. Starting from dimethylpyridone HTS hit (2), a series of indole-based EZH2 inhibitors were identified. Biochemical potency and microsomal stability were optimized during these studies and afforded compound 22. This compound demonstrates nanomolar levels of biochemical potency (IC50=0.002 μM), cellular potency (EC50=0.080 μM), and afforded tumor regression when dosed (200 mpk SC BID) in an EZH2 dependent tumor xenograft model.",pubmed_doi_fallback,ok,2026-03-05T18:36:04.167197+00:00
10.1016/j.bmcl.2015.07.093,26298497,"The RAS-RAF-MEK-ERK, or ERK signaling pathway propagates signals through an intracellular signal transduction cascade. Since approximately one third of human cancers are impacted by mutations in the ERK signaling pathway, intensive efforts to develop drugs targeting members of this cascade are ongoing. While efforts to develop drugs aimed at inhibiting RAS are still at an early stage, substantial progress in discovering clinical drugs targeting RAF, MEK, and ERK have been made. This review will highlight the recent progress in this area.",chembl_document,ok,2026-03-05T18:41:37.229646+00:00
10.1016/j.bmcl.2015.07.102,26320619,"Four series of disubstituted carbazole-1-carboxamides were designed and synthesised as inhibitors of Bruton's tyrosine kinase (BTK). 4,7- and 4,6-disubstituted carbazole-1-carboxamides were potent and selective inhibitors of BTK, while 3,7- and 3,6-disubstituted carbazole-1-carboxamides were potent and selective inhibitors of Janus kinase 2 (JAK2).",pubmed_doi_fallback,ok,2026-03-05T18:36:04.167197+00:00
10.1016/j.bmcl.2015.11.009,26584882,"6,6-Fused ring systems including tetrahydroisoquinolines and tetrahydropyrido[3,4-d]pyrimidines have been explored as possible replacements for the piperazine benzamide portion of the HIV-1 attachment inhibitor BMS-663068. In initial studies, the tetrahydroisoquinoline compounds demonstrate sub-nanomolar activity in a HIV-1 pseudotype viral infection assay used as the initial screen for inhibitory activity. Analysis of SARs and approaches to optimization for an improved drug-like profile are examined herein.",chembl_document,ok,2026-03-05T18:41:37.229646+00:00
10.1016/j.bmcl.2016.02.067,26968253,"First generation epidermal growth factor receptor (EGFR) tyrosine kinase inhibitors (gefitinib and erlotinib) demonstrate excellent clinical efficacy for NSCLC patients carrying EGFR oncogenic mutations (L858R, del exon 19 deletions between amino acids 746 and 750). Invariable, drug resistance occurs with around 60% of it driven by the EGFR-T790M gatekeeper mutation. To counter the T790M-dependent resistance, third generation covalent EGFR inhibitors have been developed with high potency toward T790M containing mutants and selectivity over WT EGFR. This review provides an overview of the third generation drugs currently in clinical trials and also encompasses novel methodologies developed to discover third generation covalent EGFR drugs.",chembl_document,ok,2026-03-05T18:41:37.229646+00:00
10.1016/j.bmcl.2016.03.101,27080178,"We started with a medium throughput screen of heterocyclic compounds without basic amine groups to avoid hERG and β-blocker activity and identified [1,2,4]triazolo[4,3-a]pyridine as an early lead. Optimization of substituents for Late INa current inhibition and lack of Peak INa inhibition led to the discovery of 4h (GS-458967) with improved anti-arrhythmic activity relative to ranolazine. Unfortunately, 4h demonstrated use dependent block across the sodium isoforms including the central and peripheral nervous system isoforms that is consistent with its low therapeutic index (approximately 5-fold in rat, 3-fold in dog). Compound 4h represents our initial foray into a 2nd generation Late INa inhibitor program and is an important proof-of-concept compound. We will provide additional reports on addressing the CNS challenge in a follow-up communication.",pubmed_doi_fallback,ok,2026-03-05T18:36:04.167197+00:00
10.1016/j.bmcl.2016.06.045,27353531,"A series of novel 5-fluorine-benzimidazole-4-carboxamide analogs were designed and synthesized. All target compounds were evaluated for their PARP-1 inhibitory activity. Compounds possessed high intrinsic PARP-1 inhibitory potency have been evaluated in vitro cellular assays to measure the potentiation effect of cytotoxic agents against cancer cell line. These efforts led to the identification of compound 10f, which displayed strong inhibition against the PARP-1 enzyme with an IC50 of 43.7nM, excellent cell inhibitory activity in HCT116 cells (IC50=7.4μM) and potentiation of temozolomide cytotoxicity in cancer cell line A549 (PF50=1.6).",chembl_document,ok,2026-03-05T18:41:37.229646+00:00
10.1016/j.bmcl.2016.06.048,27426304,"The P2X7 receptor is an ATP-gated nonselective cation channel that has been linked to a number of inflammatory diseases. Activation of the P2X7 receptor by elevated levels of ATP results in the release of proinflammatory cytokines and elevated levels of these cytokines has been associated with a variety of disease states. A number of research groups in both industry and academia have explored the identification of P2X7R antagonists as therapeutic agents. Much of this early effort focused on the treatment of diseases related to peripheral inflammation and resulted in several clinical candidates, none of which were advanced to market. The emerging role of the P2X7 receptor in neuroinflammation and related diseases has resulted in a shift in medicinal chemistry efforts toward the development of centrally penetrant antagonists. This review will highlight the biology supporting the role of P2X7 in diseases related to neuroinflammation and review the recent medicinal chemistry efforts to identify centrally penetrant antagonists.",pubmed_doi_fallback,ok,2026-03-05T18:36:04.167197+00:00
10.1016/j.bmcl.2016.08.072,27595423,"One pharmacological principle for the treatment of obesity is blockade of the melanin concentrating hormone receptor 1 (MCHr1), which in rodents has been shown to be strongly associated with food intake and energy expenditure. However, discovery of safe and efficacious MCHr1 antagonists has proved to be complex. So far, six compounds have been progressed into clinical trials, but clinical validation of the concept is still lacking. An account of discovery of the three most recent clinical candidates targeting the MCHr1 receptor is given, with an emphasis on their physicochemical properties.",chembl_document,ok,2026-03-05T18:41:37.229646+00:00
10.1016/j.bmcl.2016.09.065,27727125,"Adenosine monophosphate-activated protein kinase (AMPK), a serine/threonine heterotrimeric protein kinase, is a critical regulator of cellular and whole body energy homeostasis. There are twelve known AMPK isoforms that are differentially expressed in tissues and species. Dysregulation of AMPK signaling is associated with a multitude of human pathologies. Hence isoform-selective activators of AMPK are actively being sought for the treatment of cardiovascular and metabolic diseases. The present review summarizes the status of direct AMPK activators from the patent and published literature.",chembl_document,ok,2026-03-05T18:41:37.229646+00:00
10.1016/j.bmcl.2016.10.074,27825762,"GPR40 belongs to the GPCR family and the activation of GPR40 has been shown to induce glucose-stimulated insulin secretion (GSIS) from pancreatic beta cells as well as incretin secretion from intestinal endocrine cells. Therefore, GPR40 has emerged as a viable and promising therapeutic target for type 2 diabetes mellitus (T2DM) without the risk of hypoglycemia. However, the termination of TAK-875 in phase III clinical trials for the hepatotoxicity issue threw doubt over the long-term safety of targeting GPR40. Herein, we summarized the newly disclosed biological characteristics and the druglikeness-based structural evolution of GPR40 agonists to advance the development of GPR40-based anti-diabetic drugs.",chembl_document,ok,2026-03-05T18:41:37.229646+00:00
10.1016/j.bmcl.2016.12.013,28011221,"The design and synthesis of a series of tripeptide acylsulfonamides as potent inhibitors of the HCV NS3/4A serine protease is described. These analogues house a C4 aryl, C4 hydroxy-proline at the S2 position of the tripeptide scaffold. Information relating to structure-activity relationships as well as the pharmacokinetic and cardiovascular profiles of these analogues is provided.",chembl_document,ok,2026-03-05T18:41:37.229646+00:00
10.1016/j.bmcl.2017.03.043,28385504,"hNav1.7 small molecular inhibitors have attracted lots of attention by its unique analgesic effect. Herein, we report the design and synthesis of a novel series of tetrahydropyridine analogs as hNav1.7 inhibitors for analgesia. Detail structural-activity relationship (SAR) studies were undertaken towards improving hNav1.7 activity, in vitro ADME, and in vivo PK profiles. These efforts resulted in the identification of compound (-)-15h, a highly potent and selective hNav1.7 inhibitor with good ADME and PK profiles.",chembl_document,ok,2026-03-05T18:41:37.229646+00:00
10.1016/j.bmcl.2017.03.085,28389149,"The voltage-gated sodium channel Nav1.7 is a genetically validated target for the treatment of pain with gain-of-function mutations in man eliciting a variety of painful disorders and loss-of-function mutations affording insensitivity to pain. Unfortunately, drugs thought to garner efficacy via Nav1 inhibition have undesirable side effect profiles due to their lack of selectivity over channel isoforms. Herein we report the discovery of a novel series of orally bioavailable arylsulfonamide Nav1.7 inhibitors with high levels of selectivity over Nav1.5, the Nav isoform responsible for cardiovascular side effects, through judicious use of parallel medicinal chemistry and physicochemical property optimization. This effort produced inhibitors such as compound 5 with excellent potency, selectivity, behavioral efficacy in a rodent pain model, and efficacy in a mouse itch model suggestive of target modulation.",chembl_document,ok,2026-03-05T18:41:37.229646+00:00
10.1016/j.bmcl.2017.04.040,28465103,"Studies on human genetics have suggested that inhibitors of the Nav1.7 voltage-gated sodium channel hold considerable promise as therapies for the treatment of chronic pain syndromes. Herein, we report novel, peripherally-restricted benzoxazolinone aryl sulfonamides as potent Nav1.7 inhibitors with excellent selectivity against the Nav1.5 isoform, which is expressed in the heart muscle. Elaboration of initial lead compound 3d afforded exemplar 13, which featured attractive physicochemical properties, outstanding lipophilic ligand efficiency and pharmacological selectivity against Nav1.5 exceeding 1000-fold. Key structure-activity relationships associated with oral bioavailability were leveraged to discover compound 17, which exhibited a comparable potency/selectivity profile as well as full efficacy following oral administration in a preclinical model indicative of antinociceptive behavior.",chembl_document,ok,2026-03-05T18:41:37.229646+00:00
10.1016/j.bmcl.2017.04.073,28606760,"The vertebrate Cys-loop family of ligand-gated ion channels (LGICs) are comprised of nicotinic acetylcholine (nAChR), serotonin type 3 (5-HT3R), γ-aminobutyric acid (GABAAR), and glycine (GlyR) receptors. Here, we review efforts to discover selective small molecules targeting one or more Cys-loop receptors, with a focus on state-of-the-art modulators that have been reported over the past five years. Several highlighted compounds offer robust oral bioavailability and central exposure and have thus been useful in delineating pharmacokinetic/pharmacodynamic relationships in pre-clinical disease models. Others offer high levels of subtype and/or inter-superfamily selectivity and have facilitated understanding of complex SAR and pharmacodynamics.",chembl_document,ok,2026-03-05T18:41:37.229646+00:00
10.1016/j.bmcl.2017.07.079,28844493,"Janus kinases (JAKs) are a family of four cytosolic protein kinases with a high degree of structural similarity. Due to its very restricted role in immune regulation, JAK3 was promoted as an excellent target for immunosuppression for more than a decade, but clinical validation of this concept is still elusive. During the last years, speculation arose that kinase activity of JAK1, which cooperates with JAK3 in cytokine receptor signaling, may have a dominant role over the one of JAK3. Until recently, however, this issue could not be appropriately addressed due to a lack of highly isoform-selective tool compounds. With the recent resurgence of covalent drugs, targeting of a specific cysteine that distinguishes JAK3 from other JAK family members became an attractive design option. By applying this strategy, a set of JAK3 inhibitors with excellent selectivity against other JAK isoforms and the kinome was developed during the last three years and used to decipher JAK3-dependent signaling. The data obtained with these tool compounds demonstrates that selective JAK3 inhibition is sufficient to block downstream signaling. Since one of these inhibitors is currently under evaluation in phase II clinical studies against several inflammatory disorders, it will soon become apparent whether selective JAK3 inhibition translates into clinical efficacy.",chembl_document,ok,2026-03-05T18:41:37.229646+00:00
10.1016/j.bmcl.2017.09.042,28958625,"Based on a hypothesis that an intramolecular hydrogen bond was present in our lead series of picolinamide mGlu5 NAMs, we reasoned that an inactive nicotinamide series could be modified through introduction of a fused heterocyclic core to generate potent mGlu5 NAMs. In this Letter, we describe the synthesis and evaluation of compounds that demonstrate the viability of that approach. Selected analogs were profiled in a variety of in vitro assays, and two compounds were evaluated in rat pharmacokinetic studies and a mouse model of obsessive-compulsive disorder. Ancillary pharmacology screening revealed that members of this series exhibited moderate inhibition of the dopamine transporter (DAT), and SAR was developed that expanded the selectivity for mGlu5 versus DAT.",chembl_document,ok,2026-03-05T18:41:37.229646+00:00
10.1016/j.bmcl.2017.09.056,29029933,"The discovery and selection of a highly potent and selective NaV1.7 inhibitor PF-06456384, designed specifically for intravenous infusion, is disclosed. Extensive in vitro pharmacology and ADME profiling followed by in vivo preclinical PK and efficacy model data are discussed. A proposed protein-ligand binding mode for this compound is also provided to rationalise the high levels of potency and selectivity over inhibition of related sodium channels. To further support the proposed binding mode, potent conjugates are described which illustrate the potential for development of chemical probes to enable further target evaluation.",chembl_document,ok,2026-03-05T18:41:37.229646+00:00
10.1016/j.bmcl.2017.09.063,29066309,"We identified and characterized a series of pyrazole amides as potent, selective Cav3.1-blockers. This series culminated with the identification of pyrazole amides 5a and 12d, with excellent potencies and/or selectivities toward the Cav3.2- and Cav3.3-channels. This compound displays poor DMPK properties, making its use difficult for in vivo applications. Nevertheless, this compound as well as analogous ones are well-suited for in vitro studies.",pubmed_doi_fallback,ok,2026-03-05T18:36:04.167197+00:00
10.1016/j.bmcl.2018.04.009,29650290,"A series of tripeptidic acylsulfonamide inhibitors of HCV NS3 protease were prepared that explored structure-activity relationships (SARs) at the P4 position, and their in vitro and in vivo properties were evaluated. Enhanced potency was observed in a series of P4 ureas; however, the PK profiles of these analogues were less than optimal. In an effort to overcome the PK shortcomings, modifications to the P3-P4 junction were made. This included a strategy in which one of the two urea N-H groups was either N-methylated or replaced with an oxygen atom. The former approach provided a series of regioisomeric N-methylated ureas while the latter gave rise to P4 reverse carbamates, both of which retained potent NS3 inhibitory properties while relying upon an alternative H-bond donor topology. Details of the SARs and PK profiles of these analogues are provided.",chembl_document,ok,2026-03-05T18:41:37.229646+00:00
10.1016/j.bmcl.2018.04.020,29678460,"Novel conformationally constrained BET bromodomain inhibitors have been developed. These inhibitors were optimized in two similar, yet distinct chemical series, the 6-methyl-1H-pyrrolo[2,3-c]pyridin-7(6H)-ones (A) and the 1-methyl-1H-pyrrolo[2,3-c]pyridin-7(6H)-ones (B). Each series demonstrated excellent activity in binding and cellular assays, and lead compounds from each series demonstrated significant efficacy in in vivo tumor xenograft models.",chembl_document,ok,2026-03-05T18:41:37.229646+00:00
10.1016/j.bmcl.2018.04.053,29705142,"Based on previous work that established fused heterocycles as viable alternatives for the picolinamide core of our lead series of mGlu5 negative allosteric modulators (NAMs), we designed a novel series of 6-(pyrimidin-5-ylmethyl)quinoline-8-carboxamide mGlu5 NAMs. These new quinoline derivatives also contained carbon linkers as replacements for the diaryl ether oxygen atom common to our previously published chemotypes. Compounds were evaluated in a cell-based functional mGlu5 assay, and an exemplar analog 27 was >60-fold selective versus the other seven mGlu receptors. Selected compounds were also studied in metabolic stability assays in rat and human S9 hepatic fractions and exhibited a mixture of P450- and non-P450-mediated metabolism.",chembl_document,ok,2026-03-05T18:41:37.229646+00:00
10.1016/j.bmcl.2018.10.042,30409535,"Sphingolipids represent an essential class of lipids found in all eukaryotes, and strongly influence cellular signal transduction. Autoimmune diseases like asthma and multiple sclerosis (MS) are mediated by the sphingosine-1-phosphate receptor 1 (S1P<sub>1</sub>) to express a variety of symptoms and disease patterns. Inspired by its natural substrate, an array of artificial sphingolipid derivatives has been developed to target this specific G protein-coupled receptor (GPCR) in an attempt to suppress autoimmune disorders. FTY720, also known as fingolimod, is the first oral disease-modifying therapy for MS on the market. In pursuit of improved stability, bioavailability, and efficiency, structural analogues of this initial prodrug have emerged over time. This review covers a brief introduction to the sphingolipid metabolism, the mechanism of action on S1P<sub>1</sub>, and an updated overview of synthetic sphingosine S1P<sub>1</sub> agonists.",chembl_document,ok,2026-03-05T18:41:37.229646+00:00
10.1016/j.bmcl.2018.12.049,30709653,"β-Site amyloid precursor protein cleaving enzyme 1 (BACE1) inhibitors offer the potential of disease-modifying treatment for Alzheimer's disease (AD). Since 2014, major breakthroughs have appeared in the field of BACE1 inhibitors. This review provides an overview of amidine-based BACE1 inhibitors between 2014 and 2018. Herein are summarized i) the structure-activity relationship, ii) the physiological results and iii) the potential risks from a lack of selectivity. This review also summarizes clinical scope, results and outlook of the compounds that have been or are currently under development in clinical trials.",chembl_document,ok,2026-03-05T18:41:37.229646+00:00
10.1016/j.bmcl.2019.03.018,30940396,"Indole- and azaindole-based glyoxylyl amide derivatives have been described as HIV-1 attachment inhibitors (AIs) that act by blocking the interaction between the viral gp120 coat protein and the human host cell CD4 receptor. As part of an effort to more deeply understand the role of the indole/azaindole heterocycle in the expression of antiviral activity, a survey of potential replacements was conducted using parallel synthesis methodology. The design and optimization was guided by a simple 2-dimensional overlay based on an overall planar topography between the indole/azaindole and C-7 substituents that had been deduced from structure-activity studies leading to the discovery of temsavir (3). 2-Substituted naphthalene- and quinoline-derived chemotypes emerged as the most interesting prototypes, with C-5 and C-6 substituents enhancing antiviral potency. Despite the fact that neither of these chemotypes incorporated a H-bond donor that has been shown to engage the side chain carboxylate of Asp113 in gp120, the antiviral potency of several analogues met or exceeded that of 3, demonstrating that engaging Asp113 is not a prerequisite for potent antiviral activity.",chembl_document,ok,2026-03-05T18:41:37.229646+00:00
10.1016/j.bmcl.2019.06.042,31266686,"Inflammatory bowel disease (IBD) is a chronic, debilitating condition with a significant impact on quality of life. In spite of recent advances with antibody therapies, there remains a significant unmet medical need in IBD. Ongoing research and development efforts aim to identify new therapies that will increase remission rates beyond those achieved with current standard-of-care, while maintaining a high safety margin. This review will provide an overview of the small-molecule agents that are being explored in this regard.",chembl_document,ok,2026-03-05T18:41:37.229646+00:00
10.1016/j.bmcl.2019.126624,31444087,"In silico virtual screening using the ligand-based ROCS approach and the commercially purchasable compound collection from the ZINC database resulted in the identification of distinctly different and novel acetamide core frameworks with series representatives 1a and 2a exhibiting nanomolar affinity in the kinase domain only hTrkA HTRF biochemical assay. Additional experimental validation using the Caliper technology with either the active or inactive kinase conditions demonstrated the leads, 1a and 2a, to preferentially bind the kinase inactive state. X-ray structural analysis of the kinase domain of hTrkA…1a/2a complexes confirmed the kinase, bind the inhibitor leads in the inactive state and to exhibit a type 2 binding mode with the DFG-out and αC-helix out conformation. The leads also demonstrated sub-micromolar activity in the full length hTrkA cell-based assay and selectivity against the closely related hTrkB isoform. However, the poor microsomal stability and permeability of the leads is suggestive of a multiparametric lead optimization effort requirement for further progression.",chembl_document,ok,2026-03-05T18:41:37.229646+00:00
10.1016/j.bmcl.2019.126658,31522830,"Multiple asthma-relevant cytokines including IL-4, IL-5, IL-13, and TSLP depend upon JAKs for signaling. JAK inhibition may, therefore, offer a novel intervention strategy for patients with disease refractory to current standards of care. Multiple systemically delivered JAK inhibitors have been approved for human use or are under clinical evaluation in autoimmune diseases such as rheumatoid arthritis. However, the on-target side effect profiles of these agents are likely not tolerable for many asthmatic patients. Limiting JAK inhibition to the lung is expected to improve therapeutic index relative to systemic inhibition. Thus, inhaled JAK inhibitors with lung-restricted exposure are of high interest as potential treatments for asthma.",chembl_document,ok,2026-03-05T18:41:37.229646+00:00
10.1016/j.bmcl.2020.127108,32192797,"Lemur tyrosine kinase 3 (LMTK3) is oncogenic in various cancers. In breast cancer, LMTK3 phosphorylates and modulates the activity of estrogen receptor-α (ERα) and is essential for the growth of ER-positive cells. LMTK3 is highly expressed in ER-negative breast cancer cells, where it promotes invasion via integrin β1. LMTK3 abundance and/or high nuclear expression have been linked to shorter disease free and overall survival time in a variety of cancers, supporting LMTK3 as a potential target for anticancer drug development. We sought to identify small molecule inhibitors of LMTK3 with the ultimate goal to pharmacologically validate this kinase as a novel target in cancer. We used a homogeneous time resolve fluorescence (HTRF) assay to screen a collection of mixture-based combinatorial chemical libraries containing over 18 million compounds. We identified several cyclic guanidine-linked sulfonamides with sub-micromolar activity and evaluated their binding mode using a 3D homology model of the LMTK3 K<sub>D</sub>.",chembl_document,ok,2026-03-05T18:41:37.229646+00:00
10.1016/j.bmcl.2020.127159,32247733,"Indoleamine 2,3-dioxygenase 1 (IDO1) and tryptophan 2,3-dioxygenase (TDO) are promising drug development targets due to their implications in pathologies such as cancer and neurodegenerative diseases. The search for IDO1 inhibitor has been intensely pursued but there is a paucity of potent TDO and IDO1/TDO dual inhibitors. Natural product tryptanthrin has been confirmed to bear IDO1 and/or TDO inhibitory activities. Herein, twelve novel tryptanthrin derivatives were synthesized and evaluated for the IDO1 and TDO inhibitory potency. All of the compounds were found to be IDO1/TDO dual inhibitors, in particular, compound 9a and 9b bore IDO1 inhibitory activity similar to that of INCB024360, and compound 5a and 9b had remarkable TDO inhibitory activity superior to that of the well-known TDO inhibitor LM10. This work enriches the collection of IDO1/TDO dual inhibitors and provides chemical molecules for potential development into drugs.",chembl_document,ok,2026-03-05T18:41:37.229646+00:00
10.1016/j.bmcl.2020.127327,32631532,"The efficacy of EGFR inhibitors is frequently affected by acquired resistance. EGFR<sup>19D/T790M/C797S</sup> mutation is one of the primary reasons for the emergence of resistance after treatment with the third-generation EGFR inhibitors such as AZD9291, CO1686 and Olmutinib. To overcome the resistance mutation 19D/T790M/C797S, we designed and prepared a series of indole derivatives with the terminal hydroxyl of alkyl chain to increase extra interaction with the Asp855 in the conservative DFG site. Activity evaluation, structure-activity relationship and docking analysis were also carried out. Among them, compound 12e displayed significant inhibitory activity against EGFR<sup>19D/T790M/C797S</sup> (IC<sub>50</sub> = 15.3 nM) and good selectivity over EGFR WT (IC<sub>50</sub> > 1000 nM), L858R/T790M (IC<sub>50</sub>, 156.6 nM) and L858R/T790M/C797S (IC<sub>50</sub>, 218.3 nM) respectively. Furthermore, 12e exhibited good growth inhibition activity, induced G1 phase cell cycle arrest and apoptosis in BaF3/EGFR<sup>19D/T790M/C797S</sup> cells by suppressing EGFR phosphorylation signaling pathway. In all, our study might provide a novel structural design method and lay the solid foundation for the development of the 4th generation EGFR<sup>19D/T790M/C797S</sup> inhibitors.",chembl_document,ok,2026-03-05T18:41:37.229646+00:00
10.1016/j.bmcl.2020.127551,32927028,"Triazolo[4,5-d]pyrimidin-5-amines were identified from kinase selectivity screening as novel ERK3 inhibitors with sub-100 nanomolar potencies in a biochemical assay using MK5 as substrate and with an attractive kinase selectivity profile. ERK3 crystal structures clarified the inhibitor binding mode in the ATP pocket with impact on A-loop, GC-loop and αC-helix conformations suggesting a potential structural link towards MK5 interaction via the FHIEDE motif. The inhibitors also showed sub-100 nM potencies in a cellular ERK3 NanoBRET assay and with excellent correlation to the biochemical ICs. This novel series provides valuable tool compounds to further investigate the biological function and activation mechanism of ERK3.",chembl_document,ok,2026-03-05T18:41:37.229646+00:00
10.1016/j.bmcl.2020.127667,33160024,"Severe Acute Respiratory Syndrome Coronavirus-2 (SARS-CoV-2) continues to spread worldwide, with 25 million confirmed cases and 800 thousand deaths. Effective treatments to target SARS-CoV-2 are urgently needed. In the present study, we have identified a class of cyclic sulfonamide derivatives as novel SARS-CoV-2 inhibitors. Compound 13c of the synthesized compounds exhibited robust inhibitory activity (IC = 0.88 μM) against SARS-CoV-2 without cytotoxicity (CC > 25 μM), with a selectivity index (SI) of 30.7. In addition, compound 13c exhibited high oral bioavailability (77%) and metabolic stability with good safety profiles in hERG and cytotoxicity studies. The present study identified that cyclic sulfonamide derivatives are a promising new template for the development of anti-SARS-CoV-2 agents.",chembl_document,ok,2026-03-05T18:41:37.229646+00:00
10.1016/j.bmcl.2020.127753,33359168,"Huntington's disease (HD) is one of the serious neurodegenerative diseases and no disease modifiers are available to date. The correction of unbalanced kynurenine pathway metabolites may be useful to treat disease progression and kynurenine monooxygenase (KMO) is considered an ideal drug target. A couple of KMO inhibitors have been reported, but their brain permeability was very poor. We found pyridazinylsulfonamide as a novel lead compound, and it was optimized to the brain-permeable and highly potent KMO inhibitor 12, which was equipotent with CHDI-340246 and superior to CHDI-340246 in terms of brain penetration. Compound 12 was effective in R6/2 mice (HD model mice), i.e. neuroprotective kynurenic acid was increased, whereas neurotoxic 3-hydroxykynurenine was suppressed. In addition, impaired cognitive function was improved. Therefore, the brain-permeable KMO inhibitor was considered to be a disease modifier for HD treatment.",chembl_document,ok,2026-03-05T18:41:37.229646+00:00
10.1016/j.bmcl.2021.127862,33609659,"Autoimmune and inflammatory diseases place a huge burden on the healthcare system. Small molecule (SM) therapeutics provide much needed complementary treatment options for these diseases. This digest series highlights the latest progress in the discovery and development of safe and efficacious SMs to treat autoimmune and inflammatory diseases with each part representing a class of SMs, namely: 1) protein kinases; 2) nucleic acid-sensing pathways; and 3) soluble ligands and receptors on cell surfaces. In this first part of the series, the focus is on kinase inhibitors that emerged between 2018 and 2020, and which exhibit increased target and tissue selectivity with the aim of increasing their therapeutic index.",chembl_document,ok,2026-03-05T18:41:37.229646+00:00
10.1016/j.bmcl.2021.128067,33957246,"The outbreak of coronavirus (CoV) disease 2019 (COVID-19) caused by the severe acute respiratory syndrome CoV-2 (SARS-CoV-2) has turned into a pandemic. The enzyme 3C-like protease (3CL<sup>pro</sup>) is essential for the maturation of viral polyproteins in SARS-CoV-2 and is therefore regarded as a key drug target for treating the disease. To identify 3CL<sup>pro</sup> inhibitors that can suppress SARS-CoV-2 replication, we performed a virtual screening of 500,282 compounds in a Korean compound bank. We then subjected the top computational hits to inhibitory assays against 3CL<sup>pro</sup> in vitro, leading to the identification of a class of non-covalent inhibitors. Among these inhibitors, compound 7 showed an EC<sub>50</sub> of 39.89 μM against SARS-CoV-2 and CC<sub>50</sub> of 453.5 μM. This study provides candidates for the optimization of potent 3CL<sup>pro</sup> inhibitors showing antiviral effects against SARS-CoV-2.",chembl_document,ok,2026-03-05T18:41:37.229646+00:00
10.1016/j.bmcl.2021.128202,34139325,"Cathepsin C plays a key role in the activation of several degradative enzymes linked to tissue destruction in chronic inflammatory and autoimmune diseases. Therefore, Cathepsin C inhibitors could potentially be effective therapeutics for the treatment of diseases such as chronic obstructive pulmonary disease (COPD) or acute respiratory distress syndrome (ARDS). In our efforts towards the development of a novel series of Cathepsin C inhibitors, we started working around AZD5248 (1), an α-amino acid based scaffold having potential liability of aortic binding. A novel series of amidoacetonitrile based Cathepsin C inhibitors were developed by the application of a conformational restriction strategy on 1. In particular, this work led to the development of a potent and selective Cathepsin C inhibitor 3p, free of aortic binding liability.",chembl_document,ok,2026-03-05T18:41:37.229646+00:00
10.1016/j.bmcl.2021.128253,34245852,"Anaplastic lymphoma kinase (ALK) targeted therapies have demonstrated remarkable efficacy in ALK-positive lung adenocarcinomas. Here we synthesized and evaluated sixteen new 2,4-diaminopyrimidines bearing a sulfoxide moiety as anaplastic lymphoma kinase (ALK) inhibitors. The optimal compound 9e exhibited excellent antiproliferative activity against non-small cell lung cancer NCI-H2228 cells, which is better than that of Brigatinib and similar to Ceritinib. Mechanism study revealed that the optimal compound 9e decreased the mitochondrial membrane potential and arrested NCI-H2228 cells in the G0/G1 phase, finally resulting in cellular apoptosis. It is interesting that 9e could effectively inhibit the migration of NCI-H2228 cells and may be a promising leading compound for chemotherapy of metastatic cancer.",chembl_document,ok,2026-03-05T18:41:37.229646+00:00
10.1016/j.bmcl.2021.128409,34628036,"Tropomyosin receptor kinases (TRKA, TRKB, TRKC) are transmembrane receptor tyrosine kinases, which are respectively encoded by NTRK1, NTRK2, and NTRK3 genes. Herein, we reported the design, synthesis and Structure-Activity Relationship (SAR) investigation of a series of macrocyclic derivatives as new TRK inhibitors. Among these compounds, compound 9e exhibited strong kinase inhibitory activity (TRK<sup>G595R</sup> IC<sub>50</sub> = 13.1 nM) and significant antiproliferative activity in the Ba/F3-LMNA-NTRK1 cell line (IC<sub>50</sub> = 0.080 μM) and compound 9e has shown a better inhibitory effect (IC<sub>50</sub> = 0.646 μM) than control drug LOXO-101 in Ba/F3-LMNA-NTRK1-G595R cell line. These results indicate that compound 9e is a potential TRK inhibitor for further investigation.",chembl_document,ok,2026-03-05T18:41:37.229646+00:00
10.1016/j.bmcl.2021.128463,34838652,"This paper describes the structure-activity-relationships of novel fluoroalkyl substituents at the C2 position of iminothiazine dioxide beta secretase inhibitors. Key discoveries include reduced amidine basicity and its effect on Pgp, cell potency, and efficacy in various preclinical in vivo efficacy animal models. Findings from these structure-activity-relationships are discussed.",chembl_document,ok,2026-03-05T18:41:37.229646+00:00
10.1016/j.bmcl.2022.128680,35306167,"Aberrantly activated Janus kinase 3 (JAK3) has been constantly detected in various immune disorders and hematopoietic cancers, suggesting its potential of being an attractive therapeutic target for these indications. Clinical benefits of drugs selectively targeting JAK3 versus pan-JAK inhibitors remain unclear. In this study, we report the design and synthesis of a new series of JAK3 covalent inhibitors with a pyrido[2,3-d]pyrimidin-7-one scaffold. After the extensive SAR study, compound 10f emerged to be the most potent JAK3 inhibitor with an IC<sub>50</sub> value of 2.0 nM. It showed excellent selectively proliferation inhibitory activity against U937 cells harboring JAK3 M511I mutation, while remained weakly active to the other tested cancer cells. Compound 10f also dose-dependently inhibited the phosphorylation of JAK3 and its downstream signal STAT5 in U937 cells. Taken together, 10f may serve as a promising tool molecule for treating cancers with aberrantly activated JAK3.",chembl_document,ok,2026-03-05T18:41:37.229646+00:00
10.1016/j.bmcl.2022.128729,35413415,"Although epidermal growth factor receptor tyrosine kinase inhibitors (EGFR-TKIs) have demonstrated encouraging clinical outcomes for patients with EGFR-mutated non-small cell lung cancer, a considerable number of patients will develop drug resistance and eventually undergo disease progression after taking EGFR-TKIs for a period of time. EGFR<sup>del19/T790M/C797S</sup> and EGFR<sup>L858R/T790M/C797S</sup> are two most prevalent tertiary EGFR mutants identified in Osimertinib-resistant tumors and currently there is no therapy approved clinically targeting these mutants. In this study, we designed and synthesized a series of novel 4th generation EGFR inhibitors based on scaffold of Brigatinib. After extensive SAR studies, compound 23, the most promising candidate, exhibited strong biochemical potencies against EGFR<sup>del19/T790M/C797S</sup>, EGFR<sup>L858R/T790M/C797S</sup> and other clinically relevant EGFR mutants while sparing wild type EGFR. In cellular assays, compound 23 potently inhibited proliferation of BaF3<sup>EGFR del19/T790M/C797S</sup> and PC-9<sup>EGFR del19/T790M/C797S</sup>. Moreover, compound 23 demonstrated good DMPK profile in mouse PK study.",chembl_document,ok,2026-03-05T18:41:37.229646+00:00
10.1016/j.bmcl.2022.128730,35421578,"ALK gene rearrangements are oncogenic drivers in approximately 5% of NSCLC. Crizotinib, a first generation ALK inhibitor, is widely prescribed for ALK-positive NSCLC in clinic. Resistance to crizotinib and other ALK inhibitors has been problematic. Addressing resistance, here we describe discovery and development of a novel, proprietary spirocyclic diamine-substituted aryl phosphine oxide series of inhibitors, which led to the identification of WX-0593 (16a) as a potent ALK inhibitor. WX-0593 inhibited the activity of both wild type and resistant mutants of ALK in vitro, showed strong antitumor activity in a crizotinib-resistant mouse PDX model. WX-0593 is currently under development in phase II/III clinical trials.",chembl_document,ok,2026-03-05T18:41:37.229646+00:00
10.1016/j.bmcl.2023.129174,36764470,"Drug repurposing approach was applied to find a potent antiviral agent against RNA viruses such as SARS-CoV-2, influenza viruses and dengue virus with a concise strategy of small change in parent molecular structure. For this purpose, β-D-N<sup>4</sup>-hydroxycytidine (NHC, 1) with a broad spectrum of antiviral activity was chosen as the parent molecule. Among the prepared NHC analogs (8a-g, and 9) from uridine, β-D-N<sup>4</sup>-O-isobutyrylcytidine (8a) showed potent activity against SARS-CoV-2 (EC<sub>50</sub> 3.50 μM), Flu A (H1N1) (EC<sub>50</sub> 5.80 μM), Flu A (H3N2) (EC<sub>50</sub> 7.30 μM), Flu B (EC<sub>50</sub> 3.40 μM) and DENV-2 (EC<sub>50</sub> 3.95 μM) in vitro. Furthermore, its potency against SARS-CoV-2 was >5-fold, 3.4-fold, and 3-fold compared to that of NHC (1), MK-4482 (2), and remdesivir (RDV) in vitro, respectively. Ultimately, compound 8a was expected to be a potent inhibitor toward RNA viruses as a viral mutagenic agent like MK-4482.",chembl_document,ok,2026-03-05T18:41:37.229646+00:00
10.1016/j.bmcl.2023.129214,36870624,"The COVID-19 pandemic caused by the Severe Acute Respiratory Syndrome Coronavirus 2 (SARS-CoV-2) continues to threaten human health and create socioeconomic problems worldwide. A library of 200,000 small molecules from the Korea Chemical Bank (KCB) were evaluated for their inhibitory activities against SARS-CoV-2 in a phenotypic-based screening assay to discover new therapeutics to combat COVID-19. A primary hit of this screen was the quinolone structure-containing compound 1. Based on the structure of compound 1 and enoxacin, which is a quinolone-based antibiotic previously reported to have weak activity against SARS-CoV-2, we designed and synthesized 2-aminoquinolone acid derivatives. Among them, compound 9b exhibited potent antiviral activity against SARS-CoV-2 (EC<sub>50</sub> = 1.5 µM) without causing toxicity, while having satisfactory in vitro PK profiles. This study shows that 2-aminoquinolone acid 9b provides a promising new template for developing anti-SARS-CoV-2 entry inhibitors.",chembl_document,ok,2026-03-05T18:41:37.229646+00:00
10.1016/j.bmcl.2023.129381,37336419,"The clinical use of epidermal growth factor receptor-tyrosine kinase inhibitors (EGFR-TKIs) in the treatment of non-small cell lung cancer was limited by the drug resistance caused by EGFR<sup>C797S</sup> mutation. Therefore, in order to overcome the drug resistance, we designed and synthesized a series of 2-aminopyrimidine derivatives as EGFR<sup>C797S</sup>-TKIs. Among these compounds, compounds A5 and A13 showed significant anti-proliferative activity against the KC-0116 (EGFR<sup>del19/T790M/C797S</sup>) cell line with high selectivity. A5 inhibited EGFR phosphorylation and induced apoptosis of KC-0116 cell, arrested KC-0116 cell at G2/M phase. Molecular docking results showed that A5 and brigatinib bind to EGFR in a similar pattern. In addition to forming two important hydrogen bonds with Met793 residue, A5 also formed a hydrogen bond with Lys745 residues, which may play an important role for the potent inhibitory activity against EGFR<sup>del19/T790M/C797S</sup>. Based on these results, A5 turned out to be effective reversible EGFR<sup>C797S</sup>-TKIs which can be further developed.",chembl_document,ok,2026-03-05T18:41:37.229646+00:00
10.1016/j.bmcl.2024.129643,38316369,"Receptor-interacting serine/threonine-protein kinase 1 (RIPK1) plays a key role in cell death and inflammation. RIPK1 is a well-established therapeutic target, due to the presence of a unique kinase-regulating allosteric pocket, which enables selective inhibition. Herein we used GSK2982772 as our starting point in our discovery campaign. Applying isosteric replacement, we successfully identified the malonamide scaffold, instead of the well-established serine template. Further structural optimization led to the design and synthesis of a series of analog inhibitors. The enantiomers of the most promising compound were tested on 97 different kinases. The active enantiomer proved to be kinase selective.",chembl_document,ok,2026-03-05T18:41:37.229646+00:00
10.1016/j.bmcl.2024.129648,38331226,"In the treatment of non-small cell lung cancer (NSCLC), acquired drug resistance is a major factor that affects the efficacy of third-generation epidermal growth factor receptor (EGFR) inhibitors like Osimertinib. To overcome the L858R/T790M/C797S mutation, taking the Brigatinib as the positive control, two classes of 20 target compounds were designed and synthesized with 2-phenylaminopyrimidine as the core structure on the basis of summarizing the structure-activity relationship (SAR), following the basic principles of drug design. Representative compound I-10 potently inhibited EGFR<sup>L858R/T790M/C797S</sup> with an IC<sub>50</sub> value of 33.26 nM and suppressed Ba/F<sub>3</sub>-EGFR<sup>L858R/T790M/C797S</sup> cells with an IC<sub>50</sub> value of 106.4 nM, which is 5-fold more potent than Brigatinib. Besides, the compound exhibited an inhibition rate of less than 50 % against wild-type cell (NCI-H838), which reflected its toxicity or selectivity. Furthermore, this work serves as a foundation for future studies on EGFR inhibitors.",chembl_document,ok,2026-03-05T18:41:37.229646+00:00
10.1016/j.ejmech.2016.11.052,27914362,"The fibroblast growth factor receptor (FGFR) family receptor tyrosine kinase (RTK) includes four structurally related members, termed as FGFR1, FGFR2, FGFR3, and FGFR4. Given its intimate role in the progression of several solid tumors, excessive FGFR signaling provides an opportunity for anticancer therapy. Along with extensive pharmacological studies validating the therapeutic potential of targeting the FGFRs for cancer treatment, co-crystal structures of FGFRs/inhibitors are continuously coming up to study the mechanism of actions and explore new inhibitors. Herein, we review the reported co-crystals of FGFRs in complex with the corresponding inhibitors, main focusing our attention on the binding models and the pharmacological activities of the inhibitors.",chembl_document,ok,2026-03-05T18:41:37.229646+00:00
10.1016/j.ejmech.2017.06.040,28728105,"Alzheimer's disease is characterized by chronic neurodegeneration leading to dementia. The main cause of neurodegeneration is considered to be the accumulation of amyloid-β. Inhibiting BACE1 is a well-studied approach to lower the burden of amyloid-β aggregates. We designed a series of imidazopyridines-based compounds bearing phthalimide moieties as inhibitors of BACE1. The compounds 8a-o were synthesized by the Groebke-Blackburn-Bienaymé three-component reaction of heteroaromatic amidines, aldehydes and isocyanides. Evaluating the BACE1 inhibitory effects of the synthesized compounds revealed that introducing an aminocyclohexyl moiety in the imidazopyridine core resulted in a significant improvement in its BACE1 inhibitory potential. In this regard, compound 8e was the most potent against BACE1 with an IC50 value of 2.84 (±0.95) μM. Molecular docking revealed that the nitrogen atom of imidazopyridines and the oxygen atom of the phenoxypropyl linker were involved in hydrogen bound interactions with Asp228 and Asp32 of BACE1 active site, respectively. The phthalimide moiety oriented toward the flap pocket and interacted with phe108, lle110, Trp115, Ile118 through van der Waal's and hydrophobic interactions. These findings demonstrate that imidazopyridines-based compounds bearing phthalimide moiety have the potential to decrease amyloid-β levels and ameliorate the symptoms of Alzheimer's disease.",chembl_document,ok,2026-03-05T18:41:37.229646+00:00
10.1016/j.ejmech.2017.06.053,28692916,"Poly (ADP-ribose) polymerase 1 (PARP1) is overexpressed in a variety of cancers, especially breast and ovarian cancers, and tumor cell lines deficient in breast cancer gene 1/2 (BRCA1/2) are highly sensitive to PARP1 inhibition. In this study, with the help of molecular docking, we identified a novel series of 2,3-difluorophenyl-linker analogues (15-54) derived from olaparib (1) as PARP1 inhibitors. Lead optimization led to the identification of 47, which showed high selectivity and high potency against PARP1 enzyme (IC50 = 1.3 nM), V-C8 cells (IC50 = 0.003 nM), Capan-1 cells (IC50 = 7.1 nM) and MDA-MB-436 cells (IC50 = 0.2 nM). Compound 47 had more potent PARP1-DNA trapping and double-strand breaks (DSBs)-induction activities than 1 and induced G2/M arrest and caspase-dependent apoptosis. Compound 47 (50 mg/kg, 94.2%) had a more beneficial effect on tumor growth inhibition than 1 (100 mg/kg, 65.0%) in a BRCA1-mutated xenograft model and significantly inhibited tumor growth (40 mg/kg, 48.1%) in a BRCA2-mutated xenograft model, with no negative influence on the body weight of the mice. Collectively, these data demonstrated that 47 might be an excellent drug candidate for the treatment of cancer, especially for BRCA-deficient tumors.",chembl_document,ok,2026-03-05T18:41:37.229646+00:00
10.1016/j.ejmech.2017.11.002,29174814,"With the aim of discovering potential and selective inhibitors targeting ROS1 kinase, we rationally designed, synthesized and evaluated two series of novel 2-amino-pyridine derivatives with 1-phenylethoxy at C-3 and C-4 position. The enzymic assays results indicated that six of the new compounds 13b-13d and 14a-14c showed remarkably higher inhibitory activities against ROS1 kinase. The most promising compounds, 13d and 14c displayed the most desired ROS1 inhibitory activity with IC50 values of 440 nM and 370 nM respectively. Furthermore, 13d and 14c displayed ROS1 inhibitory selectivity of about 7-fold and 12-fold, relative to that of ALK sharing about 49% amino acid sequence homology in the kinase domains. They also showed good anti-proliferative effects against ROS1-addicted HCC78 cell lines with the IC50 values of 8.1 μM and 65.3 μM, respectively. Moreover, molecular docking and molecular dynamics simulation studies disclosed that compound 14c and 13d shared similar binding poses with Crizotinib except the selective binding site of ROS1. It also gave a probable molecular explanation for their activity and selectivity, which the methoxyl group in benzene ring was the crucial to the selectivity to ROS1 versus ALK.",chembl_document,ok,2026-03-05T18:41:37.229646+00:00
10.1016/j.ejmech.2017.11.088,29220788,"There has been great attention on indoleamine-2,3-dioxygenase 1 (IDO1) around cancer immunotherapy because of its role in enabling cancers to evade the immune system. The most recent spurt of high potent IDO1 inhibitors has been driven by the solution of the increased crystal structures of inhibitors with IDO1. Though the structural information of the active site of IDO1 obtained from the crystals are quite similar, the structures of reported potent inhibitors are quite different. Besides, while thousands of bioactive small molecule inhibitors of IDO1 exist, to date, only five compounds have entered clinical trials. In an effort to obtain more clinical drugs targeting IDO1, more comprehensive understanding of the active site of IDO1 and the structures of existing potent IDO1 inhibitors are necessary. Thus, this review mainly focus on the key features reported from specific crystal structures of IDO1 and an overview of the most recently developed IDO1 inhibitors under investigation and their other derived applications which may contribute to a better usage in cancer immunotherapy.",chembl_document,ok,2026-03-05T18:41:37.229646+00:00
10.1016/j.ejmech.2018.04.062,29860061,"We are continuing our concerted effort to optimize our first lead entry antagonist, NBD-11021, which targets the Phe43 cavity of the HIV-1 envelope glycoprotein gp120, to improve antiviral potency and ADMET properties. In this report, we present a structure-based approach that helped us to generate working hypotheses to modify further a recently reported advanced lead entry antagonist, NBD-14107, which showed significant improvement in antiviral potency when tested in a single-cycle assay against a large panel of Env-pseudotyped viruses. We report here the synthesis of twenty-nine new compounds and evaluation of their antiviral activity in a single-cycle and multi-cycle assay to derive a comprehensive structure-activity relationship (SAR). We have selected three inhibitors with the high selectivity index for testing against a large panel of 55 Env-pseudotyped viruses representing a diverse set of clinical isolates of different subtypes. The antiviral activity of one of these potent inhibitors, 55 (NBD-14189), against some clinical isolates was as low as 63 nM. We determined the sensitivity of CD4-binding site mutated-pseudoviruses to these inhibitors to confirm that they target HIV-1 gp120. Furthermore, we assessed their ADMET properties and compared them to the clinical candidate attachment inhibitor, BMS-626529. The ADMET data indicate that some of these new inhibitors have comparable ADMET properties to BMS-626529 and can be optimized further to potential clinical candidates.",chembl_document,ok,2026-03-05T18:41:37.229646+00:00
10.1016/j.ejmech.2018.10.061,30408747,"Ebola virus (EBOV) causes a deadly hemorrhagic fever in humans and non-human primates. There is currently no FDA-approved vaccine or medication to counter this disease. Here, we report on the design, synthesis and anti-viral activities of two classes of compounds which show high potency against EBOV in both in vitro cell culture assays and in vivo mouse models Ebola viral disease. These compounds incorporate the structural features of cationic amphiphilic drugs (CAD), i.e they possess both a hydrophobic domain and a hydrophilic domain consisting of an ionizable amine functional group. These structural features enable easily diffusion into cells but once inside an acidic compartment their amine groups became protonated, ionized and remain trapped inside the acidic compartments such as late endosomes and lysosomes. These compounds, by virtue of their lysomotrophic functions, blocked EBOV entry. However, unlike other drugs containing a CAD moiety including chloroquine and amodiaquine, compounds reported in this study display faster kinetics of accumulation in the lysosomes, robust expansion of late endosome/lysosomes, relatively more potent suppression of lysosome fusion with other vesicular compartments and inhibition of cathepsins activities, all of which play a vital role in anti-EBOV activity. Furthermore, the diazachrysene 2 (ZSML08) that showed most potent activity against EBOV in in vitro cell culture assays also showed significant survival benefit with 100% protection in mouse models of Ebola virus disease, at a low dose of 10 mg/kg/day. Lastly, toxicity studies in vivo using zebrafish models suggest no developmental defects or toxicity associated with these compounds. Overall, these studies describe two new pharmacophores that by virtue of being potent lysosomotrophs, display potent anti-EBOV activities both in vitro and in vivo animal models of EBOV disease.",chembl_document,ok,2026-03-05T18:41:37.229646+00:00
10.1016/j.ejmech.2018.11.010,30469041,"Tryptophan (Trp) catabolizing enzymes play an important and complex role in the development of cancer. Significant evidence implicates them in a range of inflammatory and immunosuppressive activities. Whereas inhibitors of indoleamine 2,3-dioxygenase-1 (IDO1) have been reported and analyzed in the clinic, fewer inhibitors have been described for tryptophan dioxygenase (TDO) and indoleamine 2,3-dioxygenase-2 (IDO2) which also have been implicated more recently in cancer, inflammation and immune control. Consequently the development of dual or pan inhibitors of these Trp catabolizing enzymes may represent a therapeutically important area of research. This is the first report to describe the development of dual and pan inhibitors of IDO1, TDO and IDO2.",chembl_document,ok,2026-03-05T18:41:37.229646+00:00
10.1016/j.ejmech.2018.11.018,30529546,"Bromodomain-containing protein 4 (BRD4), an epigenetic reader of acetyl lysine, has emerged as a promising therapeutic target for many diseases including cancer, inflammation and heart failure. Our previous study reported that nitroxoline, an FDA approved antibiotic, showed potential BRD4 inhibitory activity and antiproliferation activity against leukemia cell lines. In this study, we further explored the structure-activity relationship (SAR) around nitroxoline and employed our previously developed machine learning based activity scoring function BRD4LGR for further analysis. To improve the cellular level activity, physico-chemical properties were optimized using computational approaches. Then the candidates were tested for their ADME/T profiles. Finally, based on this rational hit-to-lead optimization strategy, 3 drug-like BRD4 inhibitors were obtained, with different profiles on cell line selectivity for multiple myeloma, leukemia and triple negative breast cancer. Further mechanism study showed these compounds could down-regulate c-Myc to inhibit cancer cell growth. This work illustrates the application of multiple computer-aided drug design techniques in a hit-to-lead optimization scenario, and provides novel potent BRD4 inhibitors with different phenotype propensities for future cancer treatment.",chembl_document,ok,2026-03-05T18:41:37.229646+00:00
10.1016/j.ejmech.2019.01.024,30684797,"Poly (ADP-ribose) Polymerase1 (PARP1) is a member of 17 membered PARP family having diversified biological functions such as synthetic lethality, DNA repair, apoptosis, necrosis, histone binding etc. It is primarily a chromatin-bound nuclear enzyme that gets activated by DNA damage. It binds to DNA signal- and double-strand breaks, does parylation of target proteins (using NAD+ as a substrate) like histones and other DNA repair proteins and modifies them as a part of DNA repair mechanism. Inhibition of PARP1 prevents the DNA repair and leads to cell death. Clinically, PARP1 Inhibitors have shown their potential in treating BRCAm breast and ovarian cancers and trials are going on for the treatment of other solid tumors like pancreatic, prostate, colorectal etc. as a single agent or in combination. There are currently three FDA approved PARP1 inhibitors namely Olaparib, Rucaparib and Niraparib in the market while Veliparib and Talazoparib are in the late stage of clinical development. All these molecules are nonselective PARP1 inhibitors with concurrent inhibition of PARP2 with similar potency. In addition, resistance to marketed PARP1 inhibitors has been reported. Overall, looking at the success rate of PARP1 inhibitors into various solid tumors, there is an urge of a novel and selective PARP1 inhibitors. This review provides an update on various newer heterocyclic PARP1 inhibitors reported in last three years along with their structural design strategies. We classified them into two main chemical classes; NAD analogues and non-NAD analogues and discussed the medicinal chemistry approaches of each class. To understand the structural features required for in-silico designing of next-generation PARP1 inhibitors, we also reported the crucial amino acid interactions of these inhibitors at the target site. Thus, present review provides the insight on recent development on new lead structures as PARP1 inhibitors, their SAR, an overview of in-vitro and in-vivo screening methods, current challenges and opinion on future designing of more selective and safe PARP1 inhibitors.",chembl_document,ok,2026-03-05T18:41:37.229646+00:00
10.1016/j.ejmech.2019.01.084,30769242,"Protein-protein interactions (PPIs) cover a very wide range of biological functions and consequently have become one of the favourite targets for new therapeutic strategies. PPIs are strongly characterised by an intricate and dynamic network of surface interactions occurring between two or more proteins. Because of the complexity of these interactions, many strategies have been applied with the aim to find selective modulators for a specific protein-protein complex. During the last decade, fragment-based approaches have served many drug discovery programs with an impressive increment of contributions, gaining a remarkable role in PPIs modulators' development. In this review, we detail the successful fragment-to-clinical candidate evolutions related to PPI modulation. An overview on the physico-chemical properties of both fragment hits and lead compounds will be presented together with a statistical analysis of their distribution.",chembl_document,ok,2026-03-05T18:41:37.229646+00:00
10.1016/j.ejmech.2019.02.008,30771601,"A novel series of tetrahydroisoquinoline-benzimidazole hybrids have been designed and synthesized as multifunctional agents against Alzheimer's disease (AD). These compounds were evaluated for their inhibition of neuroinflammation and human β-secretase (hBACE1), and neuroprotective activity. Among them, compound BD3 possessed significant anti-neuroinflammatory activity (IC<sub>50</sub> = 5.07 μM against nitric oxide production) through inhibiting the expression and secretion of proinflammatory cytokines in BV2 cells. Compound BD3 also exhibited moderate hBACE1 inhibitory activity (65.7% inhibition at 20 μM) and potent neuroprotective effect by increasing GSH level and reducing ROS production (91.8% cell viability at 5 μM). Parallel artificial membrane permeation assay demonstrated that BD3 could cross the blood-brain barrier (BBB). Thus, this study demonstrates that the compounds with tetrahydroisoquinoline-benzimidazole scaffold are potential anti-AD agents, and they are worth for the further development.",chembl_document,ok,2026-03-05T18:41:37.229646+00:00
10.1016/j.ejmech.2019.04.053,31077998,"NTRKs and their expression product tropomyosin receptor kinases (Trks) are widely distributed in mammals. While neural growth factor (NGF)-induced normal Trk activation plays a key role in nerve growth, NTRK alternations occurring in tumor cells were highly correlated to tumor progression and invasion. Recent clinical data from several pan-Trk inhibitors have demonstrated potential and broad applications in various cancers. This intrigues us to summarize the development of inhibitors targeting Trks with different mechanisms of action and their applications in cancer therapy. We believe that this perspective would be of great help in investigating novel anticancer drugs with better therapeutic index.",chembl_document,ok,2026-03-05T18:41:37.229646+00:00
10.1016/j.ejmech.2020.112190,32179332,"EML4-ALK and NPM-ALK fusion proteins possess constitutively activated ALK (anaplastic lymphoma kinase) activity, which in turn leads to the development of non-small cell lung cancer and anaplastic large-cell lymphomas (ALCLs). FDA-approved ALK inhibitor drugs cause significant cancer regression. However, drug resistance eventually occurs and it becomes a big obstacle in clinic. Novel proteolysis targeting chimera (PROTAC) technology platform provides a potential therapeutic strategy for drug resistance. Herein, we designed and synthesized a series of ALK PROTACs based on Brigatinib and VHL-1 conjunction, and screened SIAIS117 as the best degrader which not only blocked the growth of SR and H2228 cancer cell lines, but also degraded ALK protein. In addition, SIAIS117 also showed much better growth inhibition effect than Brigatinib on 293T cell line that exogenously expressed G1202R-resistant ALK proteins. Furthermore, it also degraded G1202R mutant ALK protein in vitro. At last, it has the potentially anti-proliferation ability of small cell lung cancer. Thus, we have successfully generated the degrader SIAIS117 that can potentially overcome resistance in cancer targeted therapy.",chembl_document,ok,2026-03-05T18:41:37.229646+00:00
10.1016/j.ejmech.2020.112426,32502863,"As epigenetic readers of the histone code, BRD4 is the most extensively and thoroughly studied member of BET family, which plays a critical role in many human diseases including cancer, inflammation, HIV infections, CNS disorders, and cardiovascular diseases and has been proved to be a promising therapeutic target for these diseases. To date, many small-molecule BRD4 inhibitors have been discovered, and some of them are in clinical trials for the treatment of different diseases. Due to the lack of selectivity of these small molecules for BRD4 BD1, BRD4 BD2 and/or other BET proteins, they exert some toxic side effects, including dizziness, nausea, and vomit. Now, novel strategies are urgent needed to improve the selectivity and reduce the side effects of current BRD4 inhibitors. Herein, in this article, we made a summary of the recent development of novel strategies targeting BRD4. Opportunities for these strategies to achieve selective and efficacious BRD4 inhibitors for treating human diseases are also highlighted.",chembl_document,ok,2026-03-05T18:41:37.229646+00:00
10.1016/j.ejmech.2020.112456,32535330,"ATX was capable of catalyzing the hydrolysis of LPC to the lipid mediator LPA which attracted considerable attention on the development of potent ATX inhibitors. Herein, driven by the HTS product indole-based lead 1, a hybridization strategy was utilized to construct the trifluoroacetyl hydrazone moiety through assembling the phenyl thiazole fragment to the indole skeleton of lead 1. After a systematic structure guided optimization, by cycling the phenyl thiazole to the compacted benzothiazole or decreasing the lipophilicity, two promising ATX inhibitors (9j and 25a) were identified with IC values of 2.1 nM and 19.0 nM, respectively. All compounds were tested a panel of cancer cell lines and a preliminary affinity on breast cancer cell lines (SI > 16.5) were observed which shed a light on their potential application of breast cancer relevant cases. Through a dedicated docking study, the intramolecular pseudo-ring within the trifluoroacetylhydrazone moiety played a significant role in constraining the binding poses of 9j and 25a. Finally, a binding free energy calculation was conducted to examine the contribution of different interactions in binding affinity.",chembl_document,ok,2026-03-05T18:41:37.229646+00:00
10.1016/j.ejmech.2020.112527,32563812,"Remdesivir (GS-5734), a viral RNA-dependent RNA polymerase (RdRP) inhibitor that can be used to treat a variety of RNA virus infections, is expected to be an effective treatment for severe acute respiratory syndrome coronavirus 2 (SARS-CoV-2) infection. On May 1, 2020, The U.S. Food and Drug Administration (FDA) has granted Emergency Use Authorization (EUA) for remdesivir to treat COVID-19 patients. In light of the COVID-19 pandemic, this review presents comprehensive information on remdesivir, including information regarding the milestones, intellectual properties, anti-coronavirus mechanisms, preclinical research and clinical trials, and in particular, the chemical synthesis, pharmacology, toxicology, pharmacodynamics and pharmacokinetics of remdesivir. Furthermore, perspectives regarding the use of remdesivir for the treatment of COVID-19 are also discussed.",chembl_document,ok,2026-03-05T18:41:37.229646+00:00
10.1016/j.ejmech.2020.112910,33049605,"Farnesoid X receptor (FXR) agonists are emerging as potential therapeutics for the treatment of various metabolic diseases, as they display multiple effects on bile acid, lipid, and glucose homeostasis. Although the steroidal obeticholic acid, a full FXR agonist, was recently approved, several side effects probably due to insufficient pharmacological selectivity impede its further clinical application. Activating FXR in a partial manner is therefore crucial in the development of novel FXR modulators. Our efforts focusing on isoxazole-type FXR agonists, common nonsteroidal agonists for FXR, led to the discovery a series of novel FXR agonists bearing aryl urea moieties through structural simplification of LJN452 (phase 2). Encouragingly, compound 11k was discovered as a potent FXR agonist which exhibited similar FXR agonism potency but lower maximum efficacy compared to full agonists GW4064 and LJN452 in cell-based FXR transactivation assay. Extensive in vitro evaluation further confirmed partial efficacy of 11k in cellular FXR-dependent gene modulation, and revealed its lipid-reducing activity. More importantly, orally administration of 11k in mice exhibited desirable pharmacokinetic characters resulting in promising in vivo FXR agonistic activity.",chembl_document,ok,2026-03-05T18:41:37.229646+00:00
10.1016/j.ejmech.2020.112955,33131885,"Malaria is an endemic disease, prevalent in tropical and subtropical regions which cost half of million deaths annually. The eradication of malaria is one of the global health priority nevertheless, current therapeutic efforts seem to be insufficient due to the emergence of drug resistance towards most of the available drugs, even first-line treatment ACT, unavailability of the vaccine, and lack of drugs with a new mechanism of action. Intensification of antimalarial research in recent years has resulted into the development of single dose multistage therapeutic agents which has advantage of overcoming the antimalarial drug resistance. The present review explored the current progress in the development of new promising antimalarials against prominent target proteins that have the potential to be a clinical candidate. Here, we also reviewed different aspects of drug resistance and highlighted new drug candidates that are currently in a clinical trial or clinical development, along with a few other molecules with excellent antimalarial activity overs ACTs. The summarized scientific value of previous approaches and structural features of antimalarials related to the activity are highlighted that will be helpful for the development of next-generation antimalarials.",chembl_document,ok,2026-03-05T18:41:37.229646+00:00
10.1016/j.ejmech.2020.112995,33243531,"Epidermal growth factor receptor (EGFR) is a receptor for epithelial growth factor (EGF) cell proliferation and signaling, which is related to the inhibition of tumor cell proliferation, angiogenesis, tumor invasion, metastasis, and apoptosis. Thus, it has become an important target for the treatment of non-small cell lung cancer (NSCLC). The first to the third-generation EGFR inhibitors have demonstrated powerful efficacy and brought a prospect to patients. Unfortunately, after 9-15 months of treatment, they all developed resistance without exception. As for the resistance of third-generation inhibitors, no major breakthrough has been made in this field. In this review, we discussed the recent advances in medicinal chemistry of fourth-generation EGFR-TKIs, as well as further discussed the clinical challenges and future prospects of treating patients with EGFR mutations resistant to third-generation EGFR-TKIs.",chembl_document,ok,2026-03-05T18:41:37.229646+00:00
10.1016/j.ejmech.2020.113137,33460833,"The MYC oncogene is considered to be a high priority target for clinical intervention in cancer patients due to its aberrant activation in more than 50% of human cancers. Direct small molecule inhibition of MYC has traditionally been hampered by its intrinsically disordered nature and lack of both binding site and enzymatic activity. In recent years, however, a number of strategies for indirectly targeting MYC have emerged, guided by the advent of protein structural information and the growing set of computational tools that can be used to accelerate the hit to lead process in medicinal chemistry. In this review, we provide an overview of small molecules developed for clinical applications of these strategies, which include stabilization of the MYC guanine quadruplex, inhibition of BET factor BRD4, and disruption of the MYC:MAX heterodimer. The recent identification of novel targets for indirect MYC inhibition at the protein level is also discussed.",chembl_document,ok,2026-03-05T18:41:37.229646+00:00
10.1016/j.ejmech.2021.113157,33486200,"The unforeseen emergence of coronavirus disease 2019 (COVID-19), a severe acute respiratory syndrome coronavirus 2 (SARS-CoV-2) at the Wuhan province of China in December 2019, subsequently its abrupt spread across the world has severely affected human life. In a short span of time, COVID-19 has sacked more than one million human lives and marked as a severe global pandemic, which is drastically accountable for the adverse effect directly to the human society, particularly the health care system and the economy. The unavailability of approved and effective drugs or vaccines against COVID-19 further created conditions more adverse and terrifying. To win the war against this pandemic within time there is a desperate need for the most adequate therapeutic treatment, which can be achieved by the collaborative research work among scientists worldwide. In continuation of our efforts to support the scientific community, a review has been presented which discusses the structure and the activity of numerous molecules exhibiting promising SARS-CoV-2 and other CoVs inhibition activities. Furthermore, this review offers an overview of the structure, a plausible mechanism of action of SARS-CoV-2, and crucial structural features substantial to inhibit the primary virus-based and host-based targets involved in SARS-CoV-2 treatment. We anticipate optimistically that this perspective will provide the reader and researcher's better understanding regarding COVID-19 and pave the path in the direction of COVID-19 drug discovery and development paradigm.",chembl_document,ok,2026-03-05T18:41:37.229646+00:00
10.1016/j.ejmech.2021.113265,33652352,"Tropomyosin receptor kinase (TRK) represents an attractive oncology target for cancer therapy related to its critical role in cancer formation and progression. NTRK fusions are found to occur in 3.3% of lung cancers, 2.2% of colorectal cancers, 16.7% of thyroid cancers, 2.5% of glioblastomas, and 7.1% of pediatric gliomas. In this paper, we described the discovery of the type-II pan-TRK inhibitor 4c through the structure-based drug design strategy from the original hits 1b and 2b. Compound 4c exhibited excellent in vitro TRKA, TRKB, and TRKC kinase inhibitory activity and anti-proliferative activity against human colorectal carcinoma derived cell line KM12. In the NCI-60 human cancer cell lines screen, compound 4g demonstrated nearly 80% of growth inhibition for KM12, while only minimal inhibitory activity was observed for the remaining 59 cancer cell lines. Western blot analysis demonstrated that 4c and its urea cousin 4k suppressed the TPM3-TRKA autophosphorylation at the concentrations of 100 nM and 10 nM, respectively. The work presented that 2-(4-(thieno[3,2-d]pyrimidin-4-ylamino)phenyl)acetamides could serve as a novel scaffold for the discovery and development of type-II pan-TRK inhibitors for the treatment of TRK driven cancers.",chembl_document,ok,2026-03-05T18:41:37.229646+00:00
10.1016/j.ejmech.2021.113267,33639344,"Inhibitors of the proteasome have been extensively studied for their applications in the treatment of human diseases such as hematologic malignancies, autoimmune disorders, and viral infections. Many of the proteasome inhibitors reported in the literature target the non-primed site of proteasome's substrate binding pocket. In this study, we designed, synthesized and characterized a series of novel α-keto phenylamide derivatives aimed at both the primed and non-primed sites of the proteasome. In these derivatives, different substituted phenyl groups at the head group targeting the primed site were incorporated in order to investigate their structure-activity relationship and optimize the potency of α-keto phenylamides. In addition, the biological effects of modifications at the cap moiety, P1, P2 and P3 side chain positions were explored. Many derivatives displayed highly potent biological activities in proteasome inhibition and anticancer activity against a panel of six cancer cell lines, which were further rationalized by molecular modeling analyses. Furthermore, a representative α-ketoamide derivative was tested and found to be active in inhibiting the cellular infection of SARS-CoV-2 which causes the COVID-19 pandemic. These results demonstrate that this new class of α-ketoamide derivatives are potent anticancer agents and provide experimental evidence of the anti-SARS-CoV-2 effect by one of them, thus suggesting a possible new lead to develop antiviral therapeutics for COVID-19.",chembl_document,ok,2026-03-05T18:41:37.229646+00:00
10.1016/j.ejmech.2021.113335,33751979,"Fusion proteins of the anaplastic lymphoma kinase (ALK) are promising therapeutic targets for cancer and other human diseases, especially for non-small cell lung cancer (NSCLC) and anaplastic large-cell lymphomas (ALCLs). We described herein a structure-based design, synthesis, and evaluation of ALK PROTACs (proteolysis-targeting chimeras) based on Alectinib as the warhead. We firstly screened CRBN ligands as the E3 ligase moiety, then obtained a series of potent ALK degraders based on different CRBN ligands, exemplified by SIAIS091 and SIAIS001 with lenalidomide/thalidomide-based linkers. Both of them induced effective ALK degradation at low nanomolar concentrations in cells, and showed much better growth inhibition effects than Alectinib. SIAIS091 or SIAIS001 also promoted cell cycle arrest in G1/S phase. Finally, SIAIS001 exhibited good oral bioavailability in Pharmacokinetics study.",chembl_document,ok,2026-03-05T18:41:37.229646+00:00
10.1016/j.ejmech.2021.113356,33773287,"Anti-cancer immunotherapy, which includes cellular immunotherapy, immune checkpoint inhibitors and cancer vaccines, has transformed the treatment strategies of several malignancies in the past decades. Immune checkpoints blockade (ICB) is the most commonly tested therapy and has the potential to induce a durable immune response in different types of cancers. However, all approved immune checkpoint inhibitors (ICIs) are monoclonal antibodies (mAbs), which are fraught with disadvantages including lack of oral bioavailability, prolonged tissue retention and poor membrane permeability. Therefore, the research focus has shifted to developing small molecule inhibitors to obviate the limitations of mAbs. Given the complexity of the tumor micro-environment (TME), the combination of ICIs with various small molecule agonists/inhibitors are currently being tested in clinical trials to improve treatment outcomes and prevent tumor recurrence. In this review, we have summarized the mechanisms and therapeutic potential of several molecular targets, along with the current status of small molecule inhibitors.",chembl_document,ok,2026-03-05T18:41:37.229646+00:00
10.1016/j.ejmech.2021.113441,33862517,"Cumulative evidence suggests that β-amyloid and oxidative stress are closely related with each other and play key roles in the process of Alzheimer's disease (AD). Multitarget regulation of both pathways might represent a promising therapeutic strategy. Here, a series of selenium-containing compounds based on ebselen and verubecestat were designed and synthesized. Biological evaluation showed that 13f exhibited good BACE-1 inhibitory activity (IC<sub>50</sub> = 1.06 μΜ) and potent GPx-like activity (ν<sub>0</sub> = 183.0 μM min<sup>-1</sup>). Aβ production experiment indicated that 13f could reduce the secretion of Aβ1-40 in HEK APPswe 293T cells. Moreover, 13f exerted a cytoprotective effect against the H<sub>2</sub>O<sub>2</sub> or 6-OHDA caused cell damage via alleviation of intracellular ROS, mitochondrial dysfunction, Ca<sup>2+</sup> overload and cell apoptosis. The mechanism studies indicated that 13f exhibited cytoprotective effect by activating the Keap1-Nrf2-ARE pathway and stimulating downstream anti-oxidant protein including HO-1, NQO1, TrxR1, GCLC, and GCLM. In addition, 13f significantly reduced the production of NO and IL-6 induced by LPS in BV2 cells, which confirmed its anti-inflammatory activity as a Nrf2 activator. The BBB permeation assay predicted that 13f was able to cross the BBB. In summary, 13f might be a promising multi-target-directed ligand for the treatment of AD.",chembl_document,ok,2026-03-05T18:41:37.229646+00:00
10.1016/j.ejmech.2021.113448,33906050,"The role of amino acids (AAs) in modern health industry is well-appreciated. Residues of individual AAs, or their chemical modifications, such as diamines and amino alcohols, are frequently found in the structures of modern pharmaceuticals. The goal of this review article, is to emphasize that, currently, tailor-made AAs serve as key structural features in many most successful pharmaceuticals, so-called blockbuster drugs. In the present article, we profile 14 small-molecule drugs, underscoring the breadth of structural variety of AAs applications in numerous therapeutic areas. For each compound, we provide spectrum of biological activity, medicinal chemistry discovery, and synthetic approaches.",chembl_document,ok,2026-03-05T18:41:37.229646+00:00
10.1016/j.ejmech.2021.113484,33930803,"Necroptosis is reported to play a critical role in contributing to a variety of human pathologies. The benzoxazepinone GSK'772 is a potent necroptosis inhibitor optimized using a hit from a DNA-encoded library, which is currently in phase II clinical trials for psoriasis, rheumatoid arthritis, and ulcerative colitis. In the present study, the bioisosterism strategy was applied to replace the amide and benzene ring of GSK'772 based on the co-crystal structure of GSK'772 with its binding target RIPK1. As a result, the novel thio-benzoxazepinones exhibited higher anti-necroptosis activity in a human HT-29 cell necroptosis model. The effect on anti-necroptosis activity by the chirality was significantly reduced in the thio-benzoxazepinones, which was explained by the ligand conformation calculation. Among these analogues, compound 11 (S) and 12 (R) specifically inhibited necroptosis rather than apoptosis with EC<sub>50</sub> values of 2.8 and 22.6 nM. They blocked necrosome formation by inhibiting the phosphorylation of RIPK1, RIPK3 and MLKL in necroptotic cells. Collectively, the highly potent thio-benzoxazepinones represent promising lead structures for further development of necroptosis-related diseases.",chembl_document,ok,2026-03-05T18:41:37.229646+00:00
10.1016/j.ejmech.2021.113622,34147744,"The emerging severe acute respiratory syndrome coronavirus 2 (SARS-CoV-2) is responsible for the global pandemic coronavirus disease (COVID-19), but no specific antiviral drug has been proven effective for controlling this pandemic to date. In this study, several 2-((indol-3-yl)thio)-N-benzyl-acetamides were identified as SARS-CoV-2 RNA-dependent RNA polymerase (RdRp) inhibitors. After a two-round optimization, a new series of 2-((indol-3-yl)thio)-N-benzyl-acetamides was designed, synthesized, and evaluated for SARS-CoV-2 RdRp inhibitory effect. Compounds 6b2, 6b5, 6c9, 6d2, and 6d5 were identified as potent inhibitors with IC<sub>50</sub> values of 3.35 ± 0.21 μM, 4.55 ± 0.2 μM, 1.65 ± 0.05 μM, 3.76 ± 0.79 μM, and 1.11 ± 0.05 μM, respectively; the IC<sub>50</sub> of remdesivir (control) was measured as 1.19 ± 0.36 μM. All of the compounds inhibited RNA synthesis by SARS-CoV-2 RdRp. The most potent compound 6d5, which showed a stronger inhibitory activity against the human coronavirus HCoV-OC43 than remdesivir, is a promising candidate for further investigation.",chembl_document,ok,2026-03-05T18:41:37.229646+00:00
10.1016/j.ejmech.2021.113654,34175537,"Niemann-Pick C1 (NPC1) receptor is an intracellular protein located in late endosomes and lysosomes whose main function is to regulate intracellular cholesterol trafficking. Besides being postulated as necessary for the infection of highly pathogenic viruses in which the integrity of cholesterol transport is required, this protein also allows the entry of the Ebola virus (EBOV) into the host cells acting as an intracellular receptor. EBOV glycoprotein (EBOV-GP) interaction with NPC1 at the endosomal membrane triggers the release of the viral material into the host cell, starting the infective cycle. Disruption of the NPC1/EBOV-GP interaction could represent an attractive strategy for the development of drugs aimed at inhibiting viral entry and thus infection. Some of the today available EBOV inhibitors were proposed to interrupt this interaction, but molecular and structural details about their mode of action are still preliminary thus more efforts are needed to properly address these points. Here, we provide a critical discussion of the potential of NPC1 and its interaction with EBOV-GP as a therapeutic target for viral infections.",chembl_document,ok,2026-03-05T18:41:37.229646+00:00
10.1016/j.ejmech.2021.113683,34273661,"The worldwide circulation of different viruses coupled with the increased frequency and diversity of new outbreaks, strongly highlight the need for new antiviral drugs to quickly react against potential pandemic pathogens. Broad-spectrum antiviral agents (BSAAs) represent the ideal option for a prompt response against multiple viruses, new and re-emerging. Starting from previously identified anti-flavivirus hits, we report herein the identification of promising BSAAs by submitting the multi-target 2,6-diaminopurine chemotype to a system-oriented optimization based on phenotypic screening on cell cultures infected with different viruses. Among the synthesized compounds, 6i showed low micromolar potency against Dengue, Zika, West Nile and Influenza A viruses (IC<sub>50</sub> = 0.5-5.3 μM) with high selectivity index. Interestingly, 6i also inhibited SARS-CoV-2 replication in different cell lines, with higher potency on Calu-3 cells that better mimic the SARS-CoV-2 infection in vivo (IC<sub>50</sub> = 0.5 μM, SI = 240). The multi-target effect of 6i on flavivirus replication was also analyzed in whole cell studies (in vitro selection and immunofluorescence) and against isolated host/viral targets.",chembl_document,ok,2026-03-05T18:41:37.229646+00:00
10.1016/j.ejmech.2021.113698,34274831,"Over recent years, many outbreaks caused by (re)emerging RNA viruses have been reported worldwide, including life-threatening Flaviviruses, such as Dengue (DENV) and Zika (ZIKV). Currently, there is only one licensed vaccine against Dengue, Dengvaxia®. However, its administration is not recommended for children under nine years. Still, there are no specific inhibitors available to treat these infectious diseases. Among the flaviviral proteins, NS5 RNA-dependent RNA polymerase (RdRp) is a metalloenzyme essential for viral replication, suggesting that it is a promising macromolecular target since it has no human homolog. Nowadays, several NS5 RdRp inhibitors have been reported, while none inhibitors are currently in clinical development. In this context, this review constitutes a comprehensive work focused on RdRp inhibitors from natural, synthetic, and even repurposing sources. Furthermore, their main aspects associated with the structure-activity relationship (SAR), proposed mechanisms of action, computational studies, and other topics will be discussed in detail.",chembl_document,ok,2026-03-05T18:41:37.229646+00:00
10.1016/j.ejmech.2021.113786,34464874,"The emergence of the C797S mutation in EGFR is a frequent mechanism of resistance to osimertinib in the treatment of non-small cell lung cancer (NSCLC). In the present work, we report the design, synthesis and biochemical characterization of UPR1444 (compound 11), a new sulfonyl fluoride derivative which potently and irreversibly inhibits EGFR<sup>L858R/T790M/C797S</sup> through the formation of a sulfonamide bond with the catalytic residue Lys745. Enzymatic assays show that compound 11 displayed an inhibitory activity on EGFR<sup>WT</sup> comparable to that of osimertinib, and it resulted more selective than the sulfonyl fluoride probe XO44, recently reported to inhibit a significant part of the kinome. Neither compound 11 nor XO44 inhibited EGFR<sup>del19/T790M/C797S</sup> triple mutant. When tested in Ba/F3 cells expressing EGFR<sup>L858R/T790M/C797S</sup>, compound 11 resulted significantly more potent than osimertinib at inhibiting both EGFR autophosphorylation and proliferation, even if the inhibition of EGFR autophosphorylation by compound 11 in Ba/F3 cells was not long lasting.",chembl_document,ok,2026-03-05T18:41:37.229646+00:00
10.1016/j.ejmech.2021.113814,34534839,"Indomethacin (INM), a well-known non-steroidal anti-inflammatory drug, has recently gained attention for its antiviral activity demonstrated in drug repurposing studies against severe acute respiratory syndrome coronavirus-2 (SARS-CoV-2). Although the mechanism of action of INM is not yet fully understood, recent studies have indicated that it acts at an early stage of the coronaviruses (CoVs) replication cycle. In addition, a proteomic study reported that the anti-SARS-CoV-2 activity of INM could be also ascribed to its ability to inhibit human prostaglandin E synthase type 2 (PGES-2), a host protein which interacts with the SARS-CoV-2 NSP7 protein. Although INM does not potently inhibit SARS-CoV-2 replication in infected Vero E6 cells, here we have explored for the first time the application of the Proteolysis Targeting Chimeras (PROTACs) technology in order to develop more potent INM-derived PROTACs with anti-CoV activity. In this study, we report the design, synthesis, and biological evaluation of a series of INM-based PROTACs endowed with antiviral activity against a panel of human CoVs, including different SARS-CoV-2 strains. Two PROTACs showed a strong improvement in antiviral potency compared to INM. Molecular modelling studies support human PGES-2 as a potential target of INM-based antiviral PROTACs, thus paving the way toward the development of host-directed anti-CoVs strategies. To the best of our knowledge, these PROTACs represent the first-in-class INM-based PROTACs with antiviral activity and also the first example of the application of PROTACs to develop pan-coronavirus agents.",chembl_document,ok,2026-03-05T18:41:37.229646+00:00
10.1016/j.ejmech.2021.113862,34583312,"We report here the synthesis, purification, and characterization of mono- and di-fatty acyl conjugates of remdesivir (RDV) and their in vitro antiviral activity against SAR-CoV-2, an Ebola virus transcription- and replication-competent virus-like particle (trVLP) system, and infectious Ebola virus. The most potent monofatty acyl conjugate was 4b, containing a 4-oxatetradecanolyl at the 3' position. Monofatty acyl conjugates, 3'-O-tetradecanoyl (4a) (IC<sub>50(VeroE6)</sub> = 2.3 μM; IC<sub>50(Calu3)</sub> = 0.24 μM), 3'-O-4-oxatetradodecanoyl (4b) (IC<sub>50(VeroE6)</sub> = 2.0 μM; IC<sub>50(Calu3)</sub> = 0.18 μM), and 3'-O-(12-ethylthiododecanoyl) (4e) (IC<sub>50(VeroE6)</sub> = 2.4 μM; IC<sub>50(Calu3)</sub> = 0.25 μM) derivatives exhibited less activity than RDV (IC<sub>50(VeroE6)</sub> = 0.85 μM; IC<sub>50(Calu3)</sub> = 0.06 μM) in both VeroE6 and Calu3 cells. Difatty acylation led to a significant reduction in the antiviral activity of RDV (as shown in conjugates 5a and 5b) against SARS-CoV-2 when compared with monofatty acylation (3a-e and 4a-e). About 77.9% of 4c remained intact after 4 h incubation with human plasma while only 47% of parent RDV was observed at the 2 h time point. The results clearly indicate the effectiveness of fatty acylation to improve the half-life of RDV. The antiviral activities of a number of monofatty acyl conjugates of RDV, such as 3b, 3e, and 4b, were comparable with RDV against the Ebola trVLP system. Meanwhile, the corresponding physical mixtures of RDV and fatty acids 6a and 6b showed 1.6 to 2.2 times less antiviral activity than the corresponding conjugates, 4a and 4c, respectively, against SARS-CoV-2 in VeroE6 cells. A significant reduction in viral RNA synthesis was observed for selected compounds 3a and 4b consistent with the IC<sub>50</sub> results. These studies indicate the potential of these compounds as long-acting antiviral agents or prodrugs of RDV.",chembl_document,ok,2026-03-05T18:41:37.229646+00:00
10.1016/j.ejmech.2021.113863,34571172,"COVID-19 pandemic, starting from the latest 2019, and caused by SARS-CoV-2 pathogen, led to the hardest health-socio-economic disaster in the last century. Despite the tremendous scientific efforts, mainly focused on the development of vaccines, identification of potent and efficient anti-SARS-CoV-2 therapeutics still represents an unmet need. Remdesivir, an anti-Ebola drug selected from a repurposing campaign, is the only drug approved, so far, for the treatment of the infection. Nevertheless, WHO in later 2020 has recommended against its use in COVID-19. In the present paper, we describe a step-by-step in silico design of a small library of compounds as main protease (M<sup>pro</sup>) inhibitors. All the molecules were screened by an enzymatic assay on M<sup>pro</sup> and, then, cellular activity was evaluated using Vero cells viral infection model. The cellular screening disclosed compounds 29 and 34 as in-vitro SARS-CoV-2 replication inhibitors at non-toxic concentrations (0.32 < EC<sub>50</sub> < 5.98 μM). To rationalize these results, additional in-vitro assays were performed, focusing on papain like protease (PL<sup>pro</sup>) and spike protein (SP) as potential targets for the synthesized molecules. This pharmacological workflow allowed the identification of compound 29, as a dual acting SARS-CoV-2 proteases inhibitor featuring micromolar inhibitory potency versus M<sup>pro</sup> (IC<sub>50</sub> = 1.72 μM) and submicromolar potency versus PL<sup>pro</sup> (IC<sub>50</sub> = 0.67 μM), and of compound 34 as a selective SP inhibitor (IC<sub>50</sub> = 3.26 μM).",chembl_document,ok,2026-03-05T18:41:37.229646+00:00
10.1016/j.ejmech.2021.113951,34742015,"In recent decades, pharmacological targeting of the autotaxin (ATX)/lysophosphatidic acid (LPA) axis accounted for excellent disease management benefits. Herein, to extend the scope of structure-activity relationships (SARs), fifteen indole-based carbamate derivatives (1-15) were prepared to evaluate the ATX inhibitory potency. Among them, compound 4 bearing morpholine moiety was identified as the optimal ATX inhibitor (0.41 nM), superior to the positive control GLPG1690 (2.90 nM). To resolve the intractable issue of poor pharmacokinetic (PK) property, urea moiety was introduced as a surrogate of carbamate which furnished compounds 16-30. The dedicated modification identified the diethanolamine entity 30 with satisfactory water solubility and PK profiles with a minimum sacrifice of ATX inhibition (2.17 nM). The most promising candidate 30 was evaluated for anti-fibrosis effect in a bleomycin challenged mice lung fibrosis model. Upon treatment with 30, the in vivo ATX activity in both lung homogenate and broncheoalveolar fluid (BALF) sample was significantly down-regulated. Furthermore, the gene expression of pro-fibrotic cytokines transforming growth factor-β (TGF-β), interleukin- 6 (IL-6) and tumor necrosis factor-α (TNF-α) in lung tissue was reduced to normal level. Collectively, the promising biological effects may advocate potential application of 30 in fibrosis relevant diseases.",chembl_document,ok,2026-03-05T18:41:37.229646+00:00
10.1016/j.ejmech.2021.113953,34731760,"As epigenetic readers, bromodomain and extra-terminal domain (BET) family proteins bind to acetylated-lysine residues in histones and recruit protein complexes to promote transcription initiation and elongation. Inhibition of BET bromodomains by small molecule inhibitors has emerged as a promising therapeutic strategy for cancer. Herein, we describe our efforts toward the discovery of a novel series of 1-(5-(1H-benzo[d]imidazole-2-yl)-2,4-dimethyl-1H-pyrrol-3-yl)ethan-1-one derivatives as BET inhibitors. Intensive structural modifications led to the identification of compound 35f as the most active inhibitor of BET BRD4 with selectivity against BET family proteins. Further biological studies revealed that compound 35f can arrest the cell cycle in G<sub>0</sub>/G<sub>1</sub> phase and induce apoptosis via decreasing the expression of c-Myc and other proteins related to cell cycle and apoptosis. More importantly, compound 35f showed favorable pharmacokinetic properties and antitumor efficacy in MV4-11 mouse xenograft model with acceptable tolerability. These results indicated that BET inhibitors could be potentially used to treat hematologic malignancies and some solid tumors.",chembl_document,ok,2026-03-05T18:41:37.229646+00:00
10.1016/j.ejmech.2021.113966,34749200,"The COVID-19 pandemic caused by severe acute respiratory syndrome coronavirus 2 (SARS-CoV-2) is unprecedented in human history. As a major structural protein, nucleocapsid protein (NPro) is critical to the replication of SARS-CoV-2. In this work, 17 NPro-targeting phenanthridine derivatives were rationally designed and synthesized, based on the crystal structure of NPro. Most of these compounds can interact with SARS-CoV-2 NPro tightly and inhibit the replication of SARS-CoV-2 in vitro. Compounds 12 and 16 exhibited the most potent anti-viral activities with 50% effective concentration values of 3.69 and 2.18 μM, respectively. Furthermore, site-directed mutagenesis of NPro and Surface Plasmon Resonance (SPR) assays revealed that 12 and 16 target N-terminal domain (NTD) of NPro by binding to Tyr109. This work found two potent anti-SARS-CoV-2 bioactive compounds and also indicated that SARS-CoV-2 NPro-NTD can be a target for new anti-virus agents.",chembl_document,ok,2026-03-05T18:41:37.229646+00:00
10.1016/j.ejmech.2021.113967,34752953,"Indoleamine 2,3-dioxygenase 1 (IDO1), a known immunosuppressive enzyme that catalyzes the rate-limiting step in the oxidation of tryptophan (Trp) to kynurenine (Kyn), has received increasing attention as an attractive immunotherapeutic target for cancer therapy. Up to now, eleven small-molecule IDO1 inhibitors have entered clinical trials for the treatment of cancers. In addition, proteolysis targeting chimera (PROTAC) based degraders also provide prospects for cancer therapy. Herein we present a comprehensive overview of the medicinal chemistry strategies and potential therapeutic applications of IDO1 inhibitors in nonclinical trials and IDO1-PROTAC degraders.",chembl_document,ok,2026-03-05T18:41:37.229646+00:00
10.1016/j.ejmech.2021.114039,34894440,"Aberrant activation of the phosphoinositide 3-kinase (PI3K) signaling network is a key event in many human cancers and therefore enormous efforts have been made in the development of PI3K inhibitors. However, due to intrinsic and acquired resistance as well as poor drug tolerance, limited therapeutic efficacy has been achieved with these agents. In view of the fact that PI3K inhibitors can show synergistic antitumor effects with other cancer agents, namely mammalian target of rapamycin (mTOR) inhibitors, histone deacetylase (HDAC) inhibitors and mitogen-activated protein kinase (MEK) inhibitors, dual inhibition of both targets by a single-molecule is regarded as a promising complementary or alternative therapeutic strategy to overcome the drawbacks of just PI3K monotherapy. In this review, we discuss the theoretical foundation for designing PI3K-based dual-target inhibitors and summarize the structure-activity relationships and clinical progress of these dual-binding agents.",chembl_document,ok,2026-03-05T18:41:37.229646+00:00
10.1016/j.ejmech.2021.114096,35007864,"Tropomyosin receptor kinase (TRK) is an ideal target for treating cancers caused by the NTRK gene fusion. In this study, more than 60 2,4-diaminopyrimidine derivatives were prepared to understand the structure-activity relationship and confirm the rationality of the pharmacophore model reported previously. Among them, compound 19k was found to be a potent pan-TRK inhibitor that inhibits the proliferation of Km-12 cell lines. Additionally, compound 19k induced the apoptosis of Km-12 cells in a concentration-dependent manner. Western blot analysis revealed that compound 19k inhibited the phosphorylation of TRK to block downstream pathways. Compound 19k also possessed outstanding plasma stability and liver microsomal stability in vitro, with half-lives greater than 289.1 min and 145 min, respectively. Pharmacokinetic studies indicated that the oral bioavailability of compound 19k is 17.4%. These results demonstrate that compound 19k could serve as a novel lead compound for overcoming NTRK-fusion cancers.",chembl_document,ok,2026-03-05T18:41:37.229646+00:00
10.1016/j.ejmech.2022.114109,35051747,"DDR (DNA damage response) defects in cells drive tumor formation by promoting DNA mutations, which also provides cancer-specific vulnerabilities that can be targeted by synthetic lethality-based therapies. Until now, PARP inhibitors like olaparib are the first successful case of utilizing synthetic lethality-based therapy to treat cancers with DNA-repairing deficiency (e.g. BRCA1 or BRCA2 mutation), which has fueled the search for more targetable components in the DDR signaling pathway by exploiting synthetic lethality, including but not limited to DNA-PK, ATR, ATM, CHK1, and WEE1. After years of efforts, numerous DDR kinase inhibitors have been discovered. Some of them are being investigated in clinical trials and have shown promising results for cancer therapy. In this review, we summarize the latest advancement in the development of DDR kinase inhibitors including those in preclinical stages and clinical trials, the crystal structures of DDR enzymes, and binding modes of inhibitors with target proteins. The biological functions involving different genes and proteins (ATR, DNA-PK, ATM, PARP, CHK1, and WEE1) are also elucidated.",chembl_document,ok,2026-03-05T18:41:37.229646+00:00
10.1016/j.ejmech.2022.114307,35436669,"Aiming to track the potential antitumor effect of novel allosteric autotaxin (ATX) inhibitors, a hybrid strategy was utilized by merging ATX inhibitors PF-8380 and GLPG1690, while the piperazinyl group in GLPG1690 was replaced with benzene ring to furnish imidazo[1,2-a]pyridine derivatives 10ã10k. Based on ATX enzymatic assay, we further changed the substituents within benzyl carbamate moiety and tuned the carbamate linker to urea group. Delightfully, compound 10c bearing a N-hydroxyethyl piperazinyl group was identified as the optimal ATX inhibitor with an IC<sub>50</sub> value of 3.4 nM 10c exerted the most impressive antitumor effects, especially on Hep3B (0.58 μM) and RAW264.7 (0.63 μM) cell lines highly expressing ATX mRNA. Moreover, 10c could dose-dependently suppress the RAW264.7 cell migration rate in wound healing assay and significantly inhibit RAW264.7 cell colony formation. Meanwhile, 10c was capable of inducing weak to moderate apoptosis and achieved notable G2 phase arrest on RAW264.7 cells. Taken together, 10c may serve as a novel lead to probe possible role of ATX allosteric inhibitors in tumor diseases.",chembl_document,ok,2026-03-05T18:41:37.229646+00:00
10.1016/j.ejmech.2022.114345,35398729,"As a key upstream kinase involved in the activation of necroptosis, receptor-interacting protein kinase 1 (RIPK1) plays a vital role in the treatment of relevant inflammatory diseases. Recently, we described the thio-benzoxazepinones as RIPK1 necroptosis inhibitors. On this basis, we further explored the chemical space of the thio-benzoxazepinones by introducing substitutions on the triazole group and evaluated their anti-necroptotic activity. The structure-activity relationship (SAR) was extended for this series of new derivatives. The best compound 2 with methyl and compound 10 with fluoroethyl were obtained and both specifically inhibited necroptosis rather than apoptosis with EC<sub>50</sub> values of 2.5 and 8.9 nM, respectively. They blocked the downstream necroptotic pathway to prevent cell lysis and prevent in vivo inflammation in a dose-dependent manner. This work provides that substituted thio-benzoxazepines can better occupy the hydrophobic cavity and enhance the hydrophobic interaction as promising lead compounds to enhance the in vivo activity of this class of compounds.",chembl_document,ok,2026-03-05T18:41:37.229646+00:00
10.1016/j.ejmech.2022.114368,35429909,"Cathepsin C (Cat C) is involved in inflammation regulation by activating neutrophil serine proteases (NSPs). Therefore, Cat C is an attractive target for treatment of inflammatory diseases mediated by NSPs overactivation. In previous study, compounds 54 and 77 were reported to be the first non-peptidyl non-covalent Cat C inhibitors, with good enzyme inhibitory activity and NSPs activation inhibition, but their pharmacokinetic (PK) properties were unsatisfactory. In this study, starting from 77, after several rounds of structure-based design and modification, compound SF38, a novel Cat C inhibitor bearing a unique thiophene structure was identified, which exhibited strong inhibitory activity against Cat C (IC<sub>50</sub> = 59.9 nM). Further mechanism study and in vivo evaluation showed that SF38 inhibited the Cat C activity in bone marrow and blood, decreased the activation of NSPs, and exhibited anti-inflammatory activity in an animal model of acute lung injury, with acceptable PK properties (F = 42.07%). These results enriched the structure-activity relationship (SAR) of Cat C inhibitor with thiophene structure characteristic, and proved the broad prospect of non-peptidyl non-covalent Cat C inhibitor.",chembl_document,ok,2026-03-05T18:41:37.229646+00:00
10.1016/j.ejmech.2022.114374,35436668,"Azulene is a bicyclic scaffold rarely applied in medicinal chemistry. Here we report physicochemical and in vitro parameters relevant for drug discovery for a series of diversely substituted azulenes. We synthesized and characterized several scaffold hopping series of analogously substituted azulenes, indoles and naphthalenes. This enabled a comparison of azulene with the more common scaffolds indole and naphthalene. Our data indicates that undesirably low photostability of azulenes is restricted to certain substitution patterns. Generally, we conclude that azulene is an underused lipophilic bicycle and should be considered as a valuable complement to the collection of medicinal chemistry scaffolds.",chembl_document,ok,2026-03-05T18:41:37.229646+00:00
10.1016/j.ejmech.2022.114423,35544982,"Sepsis has long been a major health problem worldwide. It threatens the lives of hospitalized patients and has been one of the leading causes of death in hospitalized patients over the past decades. BRD4 has been regarded as a potential target for sepsis therapy, for its critical role in the transcriptional expression of NF-κB pathway-dependent inflammatory factors. In this study, compound 1 was obtained through virtual screening, and candidate compound 27 was obtained through several rounds of iterative SAR analysis. 27 decreased LPS-induced NO production and expression of the pro-inflammatory factors IL-6, IL-1β and TNF-α. In vivo, 27 effectively protected mice from LPS-induced sepsis, increased survival rate and decreased the level of pro-inflammatory factors in serum. Collectively, we reported here 27, a BRD4 inhibitor with a new scaffold, as a potential candidate for the treatment of sepsis.",chembl_document,ok,2026-03-05T18:41:37.229646+00:00
10.1016/j.ejmech.2022.114519,35714446,"Bromodomain and extraterminal domain (BET) subfamily members are intriguing targets for cancer treatment. Most of the reported BET inhibitors were monovalent inhibitors. Recently, some bivalent inhibitors were disclosed, which bound to two bromodomains simultaneously. They had good activities, however, most of them also showed unsatisfactory pharmacokinetic properties, which were caused by long chain linkers. Based on our previous work on monovalent BRD4 inhibitors, we designed and synthesized a series of novel bivalent inhibitors with short and hydrophilic linkers. These compounds exhibited better activities than the corresponding monovalent inhibitors and good pharmacokinetic properties. Compound 21 showed excellent in vitro activities. And it also demonstrated potent in vivo antitumor efficacy under oral administration and was well tolerated in in vivo tests.",chembl_document,ok,2026-03-05T18:41:37.229646+00:00
10.1016/j.ejmech.2022.114524,35696861,"Indoleamine 2, 3-dioxygenase 1 (IDO1) is a rate-limiting enzyme that catalyzes the kynurenine (Kyn) pathway of tryptophan metabolism in the first step, and the kynurenine pathway plays a fundamental role in immunosuppression in the tumor microenvironment. Therefore, researchers are vigorously developing IDO1 inhibitors, hoping to apply them to cancer immunotherapy. Nowadays, there have been 11 kinds of IDO1 inhibitors entering clinical trials, among which many inhibitors have shown good tumor inhibitory effect in phase I/II clinical trials. But the phase III study of the most promising IDO1 inhibitor compound 29 (Epacadostat) failed in 2018, which may be caused by the compensation effect offered by tryptophan 2,3-dioxygenase (TDO), the mismatched drug combination strategies, or other reasons. Luckily, dual-target inhibitors show great potential and advantages in solving these problems. In recent years, many studies have linked IDO1 to popular targets and selected many IDO1 dual-target inhibitors through pharmacophore fusion strategy and library construction, which enhance the tumor inhibitory effect and reduce side effects. Currently, three kinds of IDO1/TDO dual-target inhibitors have entered clinical trials, and extensive studies have been developing on IDO1 dual-target inhibitors. In this review, we summarize the IDO1 dual-target inhibitors developed in recent years and focus on the structure optimization process, structure-activity relationship, and the efficacy of in vitro and in vivo experiments, shedding a light on the pivotal significance of IDO1 dual-target inhibitors in the treatment of cancer, providing inspiration for the development of new IDO1 dual-target inhibitors.",chembl_document,ok,2026-03-05T18:41:37.229646+00:00
10.1016/j.ejmech.2022.114533,35728507,"Epidermal Growth Factor Receptor (EGFR), a transmembrane tyrosine kinase receptor, belongs to the ErbB receptor family, also known as HER1 or ErbB1. Its abnormal expression and activation contribute to tumor development, especially in non-small cell lung cancer (NCSCL). The first-to fourth-generation inhibitors of EGFR were developed to solve mutations at different sites, but the problem of resistance has not been fundamentally addressed. Targeted protein degradation (TPD) technologies, including PROteolysis Targeting Chimeras (PROTACs) and LYsosome Targeting Chimeras (LYTACs), take advantages of protein destruction mechanism in cells, which make up for shortcomings of traditional small molecular occupancy-driven inhibitors. PROTACs based heterobifunctional EGFR degraders were recently developed by making use of wild-type (WT) and mutated EGFR inhibitors. These degraders compared with EGFR inhibitors showed better efficiency in their cellular potency, inhibition and toxicity profiles. In this review, we first introduce the structural properties of EGFR, the inhibitors that have been developed against WT/mutated EGFR, and then mainly focuses on the recent advances of EGFR-targeting degraders along with its limitations and unlimited prospects.",chembl_document,ok,2026-03-05T18:41:37.229646+00:00
10.1016/j.ejmech.2022.114551,35749986,"Janus kinases (JAKs) are the non-receptor tyrosine kinases covering JAK1, JAK2, JAK3, and TYK2 which regulate signal transductions of hematopoietic cytokines and growth factors to play essential roles in cell growth, survival, and development. Dysregulated JAK activity leading to a constitutively activated signal transducers and activators of transcription (STAT) is strongly associated with immune-related diseases and cancers. Targeting JAK to interfere the signaling of JAK/STAT pathway has achieved quite success in the treatment of these diseases. However, inadequate clinical response and serious adverse events come along by the treatment of monotherapy of JAK inhibitors. With better and deeper understanding of JAK/STAT pathway in the pathogenesis of diseases, researchers start to show huge interest in combining inhibition of JAK and other oncogenic targets to realize a broader regulation on pathological processes to block disease development and progression, which has hastened extensive research of dual JAK inhibitors over the past decades. Until now, studies of dual JAK inhibitors have added BTK, SYK, FLT3, HDAC, Src, and Aurora kinases to the overall inhibitory profile and demonstrated significant advantage and superiority over single-target inhibitors. In this review, we elucidated the possible mechanism of synergic effects caused by dual JAK inhibitors and briefly describe the development of these agents.",chembl_document,ok,2026-03-05T18:41:37.229646+00:00
10.1016/j.ejmech.2022.114856,36279692,"Epidermal growth factor receptor (EGFR) is an effective drug target for the treatment of non-small cell lung cancer (NSCLC). However, a tertiary point mutation (C797S) at the ATP binding pocket of the EGFR induces resistance to the third-generation EGFR inhibitors, due to the loss of covalent interaction with Cys797. Here, we designed a series of 4-anilinoquinazoline derivatives that simultaneously occupied the ATP binding pocket and the allosteric site. The newly-synthesized compounds displayed high potency against EGFR-C797S resistance mutation. Among them, compound 14d presented high anti-proliferative effect against BaF3-EGFR<sup>L858R/T790M/C797S</sup> (IC<sub>50</sub> = 0.75 μM) and BaF3-EGFR<sup>19del/T790M/C797S</sup> (IC<sub>50</sub> = 0.09 μM) cells. Moreover, 14d resulted in obvious inhibition activities against EGFR and its downstream signaling pathways in a dose-dependent manner in BaF3-EGFR<sup>19del/T790M/C797S</sup> cells. Finally, 14d significantly inhibited tumor growth in BaF3-EGFR<sup>19del/T790M/C797S</sup> xenograft model (30 mg/kg, TGI = 67.95%). These results demonstrated that 14d is a novel and effective EGFR-C797S inhibitor which spanning the ATP binding pocket and the allosteric site and effective both in vitro and in vivo.",chembl_document,ok,2026-03-05T18:41:37.229646+00:00
10.1016/j.ejmech.2022.114857,36332548,"Although vaccines are greatly mitigating the worldwide pandemic diffusion of SARS-Cov-2, therapeutics should provide many distinct advantages as complementary approach to control the viral spreading. Here, we report the development of new tripeptide derivatives of AT1001 against SARS-CoV-2 M<sup>pro</sup>. By molecular modeling, a small compound library was rationally designed and filtered for enzymatic inhibition through FRET assay, leading to the identification of compound 4. X-ray crystallography studies provide insights into its binding mode and confirm the formation of a covalent bond with M<sup>pro</sup> C145. In vitro antiviral tests indicate the improvement of biological activity of 4 respect to AT1001. In silico and X-ray crystallography analysis led to 58, showing a promising activity against three SARS-CoV-2 variants and a valuable safety in Vero cells and human embryonic lung fibroblasts. The drug tolerance was also confirmed by in vivo studies, along with pharmacokinetics evaluation. In summary, 58 could pave the way to develop a clinical candidate for intranasal administration.",chembl_document,ok,2026-03-05T18:41:37.229646+00:00
10.1016/j.ejmech.2022.114900,36417820,"Lung cancer is the second place among the global cancer population in term of the morbidity and mortality, while non-small cell lung cancer (NSCLC) accounts for the largest proportion of all lung cancer patient. Epidermal growth factor receptor (EGFR) tyrosine kinase inhibitors (TKIs) are commonly used in the treatment of NSCLC. Despite of the success in coping with EGFR kinase resistance lung cancer using the first three generations of EGFR-TK inhibitors (EGFR-TKIs), the new problem of resistance to Osimertinib occurred due to the newly developed EGFR<sup>C797S</sup> mutation. In recent years, scientists have proposed several pharmacochemical strategies for the treatment of Osimertinib-resistant NSCLC patients. This paper intends to collect the references in this field since 2021 and to summarize the pharmacochemical processes and strategies in discovery of novel EGFR-TKIs for overcoming C797S mutation in lung cancer patients. It could serve as quick information provider for further structural modifications and drug discovery.",chembl_document,ok,2026-03-05T18:41:37.229646+00:00
10.1016/j.ejmech.2022.114942,36455356,"Different viruses belonging to distinct viral families, such as enterovirus 71, rely on the host methyltransferase METTL3 for the completion of fundamental cytoplasmic stages of their life cycle. Modulation of the activity of this enzyme could therefore provide a broad-spectrum approach to interfere with viral infections caused by viruses that depend on its activity for the completion of their viral cycle. With the aim to identify antiviral therapeutics with this effect, a series of new nucleoside analogues was rationally designed to act as inhibitors of human METTL3, as a novel approach to interfere with a range of viral infections. Guided by molecular docking studies on the SAM binding pocket of the enzyme, 24 compounds were prepared following multiple-step synthetic protocols, and evaluated for their ability to interfere with the replication of different viruses in cell-based systems, and to directly inhibit the activity of METTL3. While different molecules displayed moderate inhibition of the human methyltransferase in vitro, multiple novel, potent and selective inhibitors of enterovirus 71 were identified.",chembl_document,ok,2026-03-05T18:41:37.229646+00:00
10.1016/j.ejmech.2023.115113,36706621,"Coronaviruses (CoVs) infect a broad range of hosts, including humans and various animals, with a tendency to cross the species barrier, causing severe harm to human society and fostering the need for effective anti-coronaviral drugs. GS-441524 is a broad-spectrum antiviral nucleoside with potent anti-CoVs activities. However, its application is limited by poor oral bioavailability. Herein, we designed and synthesized several conjugates via covalently binding NSAIDs to 5'-OH of GS-441524 through ester bonds. The ibuprofen conjugate, ATV041, exhibited potent in vitro anti-coronaviral efficacy against four zoonotic coronaviruses in the alpha- and beta-genera. Oral-dosed ATV041 resulted in favorable bioavailability and rapid tissue distribution of GS-441524 and ibuprofen. In MHV-A59 infected mice, ATV041 dose-dependently decreased viral RNA replication and significantly reduced the proinflammatory cytokines in the liver and the lung at 3 dpi. As a result, the MHV-A59-induced lung and liver inflammatory injury was significantly alleviated. Taken together, this work provides a novel drug conjugate strategy to improve oral PK and offers a potent anti-coronaviral lead compound for further studies.",chembl_document,ok,2026-03-05T18:41:37.229646+00:00
10.1016/j.ejmech.2023.115130,36702053,"Robust experimental evidence has highlighted the role of Autotaxin (ATX)/Lysophosphatidic acid (LPA) axis not only in the pathogenesis of chronic inflammatory conditions and especially in fibroproliferative diseases but also in several types of cancer. As a result, different series of substrate-, lipid-based and small-molecule ATX inhibitors have been identified thus far by both academia and pharma. The ""crowning achievement"" of these drug discovery campaigns was the development and entry of the first-in-class ATX inhibitor (ziritaxestat, GLPG-1690) in advanced clinical trials against idiopathic pulmonary fibrosis. Herein, the potency optimization efforts of a new series of Autotaxin inhibitors, namely 2-substituted-2,6-dihydro-4H-thieno[3,4-c]pyrazol-1-substituted amide, is described using a previously identified novel chemical scaffold as a ""hit"". The mode of inhibition of the most promising ATX inhibitors was investigated, while their cellular activity, aqueous solubility and cytotoxicity were evaluated. Our pharmacological results were corroborated by chemoinformatic tools (molecular docking and molecular dynamics simulations) deployed, to provide insight into the binding mechanism of the synthesized inhibitors to ATX.",chembl_document,ok,2026-03-05T18:41:37.229646+00:00
10.1016/j.ejmech.2023.115182,36758307,"Multiple sclerosis (MS) is a neurological disease that leads to severe physical and cognitive disabilities. Drugs used in the treatment of MS vary from small synthetic molecules to large macromolecules such as antibodies. Sphingosine 1-phosphate receptor modulators are frequently used for the treatment of MS. These medicines prevent the egress of lymphocytes from secondary lymphoid organs leading to immune system suppression. Currently, four S1PR modulators are on the market and several potential drug candidates are in clinical trials for the treatment of MS. These compounds differ in chemical structure, adverse effects, and efficacy points of view. The current article reviews the latest studies on S1PR1 modulators and compares them with other MS drugs in terms of efficacy, tolerability, and safety. A special focus was dedicated to discussing the structure-activity relationships of these compounds and performing a three-dimensional quantitative structure-activity relationship (3D-QSAR) analysis to gain better insight into the ligand-receptor interaction mode.",chembl_document,ok,2026-03-05T18:41:37.229646+00:00
10.1016/j.ejmech.2023.115291,37030091,"Tropomyosin receptor kinases (TRKs) are effective targets for anti-cancer drug discovery. The first-generation type I TRKs inhibitors, larotrectinib and entrectinib, exhibit durable disease control in the clinic. The emergence of acquired resistance mediated by secondary mutations in the TRKs domain significantly reduces the therapeutic efficacy of these two drugs, indicating an unmet clinical need. In this study, we designed a potent and orally bioavailable TRK inhibitor, compound 24b, using a molecular hybridization strategy. Compound 24b exhibited significant inhibitory potency against multiple TRK mutants in both biochemical and cellular assays. Furthermore, compound 24b induced apoptosis of Ba/F3-TRKA<sup>G595R</sup> and Ba/F3-TRKA<sup>G667C</sup> cells in a dose-dependent manner. Additionally, compound 24b exhibited moderate kinase selectivity. In vitro stability revealed that compound 24b showed excellent plasma stability (t<sub>1/2</sub> > 289.1 min) and moderate liver microsomal stability (t<sub>1/2</sub> = 44.3 min). Pharmacokinetic studies have revealed that compound 24b is an orally bioavailable TRK inhibitor with a good oral bioavailability of 116.07%. These results indicate that compound 24b be used as a lead molecule for further modifications to overcome drug-resistant mutants of TRK.",chembl_document,ok,2026-03-05T18:41:37.229646+00:00
10.1016/j.ejmech.2023.115292,36965227,"The SARS-CoV-2 pandemic is considered as one of the most disastrous pandemics for human health and the world economy. RNA-dependent RNA polymerase (RdRp) is one of the key enzymes that control viral replication. RdRp is an attractive and promising therapeutic target for the treatment of SARS-CoV-2 disease. It has attracted much interest of medicinal chemists, especially after the approval of Remdesivir. This study highlights the most promising SARS-CoV-2 RdRp repurposed drugs in addition to natural and synthetic agents. Although many in silico predicted agents have been developed, the lack of in vitro and in vivo experimental data has hindered their application in drug discovery programs.",chembl_document,ok,2026-03-05T18:41:37.229646+00:00
10.1016/j.ejmech.2023.115300,36989813,"Breast cancer treatment with PARP-1 inhibitors remains challenging due to emerging toxicities, drug resistance, and unaffordable costs of treatment options. How do we invent strategies to design better anti-cancer drugs? A part of the answer is in optimized compound properties, desirability functions, and modern computational drug design methods that drive selectivity and toxicity and have not been reviewed for PARP-1 inhibitors. Nonetheless, comparisons of these compound properties for PARP-1 inhibitors are not available in the literature. In this review, we analyze the physchem, PKPD space to identify inherent desirability functions characteristic of approved drugs that can be valuable for the design of better candidates. Recent literature utilizing ligand, structure-based drug design strategies and matched molecular pair analysis (MMPA) for the discovery of novel PARP-1 inhibitors are also reviewed. Thus, this perspective provides valuable insights into the medchem and multiparameter optimization of PARP-1 inhibitors that might be useful to other medicinal chemists.",chembl_document,ok,2026-03-05T18:41:37.229646+00:00
10.1016/j.ejmech.2023.115320,37058956,"Niclosamide, an oral anthelmintic drug, could inhibit SARS-CoV-2 virus replication through autophagy induction, but high cytotoxicity and poor oral bioavailability limited its application. Twenty-three niclosamide analogs were designed and synthesized, of which compound 21 was found to exhibit the best anti-SARS-CoV-2 efficacy (EC<sub>50</sub> = 1.00 μM for 24 h), lower cytotoxicity (CC<sub>50</sub> = 4.73 μM for 48 h), better pharmacokinetic, and it was also well tolerated in the sub-acute toxicity study in mice. To further improve the pharmacokinetics of 21, three prodrugs have been synthesized. The pharmacokinetics of 24 indicates its potential for further research (AUC<sub>last</sub> was 3-fold of compound 21). Western blot assay indicated that compound 21 could down-regulate SKP2 expression and increase BECN1 levels in Vero-E6 cells, indicating the antiviral mechanism of 21 was related to modulating the autophagy processes in host cells.",chembl_document,ok,2026-03-05T18:41:37.229646+00:00
10.1016/j.ejmech.2023.115503,37229831,"The ongoing COVID-19 pandemic has resulted in millions of deaths globally, highlighting the need to develop potent prophylactic and therapeutic strategies against SARS-CoV-2. Small molecule inhibitors (remdesivir, Paxlovid, and molnupiravir) are essential complements to vaccines and play important roles in clinical treatment of SARS-CoV-2. Many advances have been made in development of anti-SARS-CoV-2 inhibitors in China, but progress in discovery and characterization of pharmacological activity, antiviral mechanisms, and clinical efficacy are limited. We review development of small molecule anti-SARS-CoV-2 drugs (azvudine [approved by the NMPA of China on July 25, 2022], VV116 [approved by the NMPA of China on January 29, 2023], FB2001, WPV01, pentarlandir, and cepharanthine) in China and summarize their pharmacological activity, potential mechanisms of action, clinical trials and use, and important milestones in their discovery. The role of structural biology in drug development is also reviewed. Future studies should focus on development of diverse second-generation inhibitors with excellent oral bioavailability, superior plasma half-life, increased antiviral activity against SARS-CoV-2 and its variants, high target specificity, minimal side effects, reduced drug-drug interactions, and improved lung histopathology.",chembl_document,ok,2026-03-05T18:41:37.229646+00:00
10.1016/j.ejmech.2023.115618,37413881,"The tropomyosin receptor tyrosine kinases (TRKs) control the cell proliferation mainly in the nervous system and are encoded by NTRK genes. Fusion and mutation of NTRK genes were detected in various types of cancers. Many small molecules TRK inhibitors have been discovered during the last two decades and some of them have entered clinical trials. Moreover, two of these inhibitors; larotrectinib and entrectinib; were approved by FDA for the treatment of TRK-fusion positive solid tumors. However, mutation of TRK enzymes resulted in resistance to both drugs. Therefore, next generation TRK inhibitors were discovered to overcome the acquired drug resistance. Additionally, the off-target and on-target adverse effects on the brain initiated the need for selective TRK subtype inhibitors. Indeed, some molecules were recently reported as selective TRKA or TRKC inhibitors with minimal CNS side effects. The current review highlighted the efforts done during the last three years in the design and discovery of novel TRK inhibitors.",chembl_document,ok,2026-03-05T18:41:37.229646+00:00
10.1016/j.ejmech.2023.115657,37517202,"The SARS-CoV-2 main protease (M<sup>pro</sup>, also named 3CL<sup>pro</sup>) is a promising antiviral target against COVID-19 due to its functional importance in viral replication and transcription. Herein, we report the discovery of a series of α-ketoamide derivatives as a new class of SARS-CoV-2 M<sup>pro</sup> inhibitors. Structure-activity relationship (SAR) of these compounds was analyzed, which led to the identification of a potent M<sup>pro</sup> inhibitor (27h) with an IC<sub>50</sub> value of 10.9 nM. The crystal structure of M<sup>pro</sup> in complex with 27h revealed that α-ketoamide warhead covalently bound to Cys145s of the protease. In an in vitro antiviral assay, 27h showed excellent activity with an EC<sub>50</sub> value of 43.6 nM, comparable to the positive control, Nirmatrelvir. This compound displayed high target specificity for M<sup>pro</sup> against human proteases and low toxicity. It also possesses favorable pharmacokinetic properties. Overall, compound 27h could be a promising lead compound for drug discovery targeting SARS-CoV-2 M<sup>pro</sup> and deserves further in-depth studies.",chembl_document,ok,2026-03-05T18:41:37.229646+00:00
10.1016/j.ejmech.2023.115667,37482021,"SARS-CoV-2 main protease (M<sup>pro</sup>) is a validated antiviral drug target of nirmatrelvir, the active ingredient in Pfizer's oral drug Paxlovid. Drug-drug interactions limit the use of Paxlovid. In addition, drug-resistant M<sup>pro</sup> mutants against nirmatrelvir have been identified from cell culture viral passage and naturally occurring variants. As such, there is a need for a second generation of M<sup>pro</sup> inhibitors. In this study, we explored several reactive warheads in the design of M<sup>pro</sup> inhibitors. We identified Jun11119R (vinyl sulfonamide warhead), Jun10221R (propiolamide warhead), Jun1112R (4-chlorobut-2-ynamide warhead), Jun10541R (nitrile warhead), and Jun10963R (dually activated nitrile warhead) as potent M<sup>pro</sup> inhibitors. Jun10541R and Jun10963R also had potent antiviral activity against SARS-CoV-2 in Calu-3 cells with EC<sub>50</sub> values of 2.92 and 6.47 μM, respectively. X-ray crystal structures of M<sup>pro</sup> with Jun10541R and Jun10221 revealed covalent modification of Cys145. These M<sup>pro</sup> inhibitors with diverse reactive warheads collectively represent promising candidates for further development.",chembl_document,ok,2026-03-05T18:41:37.229646+00:00
10.1016/j.ejmech.2023.115709,37567056,"Poly(ADP-ribose) polymerase 1 (PARP1) inhibitors can selectively kill homologous recombination (HR) deficient cancer cells and elicit anticancer effect through a mechanism of synthetic lethality. In this study, we designed, synthesized and pharmacologically evaluated a series of [1,2,4]triazolo[4,3-a]pyrazine derivatives as a class of potent PARP1 inhibitors. Among them, compounds 17m, 19a, 19c, 19e, 19i and 19k not only displayed more potent inhibitory activities (IC<sub>50</sub>s < 4.1 nM) than 9 and 1 against PARP1, but also exhibited nanomolar range of antiproliferative effects against MDA-MB-436 (BRCA1<sup>-/-</sup>, IC<sub>50</sub>s < 1.9 nM) and Capan-1 (BRCA2<sup>-/-</sup>, IC<sub>50</sub>s < 21.6 nM) cells. Notably, 19k significantly inhibited proliferation of resistant Capan-1 cells (IC<sub>50</sub>s < 0.3 nM). Collectively, the newly discovered PARP1 inhibitors act as a useful pharmacological tool for investigating the mechanism of acquired resistance to PARP1 inhibitors, and may also represent promising therapeutic agents for the treatment of HR deficient cancers with the potential to overcome the acquired resistance.",chembl_document,ok,2026-03-05T18:41:37.229646+00:00
10.1016/j.ejmech.2023.115719,37597435,"The recently discovered coronavirus, known as SARS-CoV-2, is a highly contagious and potentially lethal viral infection that was declared a pandemic by the World Health Organization on March 11, 2020. Since the beginning of the pandemic, an unprecedented number of COVID-19 vaccine candidates have been investigated for their potential to manage the pandemic. Herein, we reviewed vaccine development and the associated research effort, both traditional and forward-looking, to demonstrate the advantages and disadvantages of their technology, in addition to their efficacy limitations against mutant SARS-CoV-2. Moreover, we report repurposed drug discovery, which mainly focuses on virus-based and host-based targets, as well as their inhibitors. SARS-CoV-2 targets include the main protease (M<sup>pro</sup>), and RNA-dependent RNA-polymerase (RdRp), which are the most well-studied and conserved across coronaviruses, enabling the development of broad-spectrum inhibitors of these enzymes.",chembl_document,ok,2026-03-05T18:41:37.229646+00:00
10.1016/j.ejmech.2023.115720,37633203,"Severe acute respiratory syndrome coronavirus 2 (SARS-CoV-2) main protease (M<sup>pro</sup>) has been targeted for the development of anti-SARS-CoV-2 agents against COVID-19 infection because M<sup>pro</sup> processes essential viral polyproteins and plays a key role in SARS-CoV-2 replication. In this study, we report the development of novel SARS-CoV-2 M<sup>pro</sup> inhibitors derived from carmofur, a previously identified compound that has shown moderate potency as a covalent inhibitor of SARS-CoV-2 M<sup>pro</sup>. To employ a structure-guided drug design strategy, a putative intact binding mode of carmofur at catalytic active site of M<sup>pro</sup> was initially predicted by docking simulation. Based on the predicted binding mode, a series of carmofur derivatives aiming to occupy the M<sup>pro</sup> substrate binding regions were investigated for structure-activity relationship analysis. As a result, an indole-based derivative, speculated to interact with the S4 binding pocket, 21b (IC<sub>50</sub> = 1.5 ± 0.1 μM) was discovered. Its structure was further modified and evaluated in silico by combining docking simulation, free energy perturbation calculation and subpocket interaction analysis to optimize the interactions at the S2 and S4 binding pockets. Among the newly designed novel derivatives, 21h and 21i showed the best inhibitory potencies against M<sup>pro</sup> with IC<sub>50</sub> values of 0.35 and 0.37 μM, respectively. Moreover, their antiviral activities were confirmed with EC<sub>50</sub> values of 20-30 μM in the SARS-CoV-2-infected cell-based assay, suggesting that these novel M<sup>pro</sup> inhibitors could be applied as potential lead compounds for the development of substantial anti-SARS-CoV-2 agents.",chembl_document,ok,2026-03-05T18:41:37.229646+00:00
10.1016/j.ejmech.2023.115762,37683364,"Idiopathic pulmonary fibrosis (IPF) is the most common fibrotic form of idiopathic diffuse lung disease. Due to limited treatment options, IPF patients suffer from poor survival. About ten years ago, Pirfenidone (Shionogi, 2008; InterMune, 2011) and Nintedanib (Boehringer Ingelheim, 2014) were approved, greatly changing the direction of IPF drug design. However, limited efficacy and side effects indicate that neither can reverse the process of IPF. With insights into the occurrence of IPF, novel targets and agents have been proposed, which have fundamentally changed the treatment of IPF. With the next-generation agents, targeting pro-fibrotic pathways in the epithelial-injury model offers a promising approach. Besides, several next-generation IPF drugs have entered phase II/III clinical trials with encouraging results. Due to the rising IPF treatment requirements, there is an urgent need to completely summarize the mechanisms, targets, problems, and drug design strategies over the past ten years. In this review, we summarize known mechanisms, target types, drug design, and novel technologies of IPF drug discovery, aiming to provide insights into the future development and clinical application of next-generation IPF drugs.",chembl_document,ok,2026-03-05T18:41:37.229646+00:00
10.1016/j.ejmech.2023.115831,37813064,"There remain great unmet needs to treat coronavirus infections in clinic, and the development of novel antiviral agents is highly demanded. In this work, a phenotypic screening against our in-house compound library identified several cajanine derivatives with moderate antiviral activity against HCoV-OC43. Based on the scaffold of cajanine, a series of quinazoline derivatives were designed employing a scaffold-hopping strategy. After an iterative structural optimization campaign, several quinazoline derivatives with potent antiviral efficacy (EC<sub>50</sub>: ∼0.1 μM) and high selectivity (SI > 1000) were successfully identified. The preliminary mechanism of action study indicated that such quinazoline derivatives functioned at the early stage of infection. In aggregate, this work delivered a new chemical type of coronavirus inhibitors, which could be employed not only for further development of antiviral drugs but also as important chemical tools to delineate the target of action.",chembl_document,ok,2026-03-05T18:41:37.229646+00:00
10.1016/j.ejmech.2023.115840,37783102,"Epidermal growth factor receptor (EGFR)-targeted therapy is used to treat EGFR mutation-induced non-small cell lung cancer (NSCLC). However, its efficacy does not last beyond a certain period due to the development of primary and secondary resistance. First and second-generation inhibitors (e.g., gefitinib, erlotinib, and afatinib) induce EGFR T790M mutations, while third-generation inhibitors (e.g., osimertinib) induce C797S as a major target resistance mutation. Therefore, the C797S mutation is being actively researched. In this study, we investigated the structure-activity relationship of several synthesized compounds as fourth-generation inhibitors against the C797S mutation. We identified a compound 13k that displayed nanomolar potency and high selectivity. Moreover, we used a triple mutant xenograft mouse model to evaluate the in vivo efficacy of 13k in inhibiting EGFR C797S, which demonstrated exceptional profiles and satisfactory EGFR C797S inhibition efficacy. Based on its excellent in vitro and in vivo profiles, compound 13k can be considered a promising candidate for treating EGFR C797S mutations.",chembl_document,ok,2026-03-05T18:41:37.229646+00:00
10.1016/j.ejmech.2023.115848,37793326,"Janus kinase (JAK) plays a crucial role in intracellular signaling pathways, particularly in cytokine-mediated signal transduction, making them attractive therapeutic targets for a wide range of diseases, including autoimmune disorders, myeloproliferative neoplasms, and inflammatory conditions. The review provides a comprehensive overview of the development and therapeutic potential of small-molecule inhibitors targeting JAK family of proteins in various clinical trials. It also discusses the mechanisms of action, specificity, and selectivity of these inhibitors, shedding light on the challenges associated with achieving target selectivity while minimizing off-target effects. Moreover, the review offers insights into the clinical applications of JAK inhibitors, summarizing the ongoing clinical trials and the Food and Drug Administration (FDA)-approved JAK inhibitors currently available for various diseases. Overall, this review provides a thorough examination of the synthesis and clinical use of typical small-molecule JAK inhibitors in different clinical stages and offers a bright future for the development of novel small-molecule JAK inhibitors.",chembl_document,ok,2026-03-05T18:41:37.229646+00:00
10.1016/j.ejmech.2023.115865,37839342,"The EGFR<sup>C797S</sup> mutation is a dominant mechanism of acquired resistance after the treatment of non-small cell lung cancer (NSCLC) with osimertinib in clinic. To date, there is no inhibitor approved to overcome the resistance caused by osimertinib. In this study, a series of compounds with phenylamino-pyrimidine scaffold deriving from osimertinib were designed, synthesized and evaluated as fourth-generation EGFR<sup>C797S</sup>-TK inhibitors. Consequently, compound Os30 exhibited potent inhibitory activities against both EGFR<sup>Del19/T790M/C797S</sup> TK and EGFR<sup>L858R/T790M/C797S</sup> TK with IC<sub>50</sub> values of 18 nM and 113 nM, respectively. Moreover, Os30 can powerfully inhibit the proliferation of KC-0116 (BaF3-EGFR<sup>Del19/T790M/C797S</sup>) and KC-0122 (BaF3-EGFR<sup>L858R/T790M/C797S</sup>) cells. In addition, Os30 can suppress EGFR phosphorylation in a concentration-dependent manner in KC-0116 cells, arrest KC-0116 cells at G1 phase and induce the apoptosis of KC-0116 cells. More importantly, Os30 showed potent antitumor efficacy in the KC-0116 cells xenograft nude mice tumor model with the tumor growth inhibitory rate of 77.6% at a dosage of 40 mg/kg. These findings demonstrate that modification of osimertinib can discover new potent EGFR<sup>C797S</sup>-TK inhibitors, and compound Os30 is a potent fourth-generation EGFR inhibitor to treat NSCLC with EGFmR<sup>C797S</sup> mutation.",chembl_document,ok,2026-03-05T18:41:37.229646+00:00
10.1016/j.ejmech.2023.115982,38056296,"Histone methyltransferases (HMTs) play a critical role in gene post-translational regulation and diverse physiological processes, and are implicated in a plethora of human diseases, especially cancer. Increasing evidences demonstrate that HMTs may serve as a potential therapeutic target for cancer treatment. Thus, the development of HMTs inhibitor have been pursued with steadily increasing interest over the past decade. However, the disadvantages such as insufficient clinical efficacy, moderate selectivity, and propensity for acquired resistance have hindered the development of conventional HMT inhibitors. New technologies and methods are imperative to enhance the anticancer activity of HMT inhibitors. In this review, we first review the structure and biological functions of the several essential HMTs, such as EZH2, G9a, PRMT5, and DOT1L. The internal relationship between these HMTs and cancer is also expounded. Next, we mainly focus on the latest progress in the development of HMT modulators encompassing dual-target inhibitors, targeted protein degraders and covalent inhibitors from perspectives such as rational design, pharmacodynamics, pharmacokinetics, and clinical status. Lastly, we also discuss the challenges and future directions for HMT-based drug discovery for cancer therapy.",chembl_document,ok,2026-03-05T18:41:37.229646+00:00
10.1016/j.ejmech.2023.116029,38091892,"To discover novel anti-fibrotic agents, a series of UDCA-aminopyrimidine hybrids were designed and synthesized as potent ATX inhibitors by molecular hybridization strategy. The ATX inhibitory activities of all synthesized compounds were evaluated using the LPC choline release assay. The preliminary structure-activity relationship was concluded. Among them, 12a and 12h exhibited the strongest ATX inhibitory activities with IC<sub>50</sub> values of 7.62 ± 0.62 and 7.51 ± 0.72 nM respectively, which were 9-fold more effective than the positive control drug GLPG-1690. Molecular docking studies revealed that 12a and 12h occupied the hydrophobic pocket and tunnel of the ATX binding site. The cytotoxicity assay of 12a and 12h revealed that they had no obvious toxicity at concentrations up to 80 μM, therefore their anti-hepatic fibrosis and anti-pulmonary fibrosis activities were further investigated. The results suggested that 12a and 12h significantly decreased the gene and protein expression of α-SMA, COL1A1 and FN in both TGF-β1-induced HSC-LX2 and CCC-HPF-1 cells. In addition, 12a and 12h significantly inhibited cells migration in both TGF-β1-induced HSC-LX2 and CCC-HPF-1 cells. Preliminary mechanistic studies indicated that 12a and 12h exerted anti-hepatic fibrosis and anti-pulmonary fibrosis effects by inhibiting the TGF-β/Smad signaling pathway. Overall, our findings suggested that 12a and 12h might be two promising anti-fibrotic agents, or might serve as two new lead compounds for the further development of anti-fibrotic agents.",chembl_document,ok,2026-03-05T18:41:37.229646+00:00
10.1016/j.ejmech.2023.116076,38171150,"Receptor-interacting serine/threonine-protein kinase 1 (RIPK1) is an important regulatory factor in the necroptosis signaling pathway, and is considered an attractive therapeutic target for treating multiple inflammatory diseases. Herein, we describe the design, synthesis, and structure-activity relationships of 4-amino-1,6-dihydro-7H-pyrrolo [2,3-d]pyridazin-7-one derivatives as RIPK1 inhibitors. Among them, 13c showed favorable RIPK1 kinase inhibition activity with an IC<sub>50</sub> value of 59.8 nM, and high RIPK1 binding affinity compared with other regulatory kinases of necroptosis (RIPK1 K<sub>d</sub> = 3.5 nM, RIPK3 K<sub>d</sub> = 1700 nM, and MLKL K<sub>d</sub> > 30,000 nM). 13c efficiently blocked TNFα-induced necroptosis in both human and murine cells (EC<sub>50</sub> = 1.06-4.58 nM), and inhibited TSZ-induced phosphorylation of the RIPK1/RIPK3/MLKL pathway. In liver microsomal assay studies, the clearance rate and half-life of 13c were 18.40 mL/min/g and 75.33 min, respectively. 13c displayed acceptable pharmacokinetic characteristics, with oral bioavailability of 59.55%. In TNFα-induced systemic inflammatory response syndrome, pretreatment with 13c could effectively protect mice from loss of body temperature and death. Overall, these compounds are promising candidates for future optimization studies.",chembl_document,ok,2026-03-05T18:41:37.229646+00:00
10.1016/j.ejmech.2023.116106,38169271,"Clinical researches have shown that epidermal growth factor receptor (EGFR) is a key target for treatment of non-small cell lung cancer (NSCLC). Many EGFR inhibitors were successfully developed as ani-tumor drugs to treat NSCLC patients. Unfortunately, drug resistances were found in clinic. To overcome C797S mutation in EGFR, a novel series of 4-arylamine substituted pyrimidine derivatives were designed and synthesized under the principle of structure-based drug design. Interestingly, compounds 6e and 9i demonstrated the best anti-proliferative activity against A549, NCI-H1975, and HCC827 cells. In particular, the IC<sub>50</sub> values against HCC827 cells reached to 24.6 nM and 31.6 nM, which were much lower than human normal cells 2BS and LO2. Furthermore, compounds 6e and 9i showed extraordinary activity against EGFR<sup>19del/T790M/C797S</sup> (IC<sub>50</sub> = 16.06 nM and 37.95 nM) and EGFR<sup>L858R/T790M/C797S</sup> (IC<sub>50</sub> = 11.81 nM and 26.68 nM), which were potent than Osimertinib (IC<sub>50</sub> = 52.28 nM and 157.60 nM). Further studies have shown that compounds 6e and 9i could pertain inhibition of HCC827 colony formation, and arrest HCC827 cells at G2/M phase. Moreover, the most promising compound 6e could inhibit the migration of HCC827 cells, induce HCC827 cells apoptosis, and significantly inhibit the phosphorylation of EGFR, AKT and Erk<sub>1/2</sub>. In vivo xenograft mouse model with HCC827 cells, compound 6e resulted in remarkable tumor regression without obvious toxicity. In addition, molecular docking studies suggested that compound 6e could firmly combine with T790M-mutant, T790 M/C797S-mutant, and L858R/T790 M/C797S-mutant EGFR kinases as ATP-competitive inhibitor.",chembl_document,ok,2026-03-05T18:41:37.229646+00:00
10.1016/j.ejmech.2023.116109,38183777,"Phosphoinositide 3-kinases (PI3Ks) modify lipids by the phosphorylation of inositol phospholipids at the 3'-OH position, thereby participating in signal transduction and exerting effects on various physiological processes such as cell growth, metabolism, and organism development. PI3K activation also drives cancer cell growth, survival, and metabolism, with genetic dysregulation of this pathway observed in diverse human cancers. Therefore, this target is considered a promising potential therapeutic target for various types of cancer. Currently, several selective PI3K inhibitors and one dual-target PI3K inhibitor have been approved and launched on the market. However, the majority of these inhibitors have faced revocation or voluntary withdrawal of indications due to concerns regarding their adverse effects. This article provides a comprehensive review of the structure and biological functions, and clinical status of PI3K inhibitors, with a specific emphasis on the development strategies and structure-activity relationships of dual-target PI3K inhibitors. The findings offer valuable insights and future directions for the development of highly promising dual-target drugs targeting PI3K.",chembl_document,ok,2026-03-05T18:41:37.229646+00:00
10.1016/j.ejmech.2023.116114,38194775,"The BRCA2-RAD51 interaction remains an intriguing target for cancer drug discovery due to its vital role in DNA damage repair mechanisms, which cancer cells become particularly reliant on. Moreover, RAD51 has many synthetically lethal partners, including PARP1-2, which can be exploited to induce synthetic lethality in cancer. In this study, we established a <sup>19</sup>F-NMR-fragment based approach to identify RAD51 binders, leading to two initial hits. A subsequent SAR program identified 46 as a low micromolar inhibitor of the BRCA2-RAD51 interaction. 46 was tested in different pancreatic cancer cell lines, to evaluate its ability to inhibit the homologous recombination DNA repair pathway, mediated by BRCA2-RAD51 and trigger synthetic lethality in combination with the PARP inhibitor talazoparib, through the induction of apoptosis. Moreover, we further analyzed the 46/talazoparib combination in 3D pancreatic cancer models. Overall, 46 showed its potential as a tool to evaluate the RAD51/PARP1-2 synthetic lethality mechanism, along with providing a prospect for further inhibitors development.",chembl_document,ok,2026-03-05T18:41:37.229646+00:00
10.1016/j.ejmech.2024.116128,38232463,"In this paper we present the design, synthesis, and biological evaluation of a new series of peptidomimetics acting as potent anti-SARS-CoV-2 agents. Starting from our previously described Main Protease (M<sup>Pro</sup>) and Papain Like Protease (PL<sup>Pro</sup>) dual inhibitor, CV11, here we disclose its high inhibitory activity against cathepsin L (CTSL) (IC<sub>50</sub> = 19.80 ± 4.44 nM), an emerging target in SARS-CoV-2 infection machinery. An in silico design, inspired by the structure of CV11, led to the development of a library of peptidomimetics showing interesting activities against CTSL and M<sup>pro</sup>, allowing us to trace the chemical requirements for the binding to both enzymes. The screening in Vero cells infected with 5 different SARS-CoV-2 variants of concerns, highlighted sub-micromolar activities for most of the synthesized compounds (13, 15, 16, 17 and 31) in agreement with the enzymatic inhibition assays results. The compounds showed lack of activity against several different RNA viruses except for the 229E and OC43 human coronavirus strains, also characterized by a cathepsin-L dependent release into the host cells. The most promising derivatives were also evaluated for their chemical and metabolic in-vitro stability, with derivatives 15 and 17 showing a suitable profile for further preclinical characterization.",chembl_document,ok,2026-03-05T18:41:37.229646+00:00
10.1016/j.ejmech.2024.116132,38335815,"We report the synthesis, biological evaluation, and X-ray structural studies of a series of SARS-CoV-2 Mpro inhibitors based upon the X-ray crystal structure of nirmatrelvir, an FDA approved drug that targets the main protease of SARS-CoV-2. The studies involved examination of various P4 moieties, P1 five- and six-membered lactam rings to improve potency. In particular, the six-membered P1 lactam ring analogs exhibited high SARS-CoV-2 Mpro inhibitory activity. Several compounds effectively blocked SARS-CoV-2 replication in VeroE6 cells. One of these compounds maintained good antiviral activity against variants of concern including Delta and Omicron variants. A high-resolution X-ray crystal structure of an inhibitor bound to SARS-CoV-2 Mpro was determined to gain insight into the ligand-binding properties in the Mpro active site.",chembl_document,ok,2026-03-05T18:41:37.229646+00:00
10.1016/j.ejmech.2024.116263,38432056,"Severe acute respiratory syndrome coronavirus 2 (SARS-CoV-2), and related variants, are responsible for the devastating coronavirus disease 2019 (COVID-19) pandemic. The SARS-CoV-2 main protease (Mpro) plays a central role in the replication of the virus and represents an attractive drug target. Herein, we report the discovery of novel SARS-CoV-2 Mpro covalent inhibitors, including highly effective compound NIP-22c which displays high potency against several key variants and clinically relevant nirmatrelvir Mpro E166V mutants.",chembl_document,ok,2026-03-05T18:41:37.229646+00:00
10.1016/j.ejmech.2024.116269,38422702,"Skin diseases are a class of common and frequently occurring diseases that significantly impact daily lives. Currently, the limited effective therapeutic drugs are far from meeting the clinical needs; most drugs typically only provide symptomatic relief rather than a cure. Developing small-molecule drugs with improved efficacy holds paramount importance for treating skin diseases. This review aimed to systematically introduce the pathogenesis of common skin diseases in daily life, list related drugs applied in the clinic, and summarize the clinical research status of candidate drugs and the latest research progress of candidate compounds in the drug discovery stage. Also, it statistically analyzed the number of publications and global attention trends for the involved skin diseases. This review might provide practical information for researchers engaged in dermatological drugs and further increase research attention to this disease area.",chembl_document,ok,2026-03-05T18:41:37.229646+00:00
10.1016/j.ejmech.2024.116304,38484677,"Necroptosis is a type of regulated cell death known for its pro-inflammatory nature due to the substantial release of cellular contents. The phosphorylation of key proteins, namely RIP1, RIP3, and mixed lineage kinase domain-like protein (MLKL), plays a pivotal role in the processes associated with necroptosis. Consequently, inhibiting the phosphorylation of any of these three key protein kinases could effectively block necroptosis. Utilizing a scaffold hopping strategy, we have successfully designed and synthesized a series of novel RIP1 inhibitors with selective and anti-necrotic properties, using compound o1 as the lead compound. In comparison to o1, SY1 has demonstrated heightened antinecroptosis activity and binding affinity in vitro studies. Moreover, SY1 has exhibited superior efficacy in both in vivo studies, specifically in the context of SIRS, and pharmacokinetic assessments. Furthermore, SY1 has proven effective in significantly suppressing the central inflammatory response induced by epilepsy.",chembl_document,ok,2026-03-05T18:41:37.229646+00:00
10.1016/j.ejmech.2024.116364,38781921,"The methoxy substituent is prevalent in natural products and, consequently, is present in many natural product-derived drugs. It has also been installed in modern drug molecules with no remnant of natural product features because medicinal chemists have been taking advantage of the benefits that this small functional group can bestow on ligand-target binding, physicochemical properties, and ADME parameters. Herein, over 230 methoxy-containing small-molecule drugs, as well as several fluoromethoxy-containing drugs, are presented from the vantage point of the methoxy group. Biochemical mechanisms of action, medicinal chemistry SAR studies, and numerous X-ray cocrystal structures are analyzed to identify the precise role of the methoxy group for many of the drugs and drug classes. Although the methoxy substituent can be considered as the hybridization of a hydroxy and a methyl group, the combination of these functionalities often results in unique effects that can amount to more than the sum of the individual parts.",chembl_document,ok,2026-03-05T18:41:37.229646+00:00
10.1016/j.ejmech.2024.116366,38581730,"Inhibition of MDM2/p53 interaction with small-molecule inhibitors stabilizes p53 from MDM2 mediated degradation, which is a promising strategy for the treatment of cancer. In this report, a novel series of 4-imidazolidinone-containing compounds have been synthesized and tested in MDM2/p53 and MDM4/p53 FP binding assays. Upon SAR studies, compounds 2 (TB114) and 22 were identified as the most potent inhibitors of MDM2/p53 but not MDM4/p53 interactions. Both 2 and 22 exhibited strong antiproliferative activities in HCT-116 and MOLM-13 cell lines harboring wild type p53. Mechanistic studies show that 2 and 22 dose-dependently activated p53 and its target genes and induced apoptosis in cells based on the Western blot, qPCR, and flow cytometry assays. In addition, the antiproliferative activities of 2 and 22 were dependent on wild type p53, while they were not toxic to HEK-293 kidney cells. Furthermore, the on-target activities of 2 were general and applicable to other cancer cell lines with wild type p53. These attributes make 2 a good candidate for future optimization to discover a potential treatment of wild-type p53 cancer.",chembl_document,ok,2026-03-05T18:41:37.229646+00:00
10.1016/j.ejmech.2024.116386,38614063,"Phosphodiesterase (PDE) is a superfamily of enzymes that are responsible for the hydrolysis of two second messengers: cyclic adenosine monophosphate (cAMP) and cyclic guanosine monophosphate (cGMP). PDE inhibition promotes the gene transcription by activating cAMP-response element binding protein (CREB), initiating gene transcription of brain-derived neurotrophic factor (BDNF). The procedure exerts neuroprotective profile, and motor and cognitive improving efficacy. From this point of view, PDE inhibition will provide a promising therapeutic strategy for treating neurodegenerative disorders. Herein, we summarized the PDE inhibitors that have entered the clinical trials or been discovered in recent five years. Well-designed clinical or preclinical investigations have confirmed the effectiveness of PDE inhibitors, such as decreasing Aβ oligomerization and tau phosphorylation, alleviating neuro-inflammation and oxidative stress, modulating neuronal plasticity and improving long-term cognitive impairment.",chembl_document,ok,2026-03-05T18:41:37.229646+00:00
10.1016/j.ejmech.2024.116442,38685143,"The pandemic and tremendous impact of severe acute respiratory syndrome coronavirus 2 alert us, despite great achievements in prevention and control of infectious diseases, we still lack universal and powerful antiviral strategies to rapidly respond to the potential threat of serious infectious disease. Various highly contagious and pathogenic viruses, as well as other unknown viruses may appear or reappear in human society at any time, causing a catastrophic epidemic. Developing broad-spectrum antiviral drugs with high security and efficiency is of great significance for timely meeting public health emergency and protecting the lives and health of the people. Hence, in this review, we summarized diverse broad-spectrum antiviral targets and corresponding agents from a medicinal chemistry prospective, compared the pharmacological advantages and disadvantages of different targets, listed representative agents, showed their structures, pharmacodynamics and pharmacokinetics characteristics, and conducted a critical discussion on their development potential, in the hope of providing up-to-date guidance for the development of broad-spectrum antivirals and perspectives for applications of antiviral therapy.",chembl_document,ok,2026-03-05T18:41:37.229646+00:00
10.1016/j.ejmech.2024.116470,38762915,"Cancer poses a significant threat to human health. Therefore, it is urgent to develop potent anti-cancer drugs with excellent inhibitory activity and no toxic side effects. Pyrrole and its derivatives are privileged heterocyclic compounds with significant diverse pharmacological effects. These compounds can target various aspects of cancer cells and have been applied in clinical settings or are undergoing clinical trials. As a result, pyrrole has emerged as a promising drug scaffold and has been further probed to get novel entities for the treatment of cancer. This article reviews recent research progress on anti-cancer drugs containing pyrrole. It focuses on the mechanism of action, biological activity, and structure-activity relationships of pyrrole derivatives, aiming to assist in designing and synthesizing innovative pyrrole-based anti-cancer compounds.",chembl_document,ok,2026-03-05T18:41:37.229646+00:00
10.1016/j.ejmech.2024.116535,38838546,"Poly (ADP-ribose) polymerase (PARP) is considered an essential component in case of DNA (Deoxyribonucleic acid) damage, response by sensing DNA damage and engaging DNA repair proteins. Those proteins repair the damaged DNA via an aspect of posttranslational modification, known as poly (ADP-Ribosyl)ation (PARylation). Specifically, PARP inhibitors (PARPi) have shown better results when administered alone in a variety of cancer types with BRCA (Breast Cancer gene) mutation. The clinical therapeutic benefits of PARP inhibitors have been diminished by their cytotoxicity, progression of drug resistance, and limitation of indication, regardless of their tremendous clinical effectiveness. A growing number of PARP-1 inhibitors, particularly those associated with BRCA-1/2 mutations, have been identified as potential cancer treatments. Recently, several researchers have identified various promising scaffolds, which have resulted in the resuscitation of the faith in PARP inhibitors as cancer therapies. This review provided a comprehensive update on the anatomy and physiology of the PARP enzyme, the profile of FDA (Food and Drug Administration) and CFDA (China Food and Drug Administration)-approved drugs, and small-molecule inhibitors of PARP, including their synthetic routes, biological evaluation, selectivity, and structure-activity relationship.",chembl_document,ok,2026-03-05T18:41:37.229646+00:00
10.1016/j.ejmech.2024.116540,38852338,"Protein kinases are responsible for a myriad of cellular functions, such as cell cycle, apoptosis, and proliferation. Because of this, kinases make excellent targets for therapeutics. During the process to identify clinical kinase inhibitor candidates, kinase selectivity profiles of lead inhibitors are typically obtained. Such kinome selectivity screening could identify crucial kinase anti-targets that might contribute to drug toxicity and/or reveal additional kinase targets that potentially contribute to the efficacy of the compound via kinase polypharmacology. In addition to kinome panel screening, practitioners also obtain the inhibition profiles of a few non-kinase targets, such as ion-channels and select GPCR targets to identify compounds that might possess potential liabilities. Often ignored is the possibility that identified kinase inhibitors might also inhibit or bind to the other proteins (greater than 20,000) in the cell that are not kinases, which may be relevant to toxicity or even additional mode of drug action. This review highlights various inhibitors, which have been approved by the FDA or are currently undergoing clinical trials, that also inhibit other non-kinase targets. The binding poses of the drugs in the binding sites of the target kinases and off-targets are analyzed to understand if the same features of the compounds are critical for the polypharmacology.",chembl_document,ok,2026-03-05T18:41:37.229646+00:00
10.1016/j.ejmech.2024.116590,38908104,"The C797S mutation of EGFR leads to Osimertinib resistance by blocking the covalent binding of Cys797. To develop new agents that can overcome EGFR mutation resistance, thirty seven new cyclopropane sulfonamide derivatives were synthesized and evaluated as EGFR<sup>L858R/T790M/C797S</sup> or EGFR<sup>Del19/T790M/C797S</sup> inhibitors by structure-based screening. Most of the synthesized compounds exhibit good to excellent anti proliferation activity against to BaF3-EGFR <sup>L858R/T790M/C797S</sup> and BaF3-<sup>C797S/Del19/T790M</sup> cancer cell lines. Representative compounds 8l showed inhibitory activity against the two cancer cell lines with the IC<sub>50</sub> values of 0.0012 and 0.0013 μM, respectively. Another compound 8h, exhibited slightly lower activity (0.0042 and 0.0034 μM of the IC<sub>50</sub> values) to both of the two tri-mutation cell lines, but excellent activities against H1975 and PC9 cells with IC<sub>50</sub> values of 13 and 19 nM, respectively. Considering the acquired drug resistance of tumors is a gradual process, we chose 8h for further in vivo and mechanism study. 8h was demonstrated significantly inhibited tumor growth with 72.1 % of the TGI in the BaF3/EGFR-TM xenograft tumor model and 83.5 % in the H1975-DM xenograft tumor model. Compound 8h was confirmed to be safe with no significant side effects as showed by the results of in vitro assay of human normal cells and the sections of animals major organs. Mechanism studies showed that in addition to inhibiting EGFR mutations, 8h can also target the tumor microenvironment and induce tumor cell apoptosis. All these results indicate that 8h deserves further investigation as an EGFR inhibitor to overcome C797S-mediated resistance.",chembl_document,ok,2026-03-05T18:41:37.229646+00:00
10.1016/j.ejmech.2024.116602,38971049,"Zuranolone (SAGE-217) is a neuroactive steroid (γ-aminobutyric acid)<sub>A</sub> (GABA<sub>A</sub>) receptor positive allosteric modulator (PAM) as the first oral drug approved by the FDA in 2023, which is used to treat patients with postpartum depression (PPD). SAGE-217 has a ""black box"" warning with impairing ability to drive or engage in other potentially hazardous activities. In addition, SAGE-217 can cause CNS depressant effects such as somnolence and confusion, suicidal thoughts and behavior and embryo-fetal toxicity. Based on the structure-activity relationship (SAR) of SAGE-217, a total of 28 neuroactive steroids with novel pharmacophore at C-21 modulated SAGE-217 derivatives were designed and synthesized. The biological activities were evaluated by both synaptic α1β2γ2 GABA<sub>A</sub> receptor and extrasynaptic α4β3δ GABA<sub>A</sub> receptor cell assays. The optimal compound S28 exhibited much more potent potency and similar efficacy at extrasynaptic GABA<sub>A</sub> receptor than SAGE-217. Different from above, compound S28 exhibited similar potency and lower efficacy at synaptic GABA<sub>A</sub> receptor than SAGE-217, which were consistent with the analysis of molecular docking and dynamics simulation results. The appropriate lower efficacy at synaptic GABA<sub>A</sub> receptor of compound S28 might contribute to reduce the side effects of excessive sedation. Furthermore, compound S28 was demonstrated to have excellent in vivo pharmacokinetic (PK) parameters, robust in vivo pharmacodynamic (PD) effects and good safety profiles. Therefore, compound S28 represents a potentially promising treatment of PPD candidate that warrants further investigation.",chembl_document,ok,2026-03-05T18:41:37.229646+00:00
10.1016/j.ejmech.2024.116671,39004019,"COVID-19 caused major worldwide problems. The spread of variants and limited treatment encouraged the design of novel anti-SARS-CoV-2 compounds. A series of compounds RH1-23 were designed to dually target RNA-dependent RNA polymerase (RdRp) and transmembrane serine protease 2 (TMPRSS2). Compared to remdesivir, in vitro screening indicated the highest selectivity and potent activity of RH11-13 with half maximum inhibitory concentration (IC<sub>50</sub>) 3.9, 5.7, and 19.72 nM, respectively. RH11-12 showed superior inhibition activity against TMPRSS2 and RdRP with IC<sub>50</sub> (1.7 and 4.2), and (6.1 and 4.42) nM, respectively. WaterMap analysis and molecular dynamics studies demonstrated the superior enzyme binding activity of RH11 and RH12. On Vero-E6 cells, RH11 and RH12 significantly inhibited the viral replication with 66 % and 63.2 %, and viral adsorption with 44 % and 65 %, alongside virucidal effect with 51.40 % and 90.5 %, respectively. Furthermore, the potent activity of RH12 was tested on TMPRSS2-expressing cells (Calu-3) compared to camostat. RH12 exhibited selectivity index (26.05) similar to camostat (28.01) and comparable to its SI on Vero-E6 cells (22.6). RH12 demonstrated also a significant inhibition of the viral adsorption on Calu-3 cells with 60 % inhibition at 30 nM. The designed compounds exhibited good physiochemical properties. These findings indicate a broad-spectrum antiviral efficacy of the designed compounds, particularly RH12, with a promise for further development.",chembl_document,ok,2026-03-05T18:41:37.229646+00:00
10.1016/j.ejmech.2024.116785,39191032,"Tuberculosis (TB), an infectious disease induced by Mycobacterium tuberculosis, is one of the primary public health threats all over the world. Since the prevalence of first-line anti-TB agents, the morbidity and mortality issues of TB descended obviously. Nevertheless, the emergences of multidrug-resistant (MDR) and extensively drug-resistant (XDR) strains, the double prevalence of HIV-TB co-infection, and the insufficiency of plentiful health care have led to an increased incidence of TB. It is noted that current drugs for treating TB have proved unsustainable in the face of highly resistant strains. Fortunately, five categories of new drugs and candidates with new mechanisms of action have emerged in the field of anti-TB research after decades of stagnation in the progression of anti-TB drugs. In this paper, the research status of these promising anti-TB drugs and candidates are reviewed, emphasizing the challenges to be addressed for efficient development of future TB therapies.",chembl_document,ok,2026-03-05T18:41:37.229646+00:00
10.1021/acs.jmedchem.0c00259,32392056,"A highly potent, selective Na<sub>V</sub>1.7 inhibitor, DS-1971a, has been discovered. Exploration of the left-hand phenyl ring of sulfonamide derivatives (<b>I</b> and <b>II</b>) led to the discovery of novel series of cycloalkane derivatives with high Na<sub>V</sub>1.7 inhibitory potency in vitro. As the right-hand heteroaromatic ring affected the mechanism-based inhibition liability of CYP3A4, replacement of this moiety resulted in the generation of 4-pyrimidyl derivatives. Additionally, GSH adducts formation, which can cause idiosyncratic drug toxicity, was successfully avoided by this modification. An additional optimization led to the discovery of DS-1971a. In preclinical studies, DS-1971a demonstrated highly potent selective in vitro profile with robust efficacy in vivo. DS-1971a exhibited a favorable toxicological profile, which enabled multiple-dose studies of up to 600 mg bid or 400 mg tid (1200 mg/day) administered for 14 days to healthy human males. DS-1971a is expected to exert potent efficacy in patients with peripheral neuropathic pain, with a favorable safety profile.",chembl_document,ok,2026-03-05T18:41:37.229646+00:00
10.1021/acs.jmedchem.0c00456,32453591,"Acquired resistance to fulvestrant and palbociclib is a new challenge to treatment of estrogen receptor positive (ER+) breast cancer. ER is expressed in most resistance settings; thus, bromodomain and extra-terminal protein inhibitors (BETi) that target BET-amplified ER-mediated transcription have therapeutic potential. Novel pyrrolopyridone BETi leveraged novel interactions with L92/L94 confirmed by a cocrystal structure of 27 with BRD4. Optimization of BETi using growth inhibition in fulvestrant-resistant (MCF-7:CFR) cells was confirmed in endocrine-resistant, palbociclib-resistant, and ESR1 mutant cell lines. 27 was more potent in MCF-7:CFR cells than six BET inhibitors in clinical trials. Transcriptomic analysis differentiated 27 from the benchmark BETi, JQ-1, showing downregulation of oncogenes and upregulation of tumor suppressors and apoptosis. The therapeutic approach was validated by oral administration of 27 in orthotopic xenografts of endocrine-resistant breast cancer in monotherapy and in combination with fulvestrant. Importantly, at an equivalent dose in rats, thrombocytopenia was mitigated.",chembl_document,ok,2026-03-05T18:41:37.229646+00:00
10.1021/acs.jmedchem.0c00506,32479084,"Autotaxin (ATX) is the dominant catalytic enzyme accounting for the lipid mediator lysophosphatidic acid (LPA) through hydrolysis of lysophosphatidylcholine (LPC). There is great interest in developing nonacidic ATX inhibitors with a specific binding mode to serve as potential in vivo effective therapeutic tools. Herein, dating from a high-throughput screening (HTS) product Indole-1 (740 nM), a dedicated optimization campaign was implemented through derivatizing the -COOH group to versatile linkers that well-bridged the indole skeleton and the hydrophobic pocket binding groups. Ultimately, it was established that the coexistence of a carbamate linker and -OH-group-containing amines could generally furnish excellent indole-based ATX inhibitors with even below 1 nM in vitro activities. Two optimal entities were advanced to a bleomycin-induced mice pulmonary fibrosis model, which exerted promising efficacy in alleviating the damaged lung texture caused by bleomycin exposure. The novel carbamate-containing indole-based ATX inhibitors with a concrete binding mode may contribute to the identification of potential therapeutic agents to intervene in fibrotic diseases.",chembl_document,ok,2026-03-05T18:41:37.229646+00:00
10.1021/acs.jmedchem.0c00507,32432477,"Clinically acquired resistance to small molecule kinase inhibitors (SMKIs) has become a major ""unmet clinical need"" in cancer therapy. To date, there are six SMKIs to be approved for the treatment of cancer patients through targeting of clinically acquired resistance caused by on-target mutations. These are mainly focused on the mutant kinases Bcr-Abl T315I, EGFR T790M, and ALK L1196M. Herein, we summarize the major medicinal chemistry strategies employed in the discovery of these representative SMKIs, such as avoiding steric hindrance, making additional interactions with mutated residues, and forming a covalent bond with an active site cysteine to override resistance observed for reversible inhibitors. Additionally, we also briefly describe allosteric kinase inhibitors and proteolysis targeting chimera (PROTAC) as two other potential strategies while addressing future opportunities in this area.",chembl_document,ok,2026-03-05T18:41:37.229646+00:00
10.1021/acs.jmedchem.0c00533,33356242,"NUAK isoforms, NUAK1 (ARK5) and NUAK2 (SNARK), are important members of the AMPK family of protein kinases. They are involved in a broad spectrum of physiological and cellular events, and sometimes their biological roles overlap. NUAK isoform dysregulation is associated with numerous pathological disorders, including neurodegeneration, metastatic cancer, and diabetes. Therefore, they are promising therapeutic targets in metabolic diseases and cancers; consequently, various NUAK-targeted inhibitors have been disclosed. The first part of this review comprises a brief discussion of the homology, expression, structure, and characteristics of NUAK isoforms. The second part focuses on NUAK isoforms' involvement in crucial biological operations, including mechanistic findings, highlighting how their abnormal functioning contributes to disease progression and quality of life. The third part summarizes the key findings and applications of targeting NUAK isoforms for treating multiple cancers and neurodegenerative disorders. The final part systematically presents a critical review and analysis of the literature on NUAK isoform inhibitions through small molecules.",chembl_document,ok,2026-03-05T18:41:37.229646+00:00
10.1021/acs.jmedchem.0c00606,32511912,"Currently, humans are immersed in a pandemic caused by the emerging severe acute respiratory syndrome coronavirus 2 (SARS-CoV-2), which threatens public health worldwide. To date, no drug or vaccine has been approved to treat the severe disease caused by this coronavirus, COVID-19. In this paper, we will focus on the main virus-based and host-based targets that can guide efforts in medicinal chemistry to discover new drugs for this devastating disease. In principle, all CoV enzymes and proteins involved in viral replication and the control of host cellular machineries are potentially druggable targets in the search for therapeutic options for SARS-CoV-2. This Perspective provides an overview of the main targets from a structural point of view, together with reported therapeutic compounds with activity against SARS-CoV-2 and/or other CoVs. Also, the role of innate immune response to coronavirus infection and the related therapeutic options will be presented.",chembl_document,ok,2026-03-05T18:41:37.229646+00:00
10.1021/acs.jmedchem.0c00626,32845145,"The coronavirus disease 2019 (COVID-19) caused by severe acute respiratory syndrome coronavirus 2 (SARS-CoV-2) has led to more than 20 million people infected worldwide with an average mortality rate of 3.6%. This virus poses major challenges to public health, as it not only is highly contagious but also can be transmitted by asymptomatic infected individuals. COVID-19 is clinically difficult to manage due to a lack of specific antiviral drugs or vaccines. In this article, Chinese therapy strategies for treating COVID-19 patients, including current applications of traditional Chinese medicine (TCM), are comprehensively reviewed. Furthermore, 72 small molecules from natural products and TCM with reported antiviral activity against human coronaviruses (CoVs) are identified from published literature, and their potential applications in combating SARS-CoV-2 are discussed. Among these, the clinical efficacies of some accessible drugs such as remdesivir (RDV) and favipiravir (FPV) for COVID-19 are emphatically summarized. We hope this review provides a foundation for managing the worsening pandemic and developing antivirals against SARS-CoV-2.",chembl_document,ok,2026-03-05T18:41:37.229646+00:00
10.1021/acs.jmedchem.0c00628,32324999,"The BET family of proteins consists of BRD2, BRD3, BRD4, and BRDt. Each protein contains two distinct bromodomains (BD1 and BD2). BET family bromodomain inhibitors under clinical development for oncology bind to each of the eight bromodomains with similar affinities. We hypothesized that it may be possible to achieve an improved therapeutic index by selectively targeting subsets of the BET bromodomains. Both BD1 and BD2 are highly conserved across family members (>70% identity), whereas BD1 and BD2 from the same protein exhibit a larger degree of divergence (∼40% identity), suggesting selectivity between BD1 and BD2 of all family members would be more straightforward to achieve. Exploiting the Asp144/His437 and Ile146/Val439 sequence differences (BRD4 BD1/BD2 numbering) allowed the identification of compound <b>27</b> demonstrating greater than 100-fold selectivity for BRD4 BD2 over BRD4 BD1. Further optimization to improve BD2 selectivity and oral bioavailability resulted in the clinical development compound <b>46</b> (ABBV-744).",chembl_document,ok,2026-03-05T18:41:37.229646+00:00
10.1021/acs.jmedchem.0c00688,32584034,"The activity of the secreted phosphodiesterase autotaxin produces the inflammatory signaling molecule LPA and has been associated with a number of human diseases including idiopathic pulmonary fibrosis (IPF). We screened a single DNA-encoded chemical library (DECL) of 225 million compounds and identified a series of potent inhibitors. Optimization of this series led to the discovery of compound <b>1</b> (X-165), a highly potent, selective, and bioavailable small molecule. Cocrystallization of compound <b>1</b> with human autotaxin demonstrated that it has a novel binding mode occupying both the hydrophobic pocket and a channel near the autotaxin active site. Compound <b>1</b> inhibited the production of LPA in human and mouse plasma at nanomolar levels and showed efficacy in a mouse model of human lung fibrosis. After successfully completing IND-enabling studies, compound <b>1</b> was approved by the FDA for a Phase I clinical trial. These results demonstrate that DECL hits can be readily optimized into clinical candidates.",chembl_document,ok,2026-03-05T18:41:37.229646+00:00
10.1021/acs.jmedchem.0c00776,32692176,"Cathepsin C (CatC) is a cysteine dipeptidyl aminopeptidase that activates most of tissue-degrading elastase-related serine proteases. Thus, CatC appears as a potential therapeutic target to impair protease-driven tissue degradation in chronic inflammatory and autoimmune diseases. A depletion of proinflammatory elastase-related proteases in neutrophils is observed in patients with CatC deficiency (Papillon-Lefèvre syndrome). To address and counterbalance unwanted effects of elastase-related proteases, chemical inhibitors of CatC are being evaluated in preclinical and clinical trials. Neutrophils may contribute to the diffuse alveolar inflammation seen in acute respiratory distress syndrome (ARDS) which is currently a growing challenge for intensive care units due to the outbreak of the COVID-19 pandemic. Elimination of elastase-related neutrophil proteases may reduce the progression of lung injury in these patients. Pharmacological CatC inhibition could be a potential therapeutic strategy to prevent the irreversible pulmonary failure threatening the life of COVID-19 patients.",chembl_document,ok,2026-03-05T18:41:37.229646+00:00
10.1021/acs.jmedchem.0c00931,33346659,"Alzheimer's disease (AD), like other multifactorial diseases, is the result of a systemic breakdown of different physiological networks. As result, several lines of evidence suggest that it could be more efficiently tackled by molecules directed toward different dysregulated biochemical targets or pathways. In this context, the selection of targets to which the new molecules will be directed is crucial. For years, the design of such multitarget-directed ligands (MTDLs) has been based on the selection of main targets involved in the ""cholinergic"" and the ""β-amyloid"" hypothesis. Recently, there have been some reports on MTDLs targeting the glycogen synthase kinase 3β (GSK-3β) enzyme, due to its appealing properties. Indeed, this enzyme is involved in tau hyperphosphorylation, controls a multitude of CNS-specific signaling pathways, and establishes strict connections with several factors implicated in AD pathogenesis. In the present Miniperspective, we will discuss the reasons behind the development of GSK-3β-directed MTDLs and highlight some of the recent efforts to obtain these new classes of MTDLs as potential disease-modifying agents.",chembl_document,ok,2026-03-05T18:41:37.229646+00:00
10.1021/acs.jmedchem.0c01033,32985885,"Prospective predictions of human hepatic clearance for anionic/zwitterionic compounds, which are oftentimes subjected to transporter-mediated uptake, are challenging in drug discovery. We evaluated the utility of preclinical species, rats and cynomolgus monkeys [nonhuman primates (NHPs)], to predict the human hepatic clearance using a diverse set of acidic/zwitterionic drugs. Preclinical clearance data were generated following intravenous dosing in rats/NHPs and compared to the human clearance data (n = 18/27). Single-species scaling of NHP clearance with an allometric exponent of 0.50 allowed for good prediction of human clearance (fold error ∼2.1, bias ∼1.0), with ∼86% predictions within 3-fold. In comparison, rats underpredicted the clearance of lipophilic acids, while overprediction was noted for hydrophilic acids. Finally, an in vitro clearance assay based on human hepatocytes, which is routinely used in discovery setting, markedly underpredicted human clearance (bias ∼0.12). Collectively, this study provides insights into the usefulness of the preclinical models in enabling pharmacokinetic optimization for acid/zwitterionic drug candidates.",chembl_document,ok,2026-03-05T18:41:37.229646+00:00
10.1021/acs.jmedchem.0c01093,33314936,"Pulmonary arterial hypertension (PAH) is a devastating disease that can lead to right ventricular failure and premature death. Although approved drugs have been shown to be safe and effective, PAH remains a severe clinical condition, and the long-term survival of patients with PAH is still suboptimal. Thus, potential therapeutic targets and new agents to treat PAH are urgently needed. In recent years, a variety of related pathways and potential therapeutic targets have been found, which brings new hope for PAH therapy. In this perspective, not only are the marketed drugs used to treat PAH summarized but also the recently developed novel pharmaceutical therapies currently in clinical trials are discussed. Furthermore, the advances in natural products as potential treatment for PAH are also updated.",chembl_document,ok,2026-03-05T18:41:37.229646+00:00
10.1021/acs.jmedchem.0c01140,33186044,"The newly emerged coronavirus, called SARS-CoV-2, is the causing pathogen of pandemic COVID-19. The identification of drugs to treat COVID-19 and other coronavirus diseases is an urgent global need, thus different strategies targeting either virus or host cell are still under investigation. Direct-acting agents, targeting protease and polymerase functionalities, represent a milestone in antiviral therapy. The 3C-like (or Main) protease (3CL<sup>pro</sup>) and the nsp12 RNA-dependent RNA-polymerase (RdRp) are the best characterized SARS-CoV-2 targets and show the highest degree of conservation across coronaviruses fostering the identification of broad-spectrum inhibitors. Coronaviruses also possess a papain-like protease, another essential enzyme, still poorly characterized and not equally conserved, limiting the identification of broad-spectrum agents. Herein, we provide an exhaustive comparative analysis of SARS-CoV-2 proteases and RdRp with respect to other coronavirus homologues. Moreover, we highlight the most promising inhibitors of these proteins reported so far, including the possible strategies for their further development.",chembl_document,ok,2026-03-05T18:41:37.229646+00:00
10.1021/acs.jmedchem.0c01346,33264017,"Poly (ADP-ribose) polymerase (PARP) plays a significant role in DNA repair responses; therefore, this enzyme is targeted by PARP inhibitors in cancer therapy. Here we have developed a number of fused tetra- or pentacyclic dihydrodiazepinoindolone derivatives with excellent PARP enzymatic and cellular PARylation inhibition activities. These efforts led to the identification of pamiparib (BGB-290, 139), which displays excellent PARP-1 and PARP-2 inhibition with IC of 1.3 and 0.9 nM, respectively. In a cellular PARylation assay, this compound inhibits PARP activity with IC = 0.2 nM. Cocrystal of pamiparib shows similar binding sites with PARP with other PARP inhibitors, but pamiparib is not a P-gp substrate and shows excellent drug metabolism and pharmacokinetics (DMPK) properties with significant brain penetration (17-19%, mice). The compound is currently being investigated in phase III clinical trials as a maintenance therapy in platinum-sensitive ovarian cancer and gastric cancer.",chembl_document,ok,2026-03-05T18:41:37.229646+00:00
10.1021/acs.jmedchem.0c01467,33539089,"Kinases are a group of therapeutic targets involved in the progression of numerous diseases, including cancer, rheumatoid arthritis, Alzheimer's disease, and viral infections. The majority of approved antiviral agents are inhibitors of virus-specific targets that are encoded by individual viruses. These inhibitors are narrow-spectrum agents that can cause resistance development. Viruses are dependent on host cellular proteins, including kinases, for progression of their life-cycle. Thus, targeting kinases is an important therapeutic approach to discovering broad-spectrum antiviral agents. As there are a large number of FDA approved kinase inhibitors for various indications, their repurposing for viral infections is an attractive and time-sparing strategy. Many kinase inhibitors, including baricitinib, ruxolitinib, imatinib, tofacitinib, pacritinib, zanubrutinib, and ibrutinib, are under clinical investigation for COVID-19. Herein, we discuss FDA approved kinase inhibitors, along with a repertoire of clinical/preclinical stage kinase inhibitors that possess antiviral activity or are useful in the management of viral infections.",chembl_document,ok,2026-03-05T18:41:37.229646+00:00
10.1021/acs.jmedchem.0c01858,33719429,"BACE1 is an attractive target for disease-modifying treatment of Alzheimer's disease. BACE2, having high homology around the catalytic site, poses a critical challenge to identifying selective BACE1 inhibitors. Recent evidence indicated that BACE2 has various roles in peripheral tissues and the brain, and therefore, the chronic use of nonselective inhibitors may cause side effects derived from BACE2 inhibition. Crystallographic analysis of the nonselective inhibitor verubecestat identified explicit water molecules with different levels of free energy in the S2' pocket. Structure-based design targeting them enabled the identification of propynyl oxazine <b>3</b> with improved selectivity. Further optimization efforts led to the discovery of compound <b>6</b> with high selectivity. The cocrystal structures of <b>7</b>, a close analogue of <b>6</b>, bound to BACE1 and BACE2 confirmed that one of the explicit water molecules is displaced by the propynyl group, suggesting that the difference in the relative water displacement cost may contribute to the improved selectivity.",chembl_document,ok,2026-03-05T18:41:37.229646+00:00
10.1021/acs.jmedchem.0c01929,33523654,"The outbreak of coronavirus disease 2019 (COVID-19) has resulted in a global pandemic due to the rapid spread of severe acute respiratory syndrome coronavirus 2 (SARS-CoV-2). At the time of this manuscript's publication, remdesivir is the only COVID-19 treatment approved by the United States Food and Drug Administration. However, its effectiveness is still under question due to the results of the large Solidarity Trial conducted by the World Health Organization. Herein, we report that the parent nucleoside of remdesivir, GS-441524, potently inhibits the replication of SARS-CoV-2 in Vero E6 and other cell lines. Challenge studies in both an AAV-hACE2 mouse model of SARS-CoV-2 and in mice infected with murine hepatitis virus, a closely related coronavirus, showed that GS-441524 was highly efficacious in reducing the viral titers in CoV-infected organs without notable toxicity. Our results support that GS-441524 is a promising and inexpensive drug candidate for treating of COVID-19 and other CoV diseases.",chembl_document,ok,2026-03-05T18:41:37.229646+00:00
10.1021/acs.jmedchem.1c00071,33835812,"A discovery program targeting respiratory syncytial virus (RSV) identified <i>C</i>-nucleoside <b>4</b> (RSV A2 EC<sub>50</sub> = 530 nM) as a phenotypic screening lead targeting the RSV RNA-dependent RNA polymerase (RdRp). Prodrug exploration resulted in the discovery of remdesivir (<b>1</b>, GS-5734) that is >30-fold more potent than <b>4</b> against RSV in HEp-2 and NHBE cells. Metabolism studies in vitro confirmed the rapid formation of the active triphosphate metabolite, <b>1</b>-<b>NTP</b>, and in vivo studies in cynomolgus and African Green monkeys demonstrated a >10-fold higher lung tissue concentration of <b>1-NTP</b> following molar normalized IV dosing of <b>1</b> compared to that of <b>4</b>. A once daily 10 mg/kg IV administration of <b>1</b> in an African Green monkey RSV model demonstrated a >2-log<sub>10</sub> reduction in the peak lung viral load. These early data following the discovery of <b>1</b> supported its potential as a novel treatment for RSV prior to its development for Ebola and approval for COVID-19 treatment.",chembl_document,ok,2026-03-05T18:41:37.229646+00:00
10.1021/acs.jmedchem.1c00104,34374541,"Cathepsin C (Cat C) participates in inflammation and immune regulation by affecting the activation of neutrophil serine proteases (NSPs). Therefore, cathepsin C is an attractive target for treatment of NSP-related inflammatory diseases. Here, the complete discovery process of the first potent ""non-peptidyl non-covalent cathepsin C inhibitor"" was described with hit finding, structure optimization, and lead discovery. Starting with hit <b>14</b>, structure-based optimization and structure-activity relationship study were comprehensively carried out, and lead compound <b>54</b> was discovered as a potent drug-like cathepsin C inhibitor both <i>in vivo</i> and <i>in vitro</i>. Also, compound <b>54</b> (with cathepsin C Enz IC<sub>50</sub> = 57.4 nM) exhibited effective anti-inflammatory activity in an animal model of chronic obstructive pulmonary disease. These results confirmed that the non-peptidyl and non-covalent derivative could be used as an effective cathepsin C inhibitor and encouraged us to continue further drug discovery on the basis of this finding.",chembl_document,ok,2026-03-05T18:41:37.229646+00:00
10.1021/acs.jmedchem.1c00359,34553947,"β-Site amyloid precursor protein-cleaving enzyme 1 (BACE1) is considered to be a promising target for treating Alzheimer's disease. However, all clinical BACE1 inhibitors have failed due to lack of efficacy, and some have even led to cognitive worsening. Recent evidence points to the importance of avoiding BACE2 inhibition along with careful dose titration. In this study, we focused on the fact that the 10s loop lining the S3 pocket in BACE1 can form both ""open (up)"" and ""closed (down)"" conformations, whereas in BACE2, it prefers to adopt a ""closed"" form; thus, more space is available in BACE1. By leveraging the difference, we designed fused pyridine analogues that could reach the 10s loop, leading to <b>6</b> with high selectivity and significant Aβ reduction. The cocrystal structures confirmed that <b>6</b> significantly increased B-factors of the 10s loop in BACE2 relative to those in BACE1. Thus, the destabilization of BACE2 seems to offer structural insights into the reduced BACE2 potency of <b>6</b>, explaining the significant improvement in BACE1 selectivity.",chembl_document,ok,2026-03-05T18:41:37.229646+00:00
10.1021/acs.jmedchem.1c00373,34138566,"Proteolysis-targeting chimera (PROTAC) is an attractive technology in drug discovery. Canonically, targets act as a basic starting point in the most previous PROTAC design. Here, we designed degraders considering from the view of clinical benefits. With this novel design, Brigatinib was turned into a degrader SIAIS164018 and endowed with unique features. First, SIAIS164018 could degrade not only ALK fusion proteins in activating or G1202R-mutated form but also mutant EGFR with L858R + T790M, which are two most important targets in non-small-cell lung cancer. Second, SIAIS164018 strongly inhibited cell migration and invasion of Calu-1 and MDA-MB-231. Third and surprisingly, SIAIS164018 degrades several important oncoproteins involved in metastasis such as FAK, PYK2, and PTK6. Interestingly, SIAIS164018 reshuffled the kinome ranking profile when compared to Brigatinib. Finally, SIAIS164018 is orally bioavailable and well tolerated in vivo. SIAIS164018 is an enlightening degrader for us to excavate the charm of protein degradation.",chembl_document,ok,2026-03-05T18:41:37.229646+00:00
10.1021/acs.jmedchem.1c00559,34096701,"Glioblastoma multiforme (GBM) is a highly invasive and aggressive malignant glioma. Current treatment modalities are unable to significantly prolong survival in patients diagnosed with glioblastoma, so more effective strategies of antitumor treatments are in urgent demand. Here, we found that lysosomal sulfatase expression was significantly correlated with poor prognosis of GBM. Hence, a new probe, MNG, was developed with a new protocol utilizing glucose groups to detect lysosomal sulfatase. It also exhibits potential for monitoring GBM cells, depending on the hyperactive lysosomal sulfatase expression of tumor cells. Meantime, we identified that sulbactam as the first reported lysosomal sulfatase inhibitor inhibits the tumor growth of GBM. Collectively, our work highlights that lysosomal sulfatase was detected using a new protocol and its potential as a therapeutic target in GBM and reveals a distinct mechanism that sulbactam inhibits cell proliferation related to lysosomal sulfatase, indicating that sulbactam could be a promising therapeutic agent against GBM.",chembl_document,ok,2026-03-05T18:41:37.229646+00:00
10.1021/acs.jmedchem.1c00616,34242027,"Recurring coronavirus outbreaks, such as the current COVID-19 pandemic, establish a necessity to develop direct-acting antivirals that can be readily administered and are active against a broad spectrum of coronaviruses. Described in this Article are novel α-acyloxymethylketone warhead peptidomimetic compounds with a six-membered lactam glutamine mimic in P1. Compounds with potent SARS-CoV-2 3CL protease and <i>in vitro</i> viral replication inhibition were identified with low cytotoxicity and good plasma and glutathione stability. Compounds <b>15e</b>, <b>15h</b>, and <b>15l</b> displayed selectivity for SARS-CoV-2 3CL protease over CatB and CatS and superior <i>in vitro</i> SARS-CoV-2 antiviral replication inhibition compared with the reported peptidomimetic inhibitors with other warheads. The cocrystallization of <b>15l</b> with SARS-CoV-2 3CL protease confirmed the formation of a covalent adduct. α-Acyloxymethylketone compounds also exhibited antiviral activity against an alphacoronavirus and non-SARS betacoronavirus strains with similar potency and a better selectivity index than remdesivir. These findings demonstrate the potential of the substituted heteroaromatic and aliphatic α-acyloxymethylketone warheads as coronavirus inhibitors, and the described results provide a basis for further optimization.",chembl_document,ok,2026-03-05T18:41:37.229646+00:00
10.1021/acs.jmedchem.1c00679,34292726,"Indoleamine 2,3-dioxygenase 1 (IDO1), a heme-containing enzyme that mediates the rate-limiting step in the metabolism of l-tryptophan to kynurenine, has been widely explored as a potential immunotherapeutic target in oncology. We developed a class of inhibitors with a conformationally constrained bicyclo[3.1.0]hexane core. These potently inhibited IDO1 in a cellular context by binding to the apoenzyme, as elucidated by biochemical characterization and X-ray crystallography. A SKOV3 tumor model was instrumental in differentiating compounds, leading to the identification of IACS-9779 (<b>62</b>) and IACS-70465 (<b>71</b>). IACS-70465 has excellent cellular potency, a robust pharmacodynamic response, and in a human whole blood assay was more potent than linrodostat (BMS-986205). IACS-9779 with a predicted human efficacious once daily dose below 1 mg/kg to sustain >90% inhibition of IDO1 displayed an acceptable safety margin in rodent toxicology and dog cardiovascular studies to support advancement into preclinical safety evaluation for human development.",chembl_document,ok,2026-03-05T18:41:37.229646+00:00
10.1021/acs.jmedchem.1c00712,34253025,"The neurotrophic receptor tyrosine kinase (NTRK) genes including NTRK1, NTRK2, and NTRK3 encode the tropomyosin receptor kinase (Trk) proteins TrkA, TrkB, and TrkC, respectively. So far, two TRK inhibitors, larotrectinib sulfate (LOXO-101 sulfate) and entrectinib (NMS-E628, RXDX-101), have been approved for clinical use in 2018 and 2019, respectively. To overcome acquired resistance, next-generation Trk inhibitors such as selitrectinib (LOXO-195) and repotrectinib (TPX-0005) have been developed and exhibit effectiveness to induce remission in patients with larotrectinib treatment failure. Herein, we report the identification and optimization of a series of macrocyclic compounds as potent pan-Trk (WT and MT) inhibitors that exhibited excellent physiochemical properties and good oral pharmacokinetics. Compound <b>10</b> was identified <i>via</i> optimization from the aspects of chemistry and pharmacokinetic properties, which showed good activity against wild and mutant TrkA/TrkC in <i>in vitro</i> and <i>in vivo</i> studies.",chembl_document,ok,2026-03-05T18:41:37.229646+00:00
10.1021/acs.jmedchem.1c00790,34213340,"Acetals and ketals and their nitrogen and sulfur homologues are often considered to be unconventional and potentially problematic scaffolding elements or pharmacophores for the design of orally bioavailable drugs. This opinion is largely a function of the perception that such motifs might be chemically unstable under the acidic conditions of the stomach and upper gastrointestinal tract. However, even simple acetals and ketals, including acyclic molecules, can be sufficiently robust under acidic conditions to be fashioned into orally bioavailable drugs, and these structural elements are embedded in many effective therapeutic agents. The chemical stability of molecules incorporating geminal diheteroatomic motifs can be modulated by physicochemical design principles that include the judicious deployment of proximal electron-withdrawing substituents and conformational restriction. In this Perspective, we exemplify geminal diheteroatomic motifs that have been utilized in the discovery of orally bioavailable drugs or drug candidates against the backdrop of understanding their potential for chemical lability.",chembl_document,ok,2026-03-05T18:41:37.229646+00:00
10.1021/acs.jmedchem.1c00876,34323489,"The pyrimidine core-containing compound Osimertinib is the only epidermal growth factor receptor tyrosine kinase inhibitor (EGFR-TKI) from the third generation that has been approved by the U.S. Food and Drug Administration to target threonine 790 methionine (T790M) resistance while sparing the wild-type epidermal growth factor receptor (WT EGFR). It is nearly 200-fold more selective toward the mutant EGFR as compared to the WT EGFR. A tertiary cystein 797 to serine 797 (C797S) mutation in the EGFR kinase domain has hampered Osimertinib treatment in patients with advanced EGFR-mutated non-small-cell lung cancer (NSCLC). This C797S mutation is presumed to induce a tertiary-acquired resistance to all current reversible and irreversible EGFR TKIs. This review summarizes the molecular mechanisms of resistance to Osimertinib as well as different strategies for overcoming the EGFR-dependent and EGFR-independent mechanisms of resistance, new challenges, and a future direction.",chembl_document,ok,2026-03-05T18:41:37.229646+00:00
10.1021/acs.jmedchem.1c00926,34734694,"Multiple Sclerosis is a chronic autoimmune neurodegenerative disorder of the central nervous system (CNS) that is characterized by inflammation, demyelination, and axonal injury leading to permeant disability. In the early stage of MS, inflammation is the primary driver of the disease progression. There remains an unmet need to develop high efficacy therapies with superior safety profiles to prevent the inflammation processes leading to disability. Herein, we describe the discovery of BIIB091, a structurally distinct orthosteric ATP competitive, reversible inhibitor that binds the BTK protein in a DFG-in confirmation designed to sequester Tyr-551, an important phosphorylation site on BTK, into an inactive conformation with excellent affinity. Preclinical studies demonstrated BIB091 to be a high potency molecule with good drug-like properties and a safety/tolerability profile suitable for clinical development as a highly selective, reversible BTKi for treating autoimmune diseases such as MS.",chembl_document,ok,2026-03-05T18:41:37.229646+00:00
10.1021/acs.jmedchem.1c01012,34570508,"Poly-ADP-ribose-polymerase (PARP) inhibitors have achieved regulatory approval in oncology for homologous recombination repair deficient tumors including BRCA mutation. However, some have failed in combination with first-line chemotherapies, usually due to overlapping hematological toxicities. Currently approved PARP inhibitors lack selectivity for PARP1 over PARP2 and some other 16 PARP family members, and we hypothesized that this could contribute to toxicity. Recent literature has demonstrated that PARP1 inhibition and PARP1-DNA trapping are key for driving efficacy in a BRCA mutant background. Herein, we describe the structure- and property-based design of <b>25</b> (AZD5305), a potent and selective PARP1 inhibitor and PARP1-DNA trapper with excellent in vivo efficacy in a BRCA mutant HBCx-17 PDX model. Compound <b>25</b> is highly selective for PARP1 over other PARP family members, with good secondary pharmacology and physicochemical properties and excellent pharmacokinetics in preclinical species, with reduced effects on human bone marrow progenitor cells in vitro.",chembl_document,ok,2026-03-05T18:41:37.229646+00:00
10.1021/acs.jmedchem.1c01055,34491761,"The epidermal growth factor receptor (EGFR) harboring activating mutations is a clinically validated target in non-small-cell lung cancer, and a number of inhibitors of the EGFR tyrosine kinase domain, including osimertinib, have been approved for clinical use. Resistance to these therapies has emerged due to a variety of molecular events including the C797S mutation which renders third-generation C797-targeting covalent EGFR inhibitors considerably less potent against the target due to the loss of the key covalent-bond-forming residue. We describe the medicinal chemistry optimization of a biochemically potent but modestly cell-active, reversible EGFR inhibitor starting point with sub-optimal physicochemical properties. These studies culminated in the identification of compound <b>12</b> that showed improved cell potency, oral exposure, and <i>in vivo</i> activity in clinically relevant EGFR-mutant-driven disease models, including an Exon19 deletion/T790M/C797S triple-mutant mouse xenograft model.",chembl_document,ok,2026-03-05T18:41:37.229646+00:00
10.1021/acs.jmedchem.1c01214,34528437,"Here, we report the synthesis, structure-activity relationship studies, enzyme inhibition, antiviral activity, and X-ray crystallographic studies of 5-chloropyridinyl indole carboxylate derivatives as a potent class of SARS-CoV-2 chymotrypsin-like protease inhibitors. Compound <b>1</b> exhibited a SARS-CoV-2 3CLpro inhibitory IC<sub>50</sub> value of 250 nM and an antiviral EC<sub>50</sub> value of 2.8 μM in VeroE6 cells. Remdesivir, an RNA-dependent RNA polymerase inhibitor, showed an antiviral EC<sub>50</sub> value of 1.2 μM in the same assay. Compound <b>1</b> showed comparable antiviral activity with remdesivir in immunocytochemistry assays. Compound <b>7d</b> with an <i>N</i>-allyl derivative showed the most potent enzyme inhibitory IC<sub>50</sub> value of 73 nM. To obtain molecular insight into the binding properties of these molecules, X-ray crystal structures of compounds <b>2</b>, <b>7b</b>, and <b>9d</b>-bound to SARS-CoV 3CLpro were determined, and their binding properties were compared.",chembl_document,ok,2026-03-05T18:41:37.229646+00:00
10.1021/acs.jmedchem.1c01305,34854662,"Indoleamine 2,3-dioxygenase-1 (IDO1) plays an important role in tumor immune escape. However, unsatisfactory clinical efficacies of selective IDO1 inhibitors have impeded their further development, suggesting that they do not exert sufficient antitumor effects by selectively inhibiting IDO1. IDO2, an isoenzyme of IDO1, is overexpressed in some human tumors, and emerging evidence suggests that concomitant inhibition of IDO1/2 may have synergistic effects in cancer treatment, revealing a promising cancer immunotherapeutic strategy. Herein, we describe the discovery of compound <b>4t</b>, the first inhibitor targeting both IDO1/2 that has excellent <i>in vitro</i> inhibitory activity (IDO1 IC<sub>50</sub> = 28 nM and IDO2 IC<sub>50</sub> = 144 nM). Notably, <b>4t</b> (TGI = 69.7%) exhibited significantly stronger <i>in vivo</i> antitumor potency than epacadostat (TGI = 49.4%) in CT26 xenograft mouse models, highlighting the advantages of IDO1/2 dual inhibitors for tumor immunotherapy. Preliminary mechanistic studies <i>in vivo</i> further identified that <b>4t</b> exerts its antitumor effect by inhibiting IDO1/2.",chembl_document,ok,2026-03-05T18:41:37.229646+00:00
10.1021/acs.jmedchem.1c01776,35436119,"Although FGFR inhibitors hold promise in treating various cancers, resistance to the FGFR inhibitors caused by acquired secondary mutations has emerged. To discover novel FGFR inhibitors capable of inhibiting FGFR mutations, including gatekeeper mutations, we designed and synthesized several new pyridinyltriazine derivatives. A structure-activity relationship (SAR) study led to the identification of <b>17a</b> as a highly potent panFGFR inhibitor against wild-type and mutant FGFRs. Notably, <b>17a</b> is superior to infigratinib in terms of kinase-inhibitory and cellular activities, especially against V555M-FGFR3. Molecular dynamics simulations provide a clear understanding of why pyridinyltraizine derivative <b>17a</b> possesses activity against V555M-FGFR3. Moreover, <b>17a</b> significantly suppresses proliferation of cancer cells harboring FGFR mutations via FGFR signaling blockade, cell cycle arrest, and apoptosis. Furthermore, <b>17a</b> and <b>17b</b> exhibited remarkable efficacies in TEL-V555M-FGFR3 Ba/F3 xenograft mouse model and <b>17a</b> is more efficacious than infigratinib. This study provides new insight into the design of novel FGFR inhibitors that are active against FGFR mutants.",chembl_document,ok,2026-03-05T18:41:37.229646+00:00
10.1021/acs.jmedchem.2c00047,35531606,"Enhancer of zeste homolog 2 (EZH2) is a histone methyltransferase that can change the expression of downstream target genes by catalyzing the trimethylation of lysine 27 of histone H3 (H3K27me3). Studies have found that EZH2 is highly expressed in a variety of tumor tissues and is closely related to the occurrence, development, invasion, and metastasis of tumors; therefore, EZH2 is becoming a new molecular target in antitumor therapy. Tazemetostat (EPZ-6438) was approved in 2020 as the first inhibitor targeting catalytic EZH2 for the treatment of epithelioid sarcoma. In addition, a variety of EZH2 inhibitors are being investigated in basic and clinical research for the treatment of tumors, and encouraging results have been obtained. This article systematically reviews the research progress on EZH2 inhibitors and proteolysis targeting chimera (PROTAC)-based EZH2 degradation agents with a focus on their design strategies, structure-activity relationships (SARs), and safety and clinical manifestations.",chembl_document,ok,2026-03-05T18:41:37.229646+00:00
10.1021/acs.jmedchem.2c00095,35420431,"Despite recent clinical progress in peptide-based dual inhibitors of MDM2/4, small-molecule ones with robust antitumor activities remain challenging. To tackle this issue, <b>31</b> (<b>YL93</b>) was structure-based designed and synthesized, which had MDM2/4 binding <i>K</i><sub>i</sub> values of 1.1 and 642 nM, respectively. In three MDM4-overexpressing cancer cell lines harboring wild-type p53, <b>31</b> shows improved cell growth inhibition activities compared to RG7388, an MDM2-selective inhibitor in late-stage clinical trials. Mechanistic studies show that <b>31</b> increased cellular protein levels of p53 and p21 and upregulated the expression of p53-targeted genes in RKO cells with MDM4 amplification. In addition, <b>31</b> induced cell-cycle arrest and apoptosis in western blot and flow cytometry assays. Taken together, dual inhibition of MDM2/4 by <b>31</b> elicited stronger antitumor activities <i>in vitro</i> compared to selective MDM2 inhibitors in wild-type p53 and MDM4-overexpressing cancer cells.",chembl_document,ok,2026-03-05T18:41:37.229646+00:00
10.1021/acs.jmedchem.2c00135,35442700,"The effective potency and resistance of poly(ADP-ribose) polymerase (PARP) inhibitors limit their application. Here, we exploit a new paradigm that mimics the effects of breast cancer susceptibility genes (BRCA) mutations to trigger the possibility of synthetic lethality, based on the previous discovery of a potential synthetic lethality effect between bromodomain-containing protein 4 (BRD4) and PARP1. Consequently, the present study describes compound <b>BP44</b> with high selectivity for BRD4 and PARP1. Fortunately, <b>BP44</b> inhibits the homologous recombination in triple-negative breast cancer (TNBC) and triggers synthetic lethality, thus leading to cell cycle arrest and DNA damage. In conclusion, we optimized the BRD4-PARP1 inhibitor based on previous studies, and we expect it to become a candidate drug for the treatment of TNBC in the future. This strategy aims to expand the use of PARPi in BRCA-competent TNBC, making an innovative approach to address unmet oncology needs.",chembl_document,ok,2026-03-05T18:41:37.229646+00:00
10.1021/acs.jmedchem.2c00168,35446588,"Tertiary C797S mutation of epidermal growth factor receptor (EGFR)-mediated resistance in non-small-cell-lung-cancer (NSCLC) patients is still an unmet clinical need. Several classes of adenosine 5'-triphosphate-competitive or allosteric EGFR<sup>T790M/C797S</sup> inhibitors and degraders have been developed, but none of them have received approval from the regulatory agencies. Herein, we report the structure-based design of conformational constrained 4-(1-ethylsufonyl-3-indolyl)-2-phenylaminopyrimidines as new EGFR<sup>T790M/C797S</sup> inhibitors by using a macrocyclization strategy. Representative compound <b>18j</b> potently inhibited EGFR<sup>19del/T790M/C797S</sup> and EGFR<sup>L858R/T790M/C797S</sup> mutants with IC<sub>50</sub> values of 15.8 and 23.6 nM and suppressed Ba/F3-EGFR<sup>L858R/T790M/C797S</sup> and Ba/F3-EGFR<sup>19del/T790M/C797S</sup> cells with IC<sub>50</sub> values of 0.036 and 0.052 μM, respectively, which is 10-20-fold more potent than brigatinib. <b>18j</b> also potently inhibited the EGFR<sup>19del/T790M/C797S</sup>-mutated PC-9-OR NSCLC cell proliferation with an IC<sub>50</sub> value of 0.644 μM but was less potent for parental Ba/F3 and A431 cells. This study provides a new lead compound for drug discovery to combat EGFR<sup>C797S</sup>-mediated resistance in NSCLC patients.",chembl_document,ok,2026-03-05T18:41:37.229646+00:00
10.1021/acs.jmedchem.2c00368,35440138,"Autotaxin (ATX) facilitates the hydrolysis of lysophosphatidylcholine to lysophosphatidic acid (LPA), a bioactive phospholipid, which facilitates a diverse range of cellular effects in multiple tissue types. Abnormal LPA expression can lead to the progression of diseases such as cancer and fibrosis. Previously, we identified a potent ATX steroid-derived hybrid (partially orthosteric and allosteric) inhibitor which did not form interactions with the catalytic site. Herein, we describe the design, synthesis, and biological evaluation of a focused library of novel steroid-derived analogues targeting the bimetallic catalytic site, representing an entirely unique class of ATX inhibitors of type V designation, which demonstrate significant pathway-relevant biochemical and phenotypic biological effects. The current compounds modulated LPA-mediated ATX allostery and achieved indirect blockage of LPA<sub>1</sub> internalization, in line with the observed reduction in downstream signaling cascades and chemotaxis induction. These novel type V ATX inhibitors represent a promising tool to inactivate the ATX-LPA signaling axis.",chembl_document,ok,2026-03-05T18:41:37.229646+00:00
10.1021/acs.jmedchem.2c00636,35709506,"The main protease (M<sup>pro</sup>, 3CL<sup>pro</sup>) of SARS-CoV-2 is an attractive target in coronaviruses because of its crucial involvement in viral replication and transcription. Here, we report on the design, synthesis, and structure-activity relationships of novel small-molecule thioesters as SARS-CoV-2 M<sup>pro</sup> inhibitors. Compounds <b>3w</b> and <b>3x</b> exhibited excellent SARS-CoV-2 M<sup>pro</sup> inhibition with <i>k</i><sub>inac</sub>/<i>K</i><sub>i</sub> of 58,700 M<sup>-1</sup> s<sup>-1</sup> (<i>K<sub>i</sub></i> = 0.0141 μM) and 27,200 M<sup>-1</sup> s<sup>-1</sup> (<i>K</i><sub>i</sub> = 0.0332 μM), respectively. In Calu-3 and Vero76 cells, compounds <b>3h</b>, <b>3i, 3l</b>, <b>3r</b>, <b>3v</b>, <b>3w</b>, and <b>3x</b> displayed antiviral activity in the nanomolar range without host cell toxicity. Co-crystallization of <b>3w</b> and <b>3af</b> with SARS-CoV-2 M<sup>pro</sup> was accomplished, and the X-ray structures showed covalent binding with the catalytic Cys145 residue of the protease. The potent SARS-CoV-2 Mpro inhibitors also inhibited the M<sup>pro</sup> of other beta-coronaviruses, including SARS-CoV-1 and MERS-CoV, indicating that they might be useful to treat a broader range of coronaviral infections.",chembl_document,ok,2026-03-05T18:41:37.229646+00:00
10.1021/acs.jmedchem.2c00677,35938398,"Depression is the leading cause of global burden of disease and disability. Abnormalities in the kynurenine pathway of tryptophan degradation have been closely linked to the pathogenesis of depression. An integrative bioinformatics analysis demonstrated that indoleamine 2,3-dioxygenase 1 (IDO1) and tryptophan 2,3-dioxygenase (TDO) are potential targets for the development of antidepressants. A series of 1-(hetero)aryl-β-carboline derivatives were designed, synthesized, and evaluated as novel IDO1/TDO dual inhibitors. Among them, compound <b>28</b> displayed potent inhibition of both IDO1 (IC<sub>50</sub> = 3.53 μM) and TDO (IC<sub>50</sub> = 1.15 μM) and had an acceptable safety profile and pharmacokinetic properties. Compound <b>28</b> also rescued lipopolysaccharide-induced depressive-like behavior in mice. Further studies revealed that <b>28</b> likely had unique antidepressant mechanisms involving suppressing microglial activation, lowering IDO1 expression, and reducing proinflammatory cytokine and kynurenine levels in the mouse brain. Overall, this work provides practical guidance for the development of IDO1/TDO dual inhibitors to treat inflammation-induced depression.",chembl_document,ok,2026-03-05T18:41:37.229646+00:00
10.1021/acs.jmedchem.2c00697,36111834,"From a designed library of indolyl pyrimidinamines, we identified a highly potent and cell-active chemical probe (<b>17</b>) that inhibits phosphatidylinositol-3-phosphate 5-kinase (PIKfyve). Comprehensive evaluation of inhibitor selectivity confirmed that this PIKfyve probe demonstrates excellent kinome-wide selectivity. A structurally related indolyl pyrimidinamine (<b>30</b>) was characterized as a negative control that lacks PIKfyve inhibitory activity and exhibits exquisite selectivity when profiled broadly. Chemical probe <b>17</b> disrupts multiple phases of the lifecycle of β-coronaviruses: viral replication and viral entry. The diverse antiviral roles of PIKfyve have not been previously probed comprehensively in a single study or using the same compound set. Our scaffold is a distinct chemotype that lacks the canonical morpholine hinge-binder of classical lipid kinase inhibitors and has a non-overlapping kinase off-target profile with known PIKfyve inhibitors. Our chemical probe set can be used by the community to further characterize the role of PIKfyve in virology.",chembl_document,ok,2026-03-05T18:41:37.229646+00:00
10.1021/acs.jmedchem.2c00758,36070561,"COVID-19 patients with severe symptoms still lack antiviral treatment options. Although remdesivir is the only FDA-approved drug for those patients, its efficacy is limited by premature hydrolysis to nucleoside (NUC), low accumulation in the disease-targeted tissue (lungs), and low antiviral potency. In this study, we synthesized a new series of remdesivir analogues by modifying the ProTide moiety. In comparison with remdesivir, the lead compound MMT5-14 showed 2- to 7-fold higher antiviral activity in four variants of SARS-CoV-2. By reducing premature hydrolysis in hamsters, MMT5-14 increased the prodrug concentration by 200- to 300-fold in the plasma and lungs but also enhanced lung accumulation of the active metabolite triphosphate nucleosides (NTP) by 5-fold. Compared to remdesivir, MMT5-14 also increased the intracellular uptake and activation in lung epithelial cells by 4- to 25-fold. These data suggest that MMT5-14 could be a potential antiviral drug to treat COVID-19 patients with severe symptoms.",chembl_document,ok,2026-03-05T18:41:37.229646+00:00
10.1021/acs.jmedchem.2c00922,35860875,"Janus kinase 3 (JAK3) is a potential target for the treatment of hematological malignancies. Herein, we report the discovery of a series of new orally bioavailable irreversible JAK3 kinase inhibitors. The representative compound <b>12n</b> potently inhibited JAK3 kinase activity with an IC<sub>50</sub> value of 1.2 nM and was more than 900-fold selective over JAK1, JAK2, and Tyk2. Cell-based assays revealed that <b>12n</b> significantly suppressed phosphorylation of JAK3 and the downstream effectors STAT3/5 and also robustly restrained proliferation of BaF3 cells transfected with JAK3<sup>M511I</sup> activating mutation and human leukemia U937 cells harboring JAK3<sup>M511I</sup> with IC<sub>50</sub> values of 22.9 and 20.2 nM, respectively. More importantly, <b>12n</b> showed reasonable pharmacokinetic (PK) properties, and oral administration of <b>12n</b> at a dose of 50 mg/kg twice daily led to tumor regression in a U937 cell inoculated xenograft mouse model. Thus, <b>12n</b> represents a promising lead compound for further optimization to discover new therapeutic agents for hematological malignancies.",chembl_document,ok,2026-03-05T18:41:37.229646+00:00
10.1021/acs.jmedchem.2c01070,36503229,"The phosphoinositide 3-kinase (PI3K)/protein kinase B (AKT)/mammalian target of rapamycin (mTOR) pathway is one of the most important intracellular pathways involved in cell proliferation, growth, differentiation, and survival. Therefore, this route is a prospective biological target for treating various human diseases, such as tumors, neurodegenerative diseases, pulmonary fibrosis, and diabetes. An increasing number of clinical studies emphasize the necessity of developing novel molecules targeting the PI3K/AKT/mTOR pathway. This review focuses on recent advances in ATP-competitive inhibitors, allosteric inhibitors, covalent inhibitors, and proteolysis-targeting chimeras against the PI3K/AKT/mTOR pathway, and highlights possible solutions for overcoming the toxicities and acquired drug resistance of currently available drugs. We also provide recommendations for the future design and development of promising drugs targeting this pathway.",chembl_document,ok,2026-03-05T18:41:37.229646+00:00
10.1021/acs.jmedchem.2c01146,36107752,"The continuous spread of SARS-CoV-2 calls for more direct-acting antiviral agents to combat the highly infectious variants. The main protease (M<sup>pro</sup>) is an promising target for anti-SARS-CoV-2 drug design. Here, we report the discovery of potent non-covalent non-peptide M<sup>pro</sup> inhibitors featuring a 1,2,4-trisubstituted piperazine scaffold. We systematically modified the non-covalent hit MCULE-5948770040 by structure-based rational design combined with multi-site binding and privileged structure assembly strategies. The optimized compound <b>GC-14</b> inhibits M<sup>pro</sup> with high potency (IC<sub>50</sub> = 0.40 μM) and displays excellent antiviral activity (EC<sub>50</sub> = 1.1 μM), being more potent than Remdesivir. Notably, <b>GC-14</b> exhibits low cytotoxicity (CC<sub>50</sub> > 100 μM) and excellent target selectivity for SARS-CoV-2 M<sup>pro</sup> (IC<sub>50</sub> > 50 μM for cathepsins B, F, K, L, and caspase 3). X-ray co-crystal structures prove that the inhibitors occupy multiple subpockets by critical non-covalent interactions. These studies may provide a basis for developing a more efficient and safer therapy for COVID-19.",chembl_document,ok,2026-03-05T18:41:37.229646+00:00
10.1021/acs.jmedchem.2c01361,36395392,"Clinically acquired resistance is a major challenge in cancer therapies with small-molecule kinase inhibitors (SMKIs). Gatekeeper mutations in the ATP-binding pocket of kinases are the most common mutations leading to acquired resistance. To date, seven new-generation kinase inhibitors targeting gatekeeper mutations have been approved by the FDA; however, the clinical need is still unmet. Here, we systematically summarize the types of gatekeeper mutations across the kinase family, the structural basis for acquired resistance, and newly developed SMKIs targeting gatekeeper mutations as well as highlight the opportunities and challenges of kinase drug discovery for targeting gatekeeper mutations.",chembl_document,ok,2026-03-05T18:41:37.229646+00:00
10.1021/acs.jmedchem.2c01422,36455032,"Small molecule inhibitors that target the phosphatidylinositol 3-kinase (PI3K) signaling pathway have received significant interest for the treatment of cancers. The class I isoform PI3Kα is most commonly associated with solid tumors via gene amplification or activating mutations. However, inhibitors demonstrating both PI3K isoform and mutant specificity have remained elusive. Herein, we describe the optimization and characterization of a series of benzoxazepin-oxazolidinone ATP-competitive inhibitors of PI3Kα which also induce the selective degradation of the mutant p110α protein, the catalytic subunit of PI3Kα. Structure-based design informed isoform-specific interactions within the binding site, leading to potent inhibitors with greater than 300-fold selectivity over the other Class I PI3K isoforms. Further optimization of pharmacokinetic properties led to excellent in vivo exposure and efficacy and the identification of clinical candidate GDC-0077 (inavolisib, <b>32</b>), which is now under evaluation in a Phase III clinical trial as a treatment for patients with <i>PIK3CA</i>-mutant breast cancer.",chembl_document,ok,2026-03-05T18:41:37.229646+00:00
10.1021/acs.jmedchem.2c01478,36288088,"Receptor-interacting protein kinase 1 (RIPK1) contributes to a broad set of inflammations and necroptosis in human diseases, which also plays an important role in the pathogenesis of Alzheimer's disease (AD). The inhibition of RIPK1 could be a novel strategy to improve cognitive function. <b>SZM679</b>, a highly specific RIPK1 inhibitor (<i>K</i><sub>d,RIPK1</sub> = 8.6 nM, <i>K</i><sub>d,RIPK3</sub> > 5000 nM), was developed by our group with superior high antinecroptotic activity (EC<sub>50</sub> = 2 nM), and investigated to completely reverse the tumor necrosis factor-induced systemic inflammatory response syndrome. In a streptozocin-induced AD-like mouse model, behavioral tests showed that <b>SZM679</b> apparently ameliorated learning and memory dysfunction. Nissl staining revealed that <b>SZM679</b> improved neuronal loss. Moreover, the Tau hyperphosphorylation, neuroinflammation, and the RIPK1 phosphorylation level in the hippocampus and cortex were significantly decreased in the SZM679-treated group. Collectively, <b>SZM679</b> represents a promising lead structure for the discovery of novel RIPK1 inhibitory anti-AD agents.",chembl_document,ok,2026-03-05T18:41:37.229646+00:00
10.1021/acs.jmedchem.2c01518,36346971,"As a serine/threonine protein kinase, receptor-interacting protein 1 (RIP1) plays an important role in regulating the pathways in programmed cell death. Multifaceted human diseases (e.g., autoimmune diseases, inflammatory diseases, neurodegenerative diseases, and tumors) are closely related to RIP1 kinase. Therefore, small-molecule RIP1 inhibitors with precise targeting and good penetrability have recently been used in potentially therapeutic methods, attracting extensive researcher interest. GSK2982772, developed by GlaxoSmithKline (GSK), became the world's first RIP1 inhibitor approved for clinical research in 2014. Nine clinical trials assessing GSK2982772 have been performed. The most recent direction in RIP1 inhibitor development has been focused on RIP1 small-molecule inhibitors with higher potency, selectivity, and metabolic stability. In this Perspective, considering the structure, biological functions, and disease relevance of RIP1, we summarize the recent research progress in RIP1 small-molecule inhibitor development based on different binding modalities and discuss prospective strategies for designing additional RIP1 therapeutic agents.",chembl_document,ok,2026-03-05T18:41:37.229646+00:00
10.1021/acs.jmedchem.2c01716,36475694,"The spread of SARS-CoV-2 keeps threatening human life and health, and small-molecule antivirals are in demand. The main protease (M<sup>pro</sup>) is an effective and highly conserved target for anti-SARS-CoV-2 drug design. Herein, we report the discovery of potent covalent non-peptide-derived M<sup>pro</sup> inhibitors. A series of covalent compounds with a piperazine scaffold containing different warheads were designed and synthesized. Among them, <b>GD-9</b> was identified as the most potent compound with a significant enzymatic inhibition of M<sup>pro</sup> (IC<sub>50</sub> = 0.18 μM) and good antiviral potency against SARS-CoV-2 (EC<sub>50</sub> = 2.64 μM), similar to that of remdesivir (EC<sub>50</sub> = 2.27 μM). Additionally, <b>GD-9</b> presented favorable target selectivity for SARS-CoV-2 M<sup>pro</sup> versus human cysteine proteases. The X-ray co-crystal structure confirmed our original design concept showing that <b>GD-9</b> covalently binds to the active site of M<sup>pro</sup>. Our nonpeptidic covalent inhibitors provide a basis for the future development of more efficient COVID-19 therapeutics.",chembl_document,ok,2026-03-05T18:41:37.229646+00:00
10.1021/acs.jmedchem.2c01864,37036171,"Heterobifunctional degraders, known as proteolysis targeting chimeras (PROTACs), theoretically possess a catalytic mode-of-action, yet few studies have either confirmed or exploited this potential advantage of event-driven pharmacology. Degraders of oncogenic EML4-ALK fusions were developed by conjugating ALK inhibitors to cereblon ligands. Simultaneous optimization of pharmacology and compound properties using ternary complex modeling and physicochemical considerations yielded multiple catalytic degraders that were more resilient to clinically relevant ATP-binding site mutations than kinase inhibitor drugs. Our strategy culminated in the design of the orally bioavailable derivative CPD-1224 that avoided hemolysis (a feature of detergent-like PROTACs), degraded the otherwise recalcitrant mutant L1196M/G1202R in vivo, and commensurately slowed tumor growth, while the third generation ALK inhibitor drug lorlatinib had no effect. These results validate our original therapeutic hypothesis by exemplifying opportunities for catalytic degraders to proactively address binding site resistant mutations in cancer.",chembl_document,ok,2026-03-05T18:41:37.229646+00:00
10.1021/acs.jmedchem.2c02067,36724216,"Systemic inflammatory response syndrome (SIRS), characterized by severe systemic inflammation, represents a major cause of health loss, potentially leading to multiple organ failure, shock, and death. Exploring potent RIPK1 inhibitors is an effective therapeutic strategy for SIRS. Recently, we described thio-benzoxazepinones as novel RIPK1 inhibitors and confirmed their anti-inflammatory activity. Herein, we further synthesized novel thio-benzoxazepinones by introducing substitutions on the benzene ring by an alkynyl bridge in order to extend the chemical space from the RIPK1 allosteric to ATP binding pockets. The in vitro cell and kinase assays found that compounds <b>2</b> and <b>29</b> showed highly potent activity against necroptosis (EC<sub>50</sub> = 3.7 and 3.2 nM) and high RIPK1 inhibitory activity (<i>K</i><sub>d</sub> = 9.7 and 70 nM). Prominently, these two analogues possessed better in vivo anti-inflammatory effects than the clinical candidate GSK'772 and effectively blocked hypothermia and deaths in a TNFα-induced SIRS model.",chembl_document,ok,2026-03-05T18:41:37.229646+00:00
10.1021/acs.jmedchem.2c02130,37037122,"Factor XIa (FXIa) in the intrinsic pathway of the coagulation process has been proven to be an effective and safe target for anticoagulant discovery with limited or no bleeding. Numerous small-molecule FXIa inhibitors (SMFIs) with various scaffolds have been identified in the early stages of drug discovery. They have served as the foundation for the recent discovery of additional promising SMFIs with improved potency, selectivity, and pharmacokinetic profiles, some of which have entered clinical trials for the treatment of thrombosis. After reviewing the coagulation process and structure of FXIa, this perspective discusses the rational or structure-based design, discovery, structure-activity relationships, and development of SMFIs disclosed in recent years. Strategies for identifying more selective and druggable SMFIs are provided, paving the way for the design and discovery of more useful SMFIs for anticoagulation therapy.",chembl_document,ok,2026-03-05T18:41:37.229646+00:00
10.1021/acs.jmedchem.3c00277,37141440,"Osimertinib resistance is an unmet clinical need for the treatment of non-small cell lung cancer (NSCLC), and the main mechanism is tertiary C797S mutation of epidermal growth factor receptor (EGFR). To date, there is no inhibitor approved for the treatment of Osimertinib-resistant NSCLC. Herein, we reported a series of Osimertinib derivatives as fourth-generation inhibitors which were rationally designed. Top candidate <b>D51</b> potently inhibited the EGFR<sup>L858R/T790M/C797S</sup> mutant with an IC<sub>50</sub> value of 14 nM and suppressed the proliferation of H1975-TM cells with an IC<sub>50</sub> value of 14 nM, which show over 500-fold selectivity against wild-type forms. Moreover, <b>D51</b> inhibited the EGFR<sup>del19/T790M/C797S</sup> mutant and the proliferation of the PC9-TM cell line with IC<sub>50</sub> values of 62 and 82 nM. <b>D51</b> also exhibited favorable in vivo druggability, including PK parameters, safety properties, in vivo stability, and antitumor activity.",chembl_document,ok,2026-03-05T18:41:37.229646+00:00
10.1021/acs.jmedchem.3c00576,37471688,"Severe acute respiratory syndrome coronavirus 2 (SARS-CoV-2) causes COVID-19, by infecting cells via the interaction of its spike protein (S) with the primary cell receptor angiotensin-converting enzyme (ACE2). To search for inhibitors of this key step in viral infection, we screened an in-house library of multivalent tryptophan derivatives. Using VSV-S pseudoparticles, we identified compound <b>2</b> as a potent entry inhibitor lacking cellular toxicity. Chemical optimization of <b>2</b> rendered compounds <b>63</b> and <b>65</b>, which also potently inhibited genuine SARS-CoV-2 cell entry. Thermofluor and microscale thermophoresis studies revealed their binding to S and to its isolated receptor binding domain (RBD), interfering with the interaction with ACE2. High-resolution cryoelectron microscopy structure of S, free or bound to <b>2</b>, shed light on cell entry inhibition mechanisms by these compounds. Overall, this work identifies and characterizes a new class of SARS-CoV-2 entry inhibitors with clear potential for preventing and/or fighting COVID-19.",chembl_document,ok,2026-03-05T18:41:37.229646+00:00
10.1021/acs.jmedchem.3c00750,37596939,"Remdesivir <b>1</b> is an phosphoramidate prodrug that releases the monophosphate of nucleoside GS-441524 (<b>2</b>) into lung cells, thereby forming the bioactive triphosphate <b>2-NTP</b>. <b>2-NTP</b>, an analog of ATP, inhibits the SARS-CoV-2 RNA-dependent RNA polymerase replication and transcription of viral RNA. Strong clinical results for <b>1</b> have prompted interest in oral approaches to generate <b>2-NTP</b>. Here, we describe the discovery of a 5'-isobutyryl ester prodrug of <b>2</b> (GS-5245, Obeldesivir, <b>3</b>) that has low cellular cytotoxicity and 3-7-fold improved oral delivery of <b>2</b> in monkeys. Prodrug <b>3</b> is cleaved presystemically to provide high systemic exposures of <b>2</b> that overcome its less efficient metabolism to <b>2-NTP</b>, leading to strong SARS-CoV-2 antiviral efficacy in an African green monkey infection model. Exposure-based SARS-CoV-2 efficacy relationships resulted in an estimated clinical dose of 350-400 mg twice daily. Importantly, all SARS-CoV-2 variants remain susceptible to <b>2</b>, which supports development of <b>3</b> as a promising COVID-19 treatment.",chembl_document,ok,2026-03-05T18:41:37.229646+00:00
10.1021/acs.jmedchem.3c00821,37605459,"Poly(ADP-ribose) polymerase inhibitors (PARPi) have significant efficacy in treating BRCA-deficient cancers, although resistance development remains an unsolved challenge. Herein, a series of phthalazin-1(2<i>H</i>)-one derivatives with excellent enzymatic inhibitory activity were designed and synthesized, and the structure-activity relationship was explored. Compared with olaparib and talazoparib, compound <b>YCH1899</b> exhibited distinct antiproliferation activity against olaparib- and talazoparib-resistant cells, with IC<sub>50</sub> values of 0.89 and 1.13 nM, respectively. Studies of the cellular mechanism revealed that <b>YCH1899</b> retained sensitivity in drug-resistant cells with BRCA1/2 restoration or 53BP1 loss. Furthermore, <b>YCH1899</b> had acceptable pharmacokinetic properties in rats and showed prominent dose-dependent antitumor activity in olaparib- and talazoparib-resistant cell-derived xenograft models. Overall, this study suggests that <b>YCH1899</b> is a new-generation antiresistant PARPi that could provide a valuable direction for addressing drug resistance to existing PARPi drugs.",chembl_document,ok,2026-03-05T18:41:37.229646+00:00
10.1021/acs.jmedchem.3c01152,37843892,"PARP-1/2 inhibitors have become an important therapeutic strategy for the treatment of HR-deficient tumors. However, discovery of new inhibitors with an improved and distinct pharmacological file still need enormous explorations. Herein, a series of novel highly potent PARP-1/2 inhibitors bearing an <i>N</i>-substituted piperazinone moiety were achieved. In particular, <b>Cpd36</b> was identified as a distinct PARP inhibitor, showing remarkable enzymatic activity not only toward PARP-1 (IC<sub>50</sub> = 0.94 nM) and PARP-2 (IC<sub>50</sub> = 0.87 nM) but also toward PARP-7 (IC<sub>50</sub> = 0.21 nM), as well as high selectivity over other PARP isoforms. Furthermore, <b>Cpd36</b> was orally bioavailable and significantly repressed the tumor growth in both breast cancer and prostate cancer xenograft model. The crystal structures of <b>Cpd36</b> within PARP-1 and PARP-2 together with the predicted binding mode within PARP-7 revealed its binding features and provided insightful information for further developing highly potent and selective PARP-1 and/or PARP-7 inhibitors.",chembl_document,ok,2026-03-05T18:41:37.229646+00:00
10.1021/acs.jmedchem.3c01165,37885208,"Epidermal growth factor receptor (EGFR)-activating mutation is an important oncogenic driver of nonsmall cell lung cancer (NSCLC) patients. Osimertinib has been the first-line treatment for EGFR-mutated NSCLC. However, the tertiary C797S mutation leads to Osimertinib resistance by blocking the covalent binding of Cys797 to Osimertinib. To date, there are no approved inhibitors for the treatment of Osimertinib resistance. Herein, we identified a novel lead compound <b>S8</b> targeting EGFR<sup>L858R/T790M/C797S</sup> by structure-based virtual screening and synthesized a series of novel compounds. Representative compound <b>C34</b> showed potent inhibitory activity against EGFR<sup>L858R/T790M/C797S</sup> with an IC<sub>50</sub> of 5.1 nM and significantly inhibited the proliferation of the H1975-TM cell line harboring EGFR<sup>L858R/T790M/C797S</sup> with an IC<sub>50</sub> of 0.05 μM. Additionally, compound <b>C34</b> demonstrated good pharmacokinetic properties with an oral bioavailability of 30.72% and significantly inhibited tumor growth in the H1975-TM xenograft tumor model. This study provides a novel thiazole derivative as an EGFR inhibitor to overcome C797S-mediated resistance.",chembl_document,ok,2026-03-05T18:41:37.229646+00:00
10.1021/acs.jmedchem.3c01645,38227770,"Tropomyosin receptor kinase (TRK) fusion, an oncogenic form of kinase with pan-tumor occurrence, is a clinically validated important antitumor target. In this study, we screened our in-house kinase inhibitor library against TRK and identified a promising hit compound <b>4</b> with a novel pyridin-2(1<i>H</i>)-one scaffold. Through a combination of structure-based drug design and structure-activity relationship (SAR) study, compound <b>14q</b> was identified as a potent TRK inhibitor with good kinase selectivity. It also blocked cellular TRK signaling, thereby inhibiting TRK-dependent cell viability. Additionally, <b>14q</b> displayed acceptable pharmacokinetic properties with 37.8% oral bioavailability in mice. Strong <i>in vivo</i> tumor growth inhibition of <b>14q</b> was observed in subcutaneous M091 and KM12 tumor xenograft models with TRK fusion, causing significant tumor inhibition or even complete tumor regression.",chembl_document,ok,2026-03-05T18:41:37.229646+00:00
10.1021/acs.jmedchem.3c01837,38295759,"The bromodomain and extra-terminal domain (BET) proteins are epigenetic readers, regulating transcription via two highly homologous tandem bromodomains, BD1 and BD2. Clinical development of nonselective pan-BD BET inhibitors has been challenging, partly due to dose-limiting side effects such as thrombocytopenia. This has prompted the push for domain-selective BET inhibitors to achieve a more favorable therapeutic window. We report a structure-guided drug design campaign that led to the development of a potent BD1-selective BET inhibitor, <b>33</b> (XL-126), with a <i>K</i><sub>d</sub> of 8.9 nM and 185-fold BD1/BD2 selectivity. The high selectivity was first assayed by SPR, validated by a secondary time-resolved fluorescence energy transfer assay, and further corroborated by BROMOscan (∼57-373 fold selectivity). The cocrystal of <b>33</b> with BRD4 BD1 and BD2 demonstrates the source of selectivity: repulsion with His437 and lost binding with the leucine clamp. Notably, the BD1 selectivity of BET inhibitor <b>33</b> leads to both the preservation of platelets and potent anti-inflammatory efficacy.",chembl_document,ok,2026-03-05T18:41:37.229646+00:00
10.1021/acs.jmedchem.3c02102,38159286,"Receptor-interacting protein kinase 1 (RIPK1) is a key regulator of cellular necroptosis, which is considered as an important therapeutic target for necroptosis-related indications. Herein, we report the structural optimization and structure-activity relationship investigations of a series of eutectic 5-substituted-indole-3-carboxamide derivatives. The prioritized compound <b>10b</b> exhibited low nanomolar IC<sub>50</sub> values against RIPK1 and showed good kinase selectivity. Based on its eutectic structure, <b>10b</b> occupied both the allosteric and ATP binding pockets of RIPK1, making it a potent dual-mode inhibitor of RIPK1. <i>In vitro</i>, <b>10b</b> had a potent protective effect against necroptosis in cells. Compound <b>10b</b> also provided robust protection in a TNFα-induced systemic inflammatory response syndrome (SIRS) model and imiquimod (IMQ)-induced psoriasis model. It also showed good pharmacokinetic properties and low toxicity. Overall, <b>10b</b> is a promising lead compound for drug discovery targeting RIPK1 and warrants further study.",chembl_document,ok,2026-03-05T18:41:37.229646+00:00
10.1021/acs.jmedchem.3c02460,38776379,"Designing selective PARP-1 inhibitors has become a new strategy for anticancer drug development. By sequence comparison of PARP-1 and PARP-2, we identified a possible selective site (S site) consisting of several different amino acid residues of α-5 helix and D-loop. Targeting this S site, 140 compounds were designed, synthesized, and characterized for their anticancer activities and mechanisms. Compound <b>I16</b> showed the highest PARP-1 enzyme inhibitory activity (IC<sub>50</sub> = 12.38 ± 1.33 nM) and optimal selectivity index over PARP-2 (SI = 155.74). Oral administration of <b>I16</b> (25 mg/kg) showed high inhibition rates of Hela and SK-OV-3 tumor cell xenograft models, both of which were higher than those of the oral positive drug Olaparib (50 mg/kg). In addition, <b>I16</b> has an excellent safety profile, without significant toxicity at high oral doses. These findings provide a novel design strategy and chemotype for the development of safe, efficient, and highly selective PARP-1 inhibitors.",chembl_document,ok,2026-03-05T18:41:37.229646+00:00
10.1021/acs.jmedchem.3c02469,38687966,"Despite the record-breaking discovery, development and approval of vaccines and antiviral therapeutics such as Paxlovid, coronavirus disease 2019 (COVID-19) remained the fourth leading cause of death in the world and third highest in the United States in 2022. Here, we report the discovery and characterization of PF-07817883, a second-generation, orally bioavailable, SARS-CoV-2 main protease inhibitor with improved metabolic stability versus nirmatrelvir, the antiviral component of the ritonavir-boosted therapy Paxlovid. We demonstrate the <i>in vitro</i> pan-human coronavirus antiviral activity and off-target selectivity profile of PF-07817883. PF-07817883 also demonstrated oral efficacy in a mouse-adapted SARS-CoV-2 model at plasma concentrations equivalent to nirmatrelvir. The preclinical <i>in vivo</i> pharmacokinetics and metabolism studies in human matrices are suggestive of improved oral pharmacokinetics for PF-07817883 in humans, relative to nirmatrelvir. <i>In vitro</i> inhibition/induction studies against major human drug metabolizing enzymes/transporters suggest a low potential for perpetrator drug-drug interactions upon single-agent use of PF-07817883.",chembl_document,ok,2026-03-05T18:41:37.229646+00:00
10.1021/acs.jmedchem.4c00077,38477575,"The emergence of resistance to PARP1 inhibitors poses a current therapeutic challenge, necessitating the development of novel strategies to overcome this obstacle. The present study describes the design and synthesis of a series of small molecules that target both PARP1 and c-Met. Among them, compound <b>16</b> is identified as a highly potent dual inhibitor, exhibiting excellent inhibitory activities against PARP1 (IC<sub>50</sub> = 3.3 nM) and c-Met (IC<sub>50</sub> = 32.2 nM), as well as demonstrating good antiproliferative effects on HR-proficient cancer cell lines and those resistant to PARP1 inhibitors. Importantly, compound <b>16</b> demonstrates superior antitumor potency compared to the PARP1 inhibitor Olaparib and the c-Met inhibitor Crizotinib, either alone or in combination, in MDA-MB-231 and HCT116OR xenograft models. These findings highlight the potential of PARP1/c-Met dual inhibitors for expanding the indications of PARP1 inhibitors and overcoming tumor cells' resistance to them.",chembl_document,ok,2026-03-05T18:41:37.229646+00:00
10.1021/acs.jmedchem.4c00107,38676656,"The epidermal growth factor receptor (EGFR) tertiary C797S mutation is an important cause of resistance to Osimertinib, which seriously hinders the clinical application of Osimertinib. Developing proteolysis-targeting chimeras (PROTACs) targeting EGFR mutants can offer a promising strategy to overcome drug resistance. In this study, some novel PROTACs targeting C797S mutation were designed and synthesized based on a new EGFR inhibitor and displayed a potent degradation effect in H1975-TM cells harboring EGFR<sup>L858R/T790M/C797S</sup>. The representative compound <b>C6</b> exhibited a DC<sub>50</sub> of 10.2 nM against EGFR<sup>L858R/T790M/C797S</sup> and an IC<sub>50</sub> of 10.3 nM against H1975-TM. Furthermore, <b>C6</b> also showed potent degradation activity against various main EGFR mutants, including EGFR<sup>Del19/T790M/C797S</sup>. Mechanistic studies revealed that the protein degradation was achieved through the ubiquitin-proteasome system. Finally, <b>C6</b> inhibited tumor growth in the H1975-TM xenograft tumor model effectively and safely. This study identifies a novel and potent EGFR PROTAC to overcome Osimertinib resistance mediated by C797S mutation.",chembl_document,ok,2026-03-05T18:41:37.229646+00:00
10.1021/acs.jmedchem.4c00202,38913701,"UC and ALI are inflammatory diseases with limited treatment in the clinic. Herein, fragment-based anti-inflammatory agent designs were carried out deriving from cyclohexylamine/cyclobutylamine and several fragments from anti-inflammatory agents in our lab. AF-45 (IC<sub>50</sub> = 0.53/0.60 μM on IL-6/TNF-α in THP-1 macrophages) was identified as the optimal molecule using ELISA and MTT assays from the 33 synthesized compounds. Through mechanistic studies and a systematic target search process, AF-45 was found to block the NF-κB/MAPK pathway and target IRAK4, a promising target for inflammation and autoimmune diseases. The selectivity of AF-45 targeting IRAK4 was validated by comparing its effects on other kinase/nonkinase proteins. <i>In vivo</i>, AF-45 exhibited a good therapeutic effect on UC and ALI, and favorable PK proprieties. Since there are currently no clinical or preclinical trials for IRAK4 inhibitors to treat UC and ALI, AF-45 provides a new lead compound or candidate targeting IRAK4 for the treatment of these diseases.",chembl_document,ok,2026-03-05T18:41:37.229646+00:00
10.1021/acs.jmedchem.4c00361,39143914,"Solvent-front mutations have emerged as a common mechanism leading to acquired resistance to kinase inhibitors, representing a major challenge in the clinic. Several new-generation kinase inhibitors targeting solvent-front mutations have either been approved or advanced to clinical trials. However, there remains a need to discover effective, new-generation inhibitors. In this Perspective, we systematically summarize the general types of solvent-front mutations across the kinome and describe the development of inhibitors targeting some key solvent-front mutations. Additionally, we highlight the challenges and opportunities for the next generation of kinase inhibitors directed toward overcoming solvent-front mutations.",chembl_document,ok,2026-03-05T18:41:37.229646+00:00
10.1021/acs.jmedchem.4c00899,39018526,"Acute respiratory viral infections, such as pneumovirus and respiratory picornavirus infections, exacerbate disease in COPD and asthma patients. A research program targeting respiratory syncytial virus (RSV) led to the discovery of GS-7682 (<b>1</b>), a novel phosphoramidate prodrug of a 4'-CN-4-aza-7,9-dideazaadenosine <i>C</i>-nucleoside GS-646089 (<b>2</b>) with broad antiviral activity against RSV (EC<sub>50</sub> = 3-46 nM), human metapneumovirus (EC<sub>50</sub> = 210 nM), human rhinovirus (EC<sub>50</sub> = 54-61 nM), and enterovirus (EC<sub>50</sub> = 83-90 nM). Prodrug optimization for cellular potency and lung cell metabolism identified 5'-methyl [(<i>S</i>)-hydroxy(phenoxy)phosphoryl]-l-alaninate in combination with 2',3'-diisobutyrate promoieties as being optimal for high levels of intracellular triphosphate formation <i>in vitro</i> and <i>in vivo</i>. <b>1</b> demonstrated significant reductions of viral loads in the lower respiratory tract of RSV-infected African green monkeys when administered once daily via intratracheal nebulized aerosol. Together, these findings support additional evaluation of <b>1</b> and its analogues as potential therapeutics for pneumo- and picornaviruses.",chembl_document,ok,2026-03-05T18:41:37.229646+00:00
10.1021/acs.jmedchem.4c01267,39248591,"The endemic nature of the Ebola virus disease in Africa underscores the need for prophylactic and therapeutic drugs that are affordable and easy to administer. Through a phenotypic screening employing viral pseudotypes and our in-house chemical library, we identified a promising hit featuring a thiophene scaffold, exhibiting antiviral activity in the micromolar range. Following up on this thiophene hit, a new series of compounds that retain the five-membered heterocyclic scaffold while modifying several substituents was synthesized. Initial screening using a pseudotype viral system and validation assays employing authentic Ebola virus demonstrated the potential of this new chemical class as viral entry inhibitors. Subsequent investigations elucidated the mechanism of action through site-directed mutagenesis. Furthermore, we conducted studies to assess the pharmacokinetic profile of selected compounds to confirm its pharmacological and therapeutic potential.",chembl_document,ok,2026-03-05T18:41:37.229646+00:00
10.1021/acs.jmedchem.4c01360,39106326,"Human tryptophan dioxygenase (TDO) and indoleamine 2,3-dioxygenase (IDO) are two important targets in cancer immunotherapy. Extensive research has led to a large number of potent IDO inhibitors; in addition, 52 structures of IDO in complex with inhibitors with a wide array of chemical scaffolds have been documented. In contrast, progress in the development of TDO inhibitors has been limited. Only four structures of TDO in complex with competitive inhibitors that compete with the substrate L-tryptophan for binding to the active site have been reported to date. Here we systematically evaluated the structures of TDO in complex with competitive inhibitors with three types of pharmacophores, imidazo-isoindole, indole-tetrazole, and indole-benzotriazole. The comparative assessment of the protein-inhibitor interactions sheds new light into the structure-based design of enzyme-selective inhibitors.",chembl_document,ok,2026-03-05T18:41:37.229646+00:00
10.1021/acs.jmedchem.5b00497,26509831,"The early effectiveness of combinatorial antiretroviral therapy (cART) in the treatment of HIV infection has been compromised to some extent by rapid development of multidrug-resistant HIV strains, poor bioavailability, and cumulative toxicities, and so there is a need for alternative strategies of antiretroviral drug discovery and additional therapeutic agents with novel action modes or targets. From this perspective, we first review current strategies of antiretroviral drug discovery and optimization, with the aid of selected examples from the recent literature. We highlight the development of phosphate ester-based prodrugs as a means to improve the aqueous solubility of HIV inhibitors, and the introduction of the substrate envelope hypothesis as a new approach for overcoming HIV drug resistance. Finally, we discuss future directions for research, including opportunities for exploitation of novel antiretroviral targets, and the strategy of activation of latent HIV reservoirs as a means to eradicate the virus.",chembl_document,ok,2026-03-05T18:41:37.229646+00:00
10.1021/acs.jmedchem.5b01161,26568144,"The farnesoid X receptor (FXR) is a member of the ""metabolic"" subfamily of nuclear receptors. Several FXR agonists have been reported in the literature to have profound effects on plasma lipids in animal models. To discover novel and effective therapies for dyslipidemia and atherosclerosis, we have developed a series of potent FXR agonists that robustly lower plasma LDL and vLDL in LDLr-/- mice. To this end the novel piperidinylisoxazole system LY2562175 was discovered. This molecule is a potent and selective FXR agonist in vitro and has robust lipid modulating properties, lowering LDL and triglycerides while raising HDL in preclinical species. The preclinical ADME properties of LY2562175 were consistent with enabling once daily dosing in humans, and it was ultimately advanced to the clinic for evaluation in humans. The synthesis and biological profile of this molecule is discussed.",pubmed_doi_fallback,ok,2026-03-05T18:36:04.167197+00:00
10.1021/acs.jmedchem.5b01372,26709102,"The discovery of vibegron, a potent and selective human β3-AR agonist for the treatment of overactive bladder (OAB), is described. An early-generation clinical β3-AR agonist MK-0634 (3) exhibited efficacy in humans for the treatment of OAB, but development was discontinued due to unacceptable structure-based toxicity in preclinical species. Optimization of a series of second-generation pyrrolidine-derived β3-AR agonists included reducing the risk for phospholipidosis, the risk of formation of disproportionate human metabolites, and the risk of formation of high levels of circulating metabolites in preclinical species. These efforts resulted in the discovery of vibegron, which possesses improved druglike properties and an overall superior preclinical profile compared to MK-0634. Structure-activity relationships leading to the discovery of vibegron and a summary of its preclinical profile are described.",chembl_document,ok,2026-03-05T18:41:37.229646+00:00
10.1021/acs.jmedchem.5b01430,26804933,"Here, we describe the design, synthesis, biological evaluation, and identification of a clinical candidate non-nucleoside reverse transcriptase inhibitors (NNRTIs) with a novel aryl-phospho-indole (APhI) scaffold. NNRTIs are recommended components of highly active antiretroviral therapy (HAART) for the treatment of HIV-1. Since a major problem associated with NNRTI treatment is the emergence of drug resistant virus, this work focused on optimization of the APhI against clinically relevant HIV-1 Y181C and K103N mutants and the Y181C/K103N double mutant. Optimization of the phosphinate aryl substituent led to the discovery of the 3-Me,5-acrylonitrile-phenyl analogue RP-13s (IDX899) having an EC50 of 11 nM against the Y181C/K103N double mutant.",chembl_document,ok,2026-03-05T18:41:37.229646+00:00
10.1021/acs.jmedchem.5b01483,26741947,"Inhibitors of the class I phosphoinositide 3-kinase (PI3K) isoform PI3Kα have received substantial attention for their potential use in cancer therapy. Despite the particular attraction of targeting PI3Kα, achieving selectivity for the inhibition of this isoform has proved challenging. Herein we report the discovery of inhibitors of PI3Kα that have selectivity over the other class I isoforms and all other kinases tested. In GDC-0032 (3, taselisib), we previously minimized inhibition of PI3Kβ relative to the other class I insoforms. Subsequently, we extended our efforts to identify PI3Kα-specific inhibitors using PI3Kα crystal structures to inform the design of benzoxazepin inhibitors with selectivity for PI3Kα through interactions with a nonconserved residue. Several molecules selective for PI3Kα relative to the other class I isoforms, as well as other kinases, were identified. Optimization of properties related to drug metabolism then culminated in the identification of the clinical candidate GDC-0326 (4).",chembl_document,ok,2026-03-05T18:41:37.229646+00:00
10.1021/acs.jmedchem.5b01485,26791529,"Natural products have played a pivotal role in malaria chemotherapy progressing from quinine and artemisinin to ozonide-based compounds. Many of these natural products have served as template for the design and development of antimalarial drugs currently in the clinic or in the development phase. In this review, we will detail those privileged scaffolds that have guided medicinal chemistry efforts yielding molecules that have reached the clinic.",chembl_document,ok,2026-03-05T18:41:37.229646+00:00
10.1021/acs.jmedchem.5b01498,26652717,"We discovered and developed a novel series of tetrahydropyridophthlazinones as poly(ADP-ribose) polymerase (PARP) 1 and 2 inhibitors. Lead optimization led to the identification of (8S,9R)-47 (talazoparib; BMN 673; (8S,9R)-5-fluoro-8-(4-fluorophenyl)-9-(1-methyl-1H-1,2,4-triazol-5-yl)-2,7,8,9-tetrahydro-3H-pyrido[4,3,2-de]phthalazin-3-one). The novel stereospecific dual chiral-center-embedded structure of this compound has enabled extensive and unique binding interactions with PARP1/2 proteins. (8S,9R)-47 demonstrates excellent potency, inhibiting PARP1 and PARP2 enzyme activity with Ki = 1.2 and 0.87 nM, respectively. It inhibits PARP-mediated PARylation in a whole-cell assay with an EC50 of 2.51 nM and prevents proliferation of cancer cells carrying mutant BRCA1/2, with EC50 = 0.3 nM (MX-1) and 5 nM (Capan-1), respectively. (8S,9R)-47 is orally available, displaying favorable pharmacokinetic (PK) properties and remarkable antitumor efficacy in the BRCA1 mutant MX-1 breast cancer xenograft model following oral administration as a single-agent or in combination with chemotherapy agents such as temozolomide and cisplatin. (8S,9R)-47 has completed phase 1 clinical trial and is currently being studied in phase 2 and 3 clinical trials for the treatment of locally advanced and/or metastatic breast cancer with germline BRCA1/2 deleterious mutations.",chembl_document,ok,2026-03-05T18:41:37.229646+00:00
10.1021/acs.jmedchem.5b01528,26954848,"A novel structural class of iminopyridine derivative 1 was identified as a potent and selective human α1D adrenoceptor (α1D adrenergic receptor; α1D-AR) antagonist against α1A- and α1B-AR through screening of an in-house compound library. From initial structure-activity relationship studies, we found lead compound 9m with hERG K(+) channel liability. To develop analogues with reduced hERG K(+) channel inhibition, a combination of site-directed mutagenesis and docking studies was employed. Further optimization led to the discovery of (R)-9s and 9u, which showed antagonistic activity by a bladder strip test in rats with bladder outlet obstruction, as well as ameliorated cystitis-induced urinary frequency in rats. Ultimately, 9u was selected as a clinical candidate. This is the first study to show the utility of iminopyridine derivatives as selective α1D-AR antagonists and evaluate their effects in vivo.",chembl_document,ok,2026-03-05T18:41:37.229646+00:00
10.1021/acs.jmedchem.5b01599,26745766,"The autotaxin-lysophophatidic acid (ATX-LPA) signaling pathway is implicated in a variety of human disease states including angiogenesis, autoimmune diseases, cancer, fibrotic diseases, inflammation, neurodegeneration, and neuropathic pain, among others. As a result, ATX-LPA has become of significant interest within both the industrial and the academic communities. This review aims to provide a concise overview of the development of novel ATX inhibitors, including the disclosure of the first ATX clinical trial data.",chembl_document,ok,2026-03-05T18:41:37.229646+00:00
10.1021/acs.jmedchem.5b01647,26861551,"Induction of IFNα in the upper airways via activation of TLR7 represents a novel immunomodulatory approach to the treatment of allergic asthma. Exploration of 8-oxoadenine derivatives bearing saturated oxygen or nitrogen heterocycles in the N-9 substituent has revealed a remarkable selective enhancement in IFNα inducing potency in the nitrogen series. Further potency enhancement was achieved with the novel (S)-pentyloxy substitution at C-2 leading to the selection of GSK2245035 (32) as an intranasal development candidate. In human cell cultures, compound 32 resulted in suppression of Th2 cytokine responses to allergens, while in vivo intranasal administration at very low doses led to local upregulation of TLR7-mediated cytokines (IP-10). Target engagement was confirmed in humans following single intranasal doses of 32 of ≥20 ng, and reproducible pharmacological response was demonstrated following repeat intranasal dosing at weekly intervals.",chembl_document,ok,2026-03-05T18:41:37.229646+00:00
10.1021/acs.jmedchem.5b01654,26741166,A novel series of melanin concentrating hormone receptor 1 (MCHr1) antagonists were the starting point for a drug discovery program that culminated in the discovery of 103 (AZD1979). The lead optimization program was conducted with a focus on reducing lipophilicity and understanding the physicochemical properties governing CNS exposure and undesired off-target pharmacology such as hERG interactions. An integrated approach was taken where the key assay was ex vivo receptor occupancy in mice. The candidate compound 103 displayed appropriate lipophilicity for a CNS indication and showed excellent permeability with no efflux. Preclinical GLP toxicology and safety pharmacology studies were without major findings and 103 was taken into clinical trials.,chembl_document,ok,2026-03-05T18:41:37.229646+00:00
10.1021/acs.jmedchem.5b01716,26812066,"Deregulation of the receptor tyrosine kinase mesenchymal epithelial transition factor (MET) has been implicated in several human cancers and is an attractive target for small molecule drug discovery. Herein, we report the discovery of compound 23 (AMG 337), which demonstrates nanomolar inhibition of MET kinase activity, desirable preclinical pharmacokinetics, significant inhibition of MET phosphorylation in mice, and robust tumor growth inhibition in a MET-dependent mouse efficacy model.",chembl_document,ok,2026-03-05T18:41:37.229646+00:00
10.1021/acs.jmedchem.5b01751,26789933,"A diverse set of 3-aminopyrazolo[3,4-d]pyrimidinones was designed and synthesized. The structure-activity relationships of these polycyclic compounds as phosphodiesterase 1 (PDE1) inhibitors were studied along with their physicochemical and pharmacokinetic properties. Systematic optimizations of this novel scaffold culminated in the identification of a clinical candidate, (6aR,9aS)-2-(4-(6-fluoropyridin-2-yl)benzyl)-5-methyl-3-(phenylamino)-5,6a,7,8,9,9a-hexahydrocyclopenta[4,5]imidazo[1,2-a]pyrazolo[4,3-e]pyrimidin-4-(2H)-one phosphate (ITI-214), which exhibited picomolar inhibitory potency for PDE1, demonstrated excellent selectivity against all other PDE families and showed good efficacy in vivo. Currently, this investigational new drug is in Phase I clinical development and being considered for the treatment of several indications including cognitive deficits associated with schizophrenia and Alzheimer's disease, movement disorders, attention deficit and hyperactivity disorders, and other central nervous system (CNS) and non-CNS disorders.",chembl_document,ok,2026-03-05T18:41:37.229646+00:00
10.1021/acs.jmedchem.5b01882,26815195,"In recent years, inhibition of the interaction between the bromodomain and extra-terminal domain (BET) family of chromatin adaptors and acetyl-lysine residues on chromatin has emerged as a promising approach to regulate the expression of important disease-relevant genes, including MYC, BCL-2, and NF-κB. Here we describe the identification and characterization of a potent and selective benzoisoxazoloazepine BET bromodomain inhibitor that attenuates BET-dependent gene expression in vivo, demonstrates antitumor efficacy in an MV-4-11 mouse xenograft model, and is currently undergoing human clinical trials for hematological malignancies (CPI-0610).",chembl_document,ok,2026-03-05T18:41:37.229646+00:00
10.1021/acs.jmedchem.5b01985,27433829,"Over the past decade, first and second generation EGFR inhibitors have significantly improved outcomes for lung cancer patients with activating mutations in EGFR. However, both resistance through a secondary T790M mutation at the gatekeeper residue and dose-limiting toxicities from wild-type (WT) EGFR inhibition ultimately limit the full potential of these therapies to control mutant EGFR-driven tumors and new therapies are urgently needed. Herein, we describe our approach toward the discovery of 47 (EGF816, nazartinib), a novel, covalent mutant-selective EGFR inhibitor with equipotent activity on both oncogenic and T790M-resistant EGFR mutations. Through molecular docking studies we converted a mutant-selective high-throughput screening hit (7) into a number of targeted covalent EGFR inhibitors with equipotent activity across mutants EGFR and good WT-EGFR selectivity. We used an abbreviated in vivo efficacy study for prioritizing compounds with good tolerability and efficacy that ultimately led to the selection of 47 as the clinical candidate.",chembl_document,ok,2026-03-05T18:41:37.229646+00:00
10.1021/acs.jmedchem.6b00055,27416328,"Poly(ADP-ribose)polymerase-1 (PARP-1) is a critical DNA repair enzyme in the base excision repair pathway. Inhibitors of this enzyme comprise a new type of anticancer drug that selectively kills cancer cells by targeting homologous recombination repair defects. Since 2010, important advances have been achieved in PARP-1 inhibitors. Specifically, the approval of olaparib in 2014 for the treatment of ovarian cancer with BRCA mutations validated PARP-1 as an anticancer target and established its clinical importance in cancer therapy. Here, we provide an update on PARP-1 inhibitors, focusing on breakthroughs in their clinical applications and investigations into relevant mechanisms of action, biomarkers, and drug resistance. We also provide an update on the design strategies and the structural types of PARP-1 inhibitors. Opportunities and challenges in PARP-1 inhibitors for cancer therapy will be discussed based on the above advances.",chembl_document,ok,2026-03-05T18:41:37.229646+00:00
10.1021/acs.jmedchem.6b00064,27003761,"Anaplastic lymphoma kinase (ALK) is a receptor tyrosine kinase responsible for the development of different tumor types. Despite the remarkable clinical activity of crizotinib (Xalkori), the first ALK inhibitor approved in 2011, the emergence of resistance mutations and of brain metastases frequently causes relapse in patients. Within our ALK drug discovery program, we identified compound 1, a novel 3-aminoindazole active on ALK in biochemical and in cellular assays. Its optimization led to compound 2 (entrectinib), a potent orally available ALK inhibitor active on ALK-dependent cell lines, efficiently penetrant the blood-brain barrier (BBB) in different animal species and highly efficacious in in vivo xenograft models. Moreover, entrectinib resulted to be strictly potent on the closely related tyrosine kinases ROS1 and TRKs recently found constitutively activated in several tumor types. Entrectinib is currently undergoing phase I/II clinical trial for the treatment of patients affected by ALK-, ROS1-, and TRK-positive tumors.",chembl_document,ok,2026-03-05T18:41:37.229646+00:00
10.1021/acs.jmedchem.6b00070,27528113,"Here we report the discovery and optimization of a series of bivalent bromodomain and extraterminal inhibitors. Starting with the observation of BRD4 activity of compounds from a previous program, the compounds were optimized for BRD4 potency and physical properties. The optimized compound from this campaign exhibited excellent pharmacokinetic profile and exhibited high potency in vitro and in vivo effecting c-Myc downregulation and tumor growth inhibition in xenograft studies. This compound was selected as the development candidate, AZD5153. The series showed enhanced potency as a result of bivalent binding and a clear correlation between BRD4 activity and cellular potency.",chembl_document,ok,2026-03-05T18:41:37.229646+00:00
10.1021/acs.jmedchem.6b00280,27355974,"The HGF/MET pathway is frequently activated in a variety of cancer types. Several selective small molecule inhibitors of the MET kinase are currently in clinical evaluation, in particular for NSCLC, liver, and gastric cancer patients. We report herein the discovery of a series of triazolopyridazines that are selective inhibitors of wild-type (WT) MET kinase and several clinically relevant mutants. We provide insight into their mode of binding and report unprecedented crystal structures of the Y1230H variant. A multiparametric chemical optimization approach allowed the identification of compound 12 (SAR125844) as a development candidate. In this chemical series, absence of CYP3A4 inhibition was obtained at the expense of satisfactory oral absorption. Compound 12, a promising parenteral agent for the treatment of MET-dependent cancers, promoted sustained target engagement at tolerated doses in a human xenograft tumor model. Preclinical pharmacokinetics conducted in several species were predictive for the observed pharmacokinetic behavior of 12 in cancer patients.",chembl_document,ok,2026-03-05T18:41:37.229646+00:00
10.1021/acs.jmedchem.6b00306,27144831,"In the treatment of echinoderm microtubule-associated protein-like 4 (EML4)-anaplastic lymphoma kinase positive (ALK+) non-small-cell lung cancer (NSCLC), secondary mutations within the ALK kinase domain have emerged as a major resistance mechanism to both first- and second-generation ALK inhibitors. This report describes the design and synthesis of a series of 2,4-diarylaminopyrimidine-based potent and selective ALK inhibitors culminating in identification of the investigational clinical candidate brigatinib. A unique structural feature of brigatinib is a phosphine oxide, an overlooked but novel hydrogen-bond acceptor that drives potency and selectivity in addition to favorable ADME properties. Brigatinib displayed low nanomolar IC50s against native ALK and all tested clinically relevant ALK mutants in both enzyme-based biochemical and cell-based viability assays and demonstrated efficacy in multiple ALK+ xenografts in mice, including Karpas-299 (anaplastic large-cell lymphomas [ALCL]) and H3122 (NSCLC). Brigatinib represents the most clinically advanced phosphine oxide-containing drug candidate to date and is currently being evaluated in a global phase 2 registration trial.",chembl_document,ok,2026-03-05T18:41:37.229646+00:00
10.1021/acs.jmedchem.6b00307,27933948,"Verubecestat 3 (MK-8931), a diaryl amide-substituted 3-imino-1,2,4-thiadiazinane 1,1-dioxide derivative, is a high-affinity β-site amyloid precursor protein cleaving enzyme 1 (BACE1) inhibitor currently undergoing Phase 3 clinical evaluation for the treatment of mild to moderate and prodromal Alzheimer's disease. Although not selective over the closely related aspartyl protease BACE2, verubecestat has high selectivity for BACE1 over other key aspartyl proteases, notably cathepsin D, and profoundly lowers CSF and brain Aβ levels in rats and nonhuman primates and CSF Aβ levels in humans. In this annotation, we describe the discovery of 3, including design, validation, and selected SAR around the novel iminothiadiazinane dioxide core as well as aspects of its preclinical and Phase 1 clinical characterization.",pubmed_doi_fallback,ok,2026-03-05T18:36:04.167197+00:00
10.1021/acs.jmedchem.6b00389,27227380,"The extracellular signal-regulated kinases ERK1/2 represent an essential node within the RAS/RAF/MEK/ERK signaling cascade that is commonly activated by oncogenic mutations in BRAF or RAS or by upstream oncogenic signaling. While targeting upstream nodes with RAF and MEK inhibitors has proven effective clinically, resistance frequently develops through reactivation of the pathway. Simultaneous targeting of multiple nodes in the pathway, such as MEK and ERK, offers the prospect of enhanced efficacy as well as reduced potential for acquired resistance. Described herein is the discovery and characterization of GDC-0994 (22), an orally bioavailable small molecule inhibitor selective for ERK kinase activity.",chembl_document,ok,2026-03-05T18:41:37.229646+00:00
10.1021/acs.jmedchem.6b00459,27299419,"Spinal muscular atrophy (SMA) is the leading genetic cause of infant and toddler mortality, and there is currently no approved therapy available. SMA is caused by mutation or deletion of the survival motor neuron 1 (SMN1) gene. These mutations or deletions result in low levels of functional SMN protein. SMN2, a paralogous gene to SMN1, undergoes alternative splicing and exclusion of exon 7, producing an unstable, truncated SMNΔ7 protein. Herein, we report the identification of a pyridopyrimidinone series of small molecules that modify the alternative splicing of SMN2, increasing the production of full-length SMN2 mRNA. Upon oral administration of our small molecules, the levels of full-length SMN protein were restored in two mouse models of SMA. In-depth lead optimization in the pyridopyrimidinone series culminated in the selection of compound 3 (RG7800), the first small molecule SMN2 splicing modifier to enter human clinical trials.",chembl_document,ok,2026-03-05T18:41:37.229646+00:00
10.1021/acs.jmedchem.6b00460,27299569,"The underlying cause of spinal muscular atrophy (SMA) is a deficiency of the survival motor neuron (SMN) protein. Starting from hits identified in a high-throughput screening campaign and through structure-activity relationship investigations, we have developed small molecules that potently shift the alternative splicing of the SMN2 exon 7, resulting in increased production of the full-length SMN mRNA and protein. Three novel chemical series, represented by compounds 9, 14, and 20, have been optimized to increase the level of SMN protein by >50% in SMA patient-derived fibroblasts at concentrations of <160 nM. Daily administration of these compounds to severe SMA Δ7 mice results in an increased production of SMN protein in disease-relevant tissues and a significant increase in median survival time in a dose-dependent manner. Our work supports the development of an orally administered small molecule for the treatment of patients with SMA.",pubmed_doi_fallback,ok,2026-03-05T18:36:04.167197+00:00
10.1021/acs.jmedchem.6b00485,27336583,"The clinical management of prosthetic joint infections and other persistent bacterial infections represents a major unmet medical need. The rifamycins are one of the most potent antibiotic classes against persistent bacterial infections, but bacteria can develop resistance to rifamycins rapidly and the clinical utility of the rifamycin class is typically limited to antibiotic combinations to minimize the development of resistance. To develop a better therapy against persistent bacterial infections, a series of rifamycin based bifunctional molecules were designed, synthesized, and evaluated with the goal to identify a dual-acting drug that maintains the potent activity of rifamycins against persistent pathogens and at the same time minimize the development of rifamycin resistance. TNP-2092 was identified as a drug candidate and is currently in an early stage of clinical development for the treatment of prosthetic joint infections.",pubmed_doi_fallback,ok,2026-03-05T18:36:04.167197+00:00
10.1021/acs.jmedchem.6b00487,27527804,"Analogues structurally related to anaplastic lymphoma kinase (ALK) inhibitor 1 were optimized for metabolic stability. The results from this endeavor not only led to improved metabolic stability, pharmacokinetic parameters, and in vitro activity against clinically derived resistance mutations but also led to the incorporation of activity for focal adhesion kinase (FAK). FAK activation, via amplification and/or overexpression, is characteristic of multiple invasive solid tumors and metastasis. The discovery of the clinical stage, dual FAK/ALK inhibitor 27b, including details surrounding SAR, in vitro/in vivo pharmacology, and pharmacokinetics, is reported herein.",chembl_document,ok,2026-03-05T18:41:37.229646+00:00
10.1021/acs.jmedchem.6b00515,27512831,"A new enhancer of zeste homolog 2 (EZH2) inhibitor series comprising a substituted phenyl ring joined to a dimethylpyridone moiety via an amide linkage has been designed. A preferential amide torsion that improved the binding properties of the compounds was identified for this series via computational analysis. Cyclization of the amide linker resulted in a six-membered lactam analogue, compound 18. This transformation significantly improved the ligand efficiency/potency of the cyclized compound relative to its acyclic analogue. Additional optimization of the lactam-containing EZH2 inhibitors focused on lipophilic efficiency (LipE) improvement, which provided compound 31. Compound 31 displayed improved LipE and on-target potency in both biochemical and cellular readouts relative to compound 18. Inhibitor 31 also displayed robust in vivo antitumor growth activity and dose-dependent de-repression of EZH2 target genes.",pubmed_doi_fallback,ok,2026-03-05T18:36:04.167197+00:00
10.1021/acs.jmedchem.6b00821,27564532,"The discovery of a back-up to the hepatitis C virus NS3 protease inhibitor asunaprevir (2) is described. The objective of this work was the identification of a drug with antiviral properties and toxicology parameters similar to 2, but with a preclinical pharmacokinetic (PK) profile that was predictive of once-daily dosing. Critical to this discovery process was the employment of an ex vivo cardiovascular (CV) model which served to identify compounds that, like 2, were free of the CV liabilities that resulted in the discontinuation of BMS-605339 (1) from clinical trials. Structure-activity relationships (SARs) at each of the structural subsites in 2 were explored with substantial improvement in PK through modifications at the P1 site, while potency gains were found with small, but rationally designed structural changes to P4. Additional modifications at P3 were required to optimize the CV profile, and these combined SARs led to the discovery of BMS-890068 (29).",chembl_document,ok,2026-03-05T18:41:37.229646+00:00
10.1021/acs.jmedchem.6b00850,27766865,"The neurotrophin family of growth factors, comprised of nerve growth factor (NGF), brain derived neurotrophic factor (BDNF), neurotrophin 3 (NT3), and neurotrophin 4 (NT4), is implicated in the physiology of chronic pain. Given the clinical efficacy of anti-NGF monoclonal antibody (mAb) therapies, there is significant interest in the development of small molecule modulators of neurotrophin activity. Neurotrophins signal through the tropomyosin related kinase (Trk) family of tyrosine kinase receptors, hence Trk kinase inhibition represents a potentially ""druggable"" point of intervention. To deliver the safety profile required for chronic, nonlife threatening pain indications, highly kinase-selective Trk inhibitors with minimal brain availability are sought. Herein we describe how the use of SBDD, 2D QSAR models, and matched molecular pair data in compound design enabled the delivery of the highly potent, kinase-selective, and peripherally restricted clinical candidate PF-06273340.",chembl_document,ok,2026-03-05T18:41:37.229646+00:00
10.1021/acs.jmedchem.6b00866,27490827,"Adenosine monophosphate-activated protein kinase (AMPK) is a protein kinase involved in maintaining energy homeostasis within cells. On the basis of human genetic association data, AMPK activators were pursued for the treatment of diabetic nephropathy. Identification of an indazole amide high throughput screening (HTS) hit followed by truncation to its minimal pharmacophore provided an indazole acid lead compound. Optimization of the core and aryl appendage improved oral absorption and culminated in the identification of indole acid, PF-06409577 (7). Compound 7 was advanced to first-in-human trials for the treatment of diabetic nephropathy.",chembl_document,ok,2026-03-05T18:41:37.229646+00:00
10.1021/acs.jmedchem.6b00871,28072531,"The design and synthesis of a new series of potent non-prostanoid IP receptor agonists that showed oral efficacy in the rat monocrotaline model of pulmonary arterial hypertension (PAH) are described. Detailed profiling of a number of analogues resulted in the identification of 5c (ralinepag) that has good selectivity in both binding and functional assays with respect to most members of the prostanoid receptor family and a more modest 30- to 50-fold selectivity over the EP3 receptor. In our hands, its potency and efficacy are comparable or superior to MRE269 (the active metabolite of the clinical compound NS-304) with respect to in vitro IP receptor dependent cAMP accumulation assays. 5c had an excellent PK profile across species. Enterohepatic recirculation most probably contributes to a concentration-time profile after oral administration in the cynomolgus monkey that showed a very low peak-to-trough ratio. Following the identification of an acceptable solid form, 5c was selected for further development for the treatment of PAH.",chembl_document,ok,2026-03-05T18:41:37.229646+00:00
10.1021/acs.jmedchem.6b00892,27749056,"The G protein-coupled receptor 40 (GPR40) also known as free fatty acid receptor 1 (FFAR1) is highly expressed in pancreatic, islet β-cells and responds to endogenous fatty acids, resulting in amplification of insulin secretion only in the presence of elevated glucose levels. Hypothesis driven structural modifications to endogenous FFAs, focused on breaking planarity and reducing lipophilicity, led to the identification of spiropiperidine and tetrahydroquinoline acid derivatives as GPR40 agonists with unique pharmacology, selectivity, and pharmacokinetic properties. Compounds 1 (LY2881835), 2 (LY2922083), and 3 (LY2922470) demonstrated potent, efficacious, and durable dose-dependent reductions in glucose levels along with significant increases in insulin and GLP-1 secretion during preclinical testing. A clinical study with 3 administered to subjects with T2DM provided proof of concept of 3 as a potential glucose-lowering therapy. This manuscript summarizes the scientific rationale, medicinal chemistry, preclinical, and early development data of this new class of GPR40 agonists.",pubmed_doi_fallback,ok,2026-03-05T18:36:04.167197+00:00
10.1021/acs.jmedchem.6b00939,27690427,"Late sodium current (late I) is enhanced during ischemia by reactive oxygen species (ROS) modifying the Na 1.5 channel, resulting in incomplete inactivation. Compound 4 (GS-6615, eleclazine) a novel, potent, and selective inhibitor of late I, is currently in clinical development for treatment of long QT-3 syndrome (LQT-3), hypertrophic cardiomyopathy (HCM), and ventricular tachycardia-ventricular fibrillation (VT-VF). We will describe structure-activity relationship (SAR) leading to the discovery of 4 that is vastly improved from the first generation late I inhibitor 1 (ranolazine). Compound 4 was 42 times more potent than 1 in reducing ischemic burden in vivo (S-T segment elevation, 15 min left anteriorior descending, LAD, occlusion in rabbits) with EC values of 190 and 8000 nM, respectively. Compound 4 represents a new class of potent late I inhibitors that will be useful in delineating the role of inhibitors of this current in the treatment of patients.",chembl_document,ok,2026-03-05T18:41:37.229646+00:00
10.1021/acs.jmedchem.6b01088,27583770,"Bruton's tyrosine kinase (BTK), a nonreceptor tyrosine kinase, is a member of the Tec family of kinases. BTK plays an essential role in B cell receptor (BCR)-mediated signaling as well as Fcγ receptor signaling in monocytes and Fcε receptor signaling in mast cells and basophils, all of which have been implicated in the pathophysiology of autoimmune disease. As a result, inhibition of BTK is anticipated to provide an effective strategy for the clinical treatment of autoimmune diseases such as lupus and rheumatoid arthritis. This article details the structure-activity relationships (SAR) leading to a novel series of highly potent and selective carbazole and tetrahydrocarbazole based, reversible inhibitors of BTK. Of particular interest is that two atropisomeric centers were rotationally locked to provide a single, stable atropisomer, resulting in enhanced potency and selectivity as well as a reduction in safety liabilities. With significantly enhanced potency and selectivity, excellent in vivo properties and efficacy, and a very desirable tolerability and safety profile, 14f (BMS-986142) was advanced into clinical studies.",chembl_document,ok,2026-03-05T18:41:37.229646+00:00
10.1021/acs.jmedchem.6b01127,27690432,"A novel series of second generation DPP1 inhibitors free from aorta binding liabilities found for earlier compound series was discovered. This work culminated in the identification of compound 30 (AZD7986) as a highly potent, reversible, and selective clinical candidate for COPD, with predicted human PK properties suitable for once daily human dosing.",chembl_document,ok,2026-03-05T18:41:37.229646+00:00
10.1021/acs.jmedchem.6b01156,27933954,"The fibroblast growth factor receptor (FGFR) family of receptor tyrosine kinases regulates multiple biological processes, such as cell proliferation, migration, apoptosis, and differentiation. Various genetic alterations that drive activation of the receptors and the pathway are associated with tumor growth and survival; therefore, the FGFR family represents an attractive therapeutic target for treating cancer. Here, we report the discovery and the pharmacological profiles of 8 (CH5183284/Debio 1347), an orally available and selective inhibitor of FGFR1, FGFR2, and FGFR3. The chemical modifications, which were guided by 3D-modeling analyses of the inhibitor and FGFRs, led to identifying an inhibitor that is selective to FGFR1, FGFR2, and FGFR3. In in vitro studies and xenograft models in mice, 8 shows antitumor activity against cancer cell lines that harbor genetically altered FGFRs. These results support the potential therapeutic use of 8 as a new anticancer agent.",chembl_document,ok,2026-03-05T18:41:37.229646+00:00
10.1021/acs.jmedchem.6b01242,28002958,"The discovery of novel 4-hydroxy-2-(heterocyclic)pyrimidine-5-carboxamide inhibitors of hypoxia-inducible factor (HIF) prolyl hydroxylases (PHD) is described. These are potent, selective, orally bioavailable across several species, and active in stimulating erythropoiesis. Mouse and rat studies showed hematological changes with elevations of plasma EPO and circulating reticulocytes following single oral dose administration, while 4-week q.d. po administration in rat elevated hemoglobin levels. A major focus of the optimization process was to decrease the long half-life observed in higher species with early compounds. These efforts led to the identification of 28 (MK-8617), which has advanced to human clinical trials for anemia.",chembl_document,ok,2026-03-05T18:41:37.229646+00:00
10.1021/acs.jmedchem.6b01270,28112925,"Autotaxin (ATX, aka. ENPP2) is the main source of the lipid mediator lysophosphatidic acid (LPA) in biological fluids. This study reports on inhibitors of ATX derived by lead optimization of the benzene-sulfonamide in silico hit compound 3. The new analogues provide a comprehensive structure-activity relationship of the benzene-sulfonamide scaffold that yielded a series of highly potent ATX inhibitors. The three most potent analogues (3a, IC50 ∼ 32 nM; 3b, IC50 ∼ 9 nM; and 14, IC50 ∼ 35 nM) inhibit ATX-dependent invasion of A2058 human melanoma cells in vitro. Two of the most potent compounds, 3b and 3f (IC50 ∼ 84 nM), lack inhibitory action on ENPP6 and ENPP7 but possess weak antagonist action specific to the LPA1 G protein-coupled receptor. In particular, compound 3b potently reduced in vitro chemotherapeutic resistance of 4T1 breast cancer stem-like cells to paclitaxel and significantly reduced B16 melanoma metastasis in vivo.",chembl_document,ok,2026-03-05T18:41:37.229646+00:00
10.1021/acs.jmedchem.6b01310,27808515,"We describe the research that led to the discovery of compound 40 (ruzasvir, MK-8408), a pan-genotypic HCV nonstructural protein 5A (NS5A) inhibitor with a ""flat"" GT1 mutant profile. This NS5A inhibitor contains a unique tetracyclic indole core while maintaining the imidazole-proline-valine Moc motifs of our previous NS5A inhibitors. Compound 40 is currently in early clinical trials and is under evaluation as part of an all-oral DAA regimen for the treatment of chronic HCV infection.",chembl_document,ok,2026-03-05T18:41:37.229646+00:00
10.1021/acs.jmedchem.6b01315,27739677,"Polycomb repressive complex 2 (PRC2) has been shown to play a major role in transcriptional silencing in part by installing methylation marks on lysine 27 of histone 3. Dysregulation of PRC2 function correlates with certain malignancies and poor prognosis. EZH2 is the catalytic engine of the PRC2 complex and thus represents a key candidate oncology target for pharmacological intervention. Here we report the optimization of our indole-based EZH2 inhibitor series that led to the identification of CPI-1205, a highly potent (biochemical IC = 0.002 μM, cellular EC = 0.032 μM) and selective inhibitor of EZH2. This compound demonstrates robust antitumor effects in a Karpas-422 xenograft model when dosed at 160 mg/kg BID and is currently in Phase I clinical trials. Additionally, we disclose the co-crystal structure of our inhibitor series bound to the human PRC2 complex.",chembl_document,ok,2026-03-05T18:41:37.229646+00:00
10.1021/acs.jmedchem.6b01586,28052200,"Building on insights gained from the discovery of the antimalarial ozonide arterolane (OZ277), we now describe the structure-activity relationship (SAR) of the antimalarial ozonide artefenomel (OZ439). Primary and secondary amino ozonides had higher metabolic stabilities than tertiary amino ozonides, consistent with their higher pKa and lower log D7.4 values. For primary amino ozonides, addition of polar functional groups decreased in vivo antimalarial efficacy. For secondary amino ozonides, additional functional groups had variable effects on metabolic stability and efficacy, but the most effective members of this series also had the highest log D7.4 values. For tertiary amino ozonides, addition of polar functional groups with H-bond donors increased metabolic stability but decreased in vivo antimalarial efficacy. Primary and tertiary amino ozonides with cycloalkyl and heterocycle substructures were superior to their acyclic counterparts. The high curative efficacy of these ozonides was most often associated with high and prolonged plasma exposure, but exposure on its own did not explain the presence or absence of either curative efficacy or in vivo toxicity.",chembl_document,ok,2026-03-05T18:41:37.229646+00:00
10.1021/acs.jmedchem.6b01594,28124907,"The recent Ebola virus (EBOV) outbreak in West Africa was the largest recorded in history with over 28,000 cases, resulting in >11,000 deaths including >500 healthcare workers. A focused screening and lead optimization effort identified 4b (GS-5734) with anti-EBOV EC50 = 86 nM in macrophages as the clinical candidate. Structure activity relationships established that the 1'-CN group and C-linked nucleobase were critical for optimal anti-EBOV potency and selectivity against host polymerases. A robust diastereoselective synthesis provided sufficient quantities of 4b to enable preclinical efficacy in a non-human-primate EBOV challenge model. Once-daily 10 mg/kg iv treatment on days 3-14 postinfection had a significant effect on viremia and mortality, resulting in 100% survival of infected treated animals [ Nature 2016 , 531 , 381 - 385 ]. A phase 2 study (PREVAIL IV) is currently enrolling and will evaluate the effect of 4b on viral shedding from sanctuary sites in EBOV survivors.",chembl_document,ok,2026-03-05T18:41:37.229646+00:00
10.1021/acs.jmedchem.6b01634,27983835,"By use of a structure-based computational method for identification of structurally novel Janus kinase (JAK) inhibitors predicted to bind beyond the ATP binding site, a potent series of indazoles was identified as selective pan-JAK inhibitors with a type 1.5 binding mode. Optimization of the series for potency and increased duration of action commensurate with inhaled or topical delivery resulted in potent pan-JAK inhibitor 2 (PF-06263276), which was advanced into clinical studies.",chembl_document,ok,2026-03-05T18:41:37.229646+00:00
10.1021/acs.jmedchem.6b01647,28613871,"The anti-inflammatory potential of p38 mitogen-activated protein kinase (MAPK) inhibitors was coincidentally expanded to a dual inhibition of p38α MAPK and phosphodiesterase 4 (PDE4), and the potential benefits arising from the blockage of both inflammation-related enzymes were thoroughly investigated. The most promising compound, CBS-3595 (1), was successively evaluated in in vitro experiments as well as in ex vivo and in vivo preclinical studies after administration of 1 to rodents, dogs, and monkeys. The resulting data clearly indicated a potent suppression of tumor necrosis factor alpha release. For reconfirming the findings of the animal studies when administering 1 to healthy human volunteers, a phase I clinical trial was conducted. Apart from further information regarding the pharmacokinetic and pharmacodynamic characteristics of 1, it was demonstrated that dual inhibition of p38α MAPK and PDE4 is able to synergistically attenuate the excessive anti-inflammatory response.",chembl_document,ok,2026-03-05T18:41:37.229646+00:00
10.1021/acs.jmedchem.6b01662,28212021,"Optimization of a novel series of 3-(piperazinylmethyl) indole derivatives as 5-hydroxytryptamine-6 receptor (5-HT6R) antagonists resulted in identification of 1-[(2-bromophenyl)sulfonyl]-5-methoxy-3-[(4-methyl-1-piperazinyl)methyl]-1H-indole dimesylate monohydrate (5al, SUVN-502) as a clinical candidate for potential treatment of cognitive disorders. It has high affinity at human 5-HT6R (Ki = 2.04 nM) and selectivity over 100 target sites which include receptors, enzymes, peptides, growth factors, ion channels, steroids, immunological factors, second messengers, and prostaglandins. It has high selectivity over 5-HT2A receptor. It is orally bioavailable and brain penetrant with robust preclinical efficacy. The combination of 5al, donepezil, and memantine (triple combination) produces synergistic effects in extracellular levels of acetylcholine in the ventral hippocampus. Preclinical efficacy in triple combination and high selectivity over 5-HT2A receptors are the differentiating features which culminated in selection of 5al for further development. The Phase-1 evaluation of safety and pharmacokinetics has been completed, allowing for the initiation of a Phase-2 proof of concept study.",pubmed_doi_fallback,ok,2026-03-05T18:36:04.167197+00:00
10.1021/acs.jmedchem.6b01665,28339198,"We previously reported the design of spirooxindoles with two identical substituents at the carbon-2 of the pyrrolidine core as potent MDM2 inhibitors. In this paper we describe an extensive structure-activity relationship study of this class of MDM2 inhibitors, which led to the discovery of 60 (AA-115/APG-115). Compound 60 has a very high affinity to MDM2 (Ki < 1 nM), potent cellular activity, and an excellent oral pharmacokinetic profile. Compound 60 is capable of achieving complete and long-lasting tumor regression in vivo and is currently in phase I clinical trials for cancer treatment.",chembl_document,ok,2026-03-05T18:41:37.229646+00:00
10.1021/acs.jmedchem.6b01694,28139931,"Significant work has been dedicated to the discovery of JAK kinase inhibitors resulting in several compounds entering clinical development and two FDA approved NMEs. However, despite significant effort during the past 2 decades, identification of highly selective JAK3 inhibitors has eluded the scientific community. A significant effort within our research organization has resulted in the identification of the first orally active JAK3 specific inhibitor, which achieves JAK isoform specificity through covalent interaction with a unique JAK3 residue Cys-909. The relatively rapid resynthesis rate of the JAK3 enzyme presented a unique challenge in the design of covalent inhibitors with appropriate pharmacodynamics properties coupled with limited unwanted off-target reactivity. This effort resulted in the identification of 11 (PF-06651600), a potent and low clearance compound with demonstrated in vivo efficacy. The favorable efficacy and safety profile of this JAK3-specific inhibitor 11 led to its evaluation in several human clinical studies.",chembl_document,ok,2026-03-05T18:41:37.229646+00:00
10.1021/acs.jmedchem.6b01751,28151659,"RIP1 regulates necroptosis and inflammation and may play an important role in contributing to a variety of human pathologies, including immune-mediated inflammatory diseases. Small-molecule inhibitors of RIP1 kinase that are suitable for advancement into the clinic have yet to be described. Herein, we report our lead optimization of a benzoxazepinone hit from a DNA-encoded library and the discovery and profile of clinical candidate GSK2982772 (compound 5), currently in phase 2a clinical studies for psoriasis, rheumatoid arthritis, and ulcerative colitis. Compound 5 potently binds to RIP1 with exquisite kinase specificity and has excellent activity in blocking many TNF-dependent cellular responses. Highlighting its potential as a novel anti-inflammatory agent, the inhibitor was also able to reduce spontaneous production of cytokines from human ulcerative colitis explants. The highly favorable physicochemical and ADMET properties of 5, combined with high potency, led to a predicted low oral dose in humans.",chembl_document,ok,2026-03-05T18:41:37.229646+00:00
10.1021/acs.jmedchem.6b01761,28195723,"BRD4, the most extensively studied member of the BET family, is an epigenetic regulator that localizes to DNA via binding to acetylated histones and controls the expression of therapeutically important gene regulatory networks through the recruitment of transcription factors to form mediator complexes, phosphorylating RNA polymerase II, and by its intrinsic histone acetyltransferase activity. Disrupting the protein-protein interactions between BRD4 and acetyl-lysine has been shown to effectively block cell proliferation in cancer, cytokine production in acute inflammation, and so forth. To date, significant efforts have been devoted to the development of BRD4 inhibitors, and consequently, a dozen have progressed to human clinical trials. Herein, we summarize the advances in drug discovery and development of BRD4 inhibitors by focusing on their chemotypes, in vitro and in vivo activity, selectivity, relevant mechanisms of action, and therapeutic potential. Opportunities and challenges to achieve selective and efficacious BRD4 inhibitors as a viable therapeutic strategy for human diseases are also highlighted.",chembl_document,ok,2026-03-05T18:41:37.229646+00:00
10.1021/acs.jmedchem.6b01889,28418664,"We have recently disclosed 5-phenyl-N-(pyridin-2-ylmethyl)-2-(pyrimidin-5-yl)quinazolin-4-amine 1 as a potent IKur current blocker with selectivity versus hERG, Na and Ca channels, and an acceptable preclinical PK profile. Upon further characterization in vivo, compound 1 demonstrated an unacceptable level of brain penetration. In an effort to reduce the level of brain penetration while maintaining the overall profile, SAR was developed at the C2' position for a series of close analogues by employing hydrogen bond donors. As a result, 5-[5-phenyl-4-(pyridin-2-ylmethylamino)quinazolin-2-yl]pyridine-3-sulfonamide (25) was identified as the lead compound in this series. Compound 25 showed robust effects in rabbit and canine pharmacodynamic models and an acceptable cross-species pharmacokinetic profile and was advanced as the clinical candidate. Further optimization of 25 to mitigate pH-dependent absorption resulted in identification of the corresponding phosphoramide prodrug (29) with an improved solubility and pharmacokinetic profile.",chembl_document,ok,2026-03-05T18:41:37.229646+00:00
10.1021/acs.jmedchem.6b01894,28287730,"Mutant epidermal growth factor receptor (EGFR) is a major driver of non-small-cell lung cancer (NSCLC). Marketed first generation inhibitors, such as erlotinib, effect a transient beneficial response in EGFR mutant NSCLC patients before resistance mechanisms render these inhibitors ineffective. Secondary oncogenic EGFR mutations account for approximately 50% of relapses, the most common being the gatekeeper T790M substitution that renders existing therapies ineffective. The discovery of PF-06459988 (1), an irreversible pyrrolopyrimidine inhibitor of EGFR T790M mutants, was recently disclosed.1 Herein, we describe our continued efforts to achieve potency across EGFR oncogenic mutations and improved kinome selectivity, resulting in the discovery of clinical candidate PF-06747775 (21), which provides potent EGFR activity against the four common mutants (exon 19 deletion (Del), L858R, and double mutants T790M/L858R and T790M/Del), selectivity over wild-type EGFR, and desirable ADME properties. Compound 21 is currently being evaluated in phase-I clinical trials of mutant EGFR driven NSCLC.",chembl_document,ok,2026-03-05T18:41:37.229646+00:00
10.1021/acs.jmedchem.7b00017,28368119,"Members of the BET family of bromodomain containing proteins have been identified as potential targets for blocking proliferation in a variety of cancer cell lines. A two-dimensional NMR fragment screen for binders to the bromodomains of BRD4 identified a phenylpyridazinone fragment with a weak binding affinity (1, Ki = 160 μM). SAR investigation of fragment 1, aided by X-ray structure-based design, enabled the synthesis of potent pyridone and macrocyclic pyridone inhibitors exhibiting single digit nanomolar potency in both biochemical and cell based assays. Advanced analogs in these series exhibited high oral exposures in rodent PK studies and demonstrated significant tumor growth inhibition efficacy in mouse flank xenograft models.",pubmed_doi_fallback,ok,2026-03-05T18:36:04.167197+00:00
10.1021/acs.jmedchem.7b00032,28414242,"Autotaxin is a circulating enzyme with a major role in the production of lysophosphatic acid (LPA) species in blood. A role for the autotaxin/LPA axis has been suggested in many disease areas including pulmonary fibrosis. Structural modifications of the known autotaxin inhibitor lead compound 1, to attenuate hERG inhibition, remove CYP3A4 time-dependent inhibition, and improve pharmacokinetic properties, led to the identification of clinical candidate GLPG1690 (11). Compound 11 was able to cause a sustained reduction of LPA levels in plasma in vivo and was shown to be efficacious in a bleomycin-induced pulmonary fibrosis model in mice and in reducing extracellular matrix deposition in the lung while also reducing LPA 18:2 content in bronchoalveolar lavage fluid. Compound 11 is currently being evaluated in an exploratory phase 2a study in idiopathic pulmonary fibrosis patients.",chembl_document,ok,2026-03-05T18:41:37.229646+00:00
10.1021/acs.jmedchem.7b00055,28398044,"Recently, we reported a novel role for KMO in the pathogenesis of acute pancreatitis (AP). A number of inhibitors of kynurenine 3-monooxygenase (KMO) have previously been described as potential treatments for neurodegenerative conditions and particularly for Huntington's disease. However, the inhibitors reported to date have insufficient aqueous solubility relative to their cellular potency to be compatible with the intravenous (iv) dosing route required in AP. We have identified and optimized a novel series of high affinity KMO inhibitors with favorable physicochemical properties. The leading example is exquisitely selective, has low clearance in two species, prevents lung and kidney damage in a rat model of acute pancreatitis, and is progressing into preclinical development.",chembl_document,ok,2026-03-05T18:41:37.229646+00:00
10.1021/acs.jmedchem.7b00162,28368581,"The nonselective glucocorticoid receptor (GR) antagonist mifepristone has been approved in the U.S. for the treatment of selected patients with Cushing's syndrome. While this drug is highly effective, lack of selectivity for GR leads to unwanted side effects in some patients. Optimization of the previously described fused azadecalin series of selective GR antagonists led to the identification of CORT125134, which is currently being evaluated in a phase 2 clinical study in patients with Cushing's syndrome.",chembl_document,ok,2026-03-05T18:41:37.229646+00:00
10.1021/acs.jmedchem.7b00173,28498655,"Modification of a gut restricted class of benzimidazole DGAT1 inhibitor 1 led to 9 with good oral bioavailability. The key structural changes to 1 include bioisosteric replacement of the amide with oxadiazole and α,α-dimethylation of the carboxylic acid, improving DGAT1 potency and gut permeability. Since DGAT1 is expressed in the small intestine, both 1 and 9 can suppress postprandial triglycerides during acute oral lipid challenges in rats and dogs. Interestingly, only 9 was found to be effective in suppressing body weight gain relative to control in a diet-induced obese dog model, suggesting the importance of systemic inhibition of DGAT1 for body weight control. 9 has advanced to clinical investigation and successfully suppressed postprandial triglycerides during an acute meal challenge in humans.",chembl_document,ok,2026-03-05T18:41:37.229646+00:00
10.1021/acs.jmedchem.7b00179,28266845,"In our attempt to optimize the lead HIV-1 entry antagonist, NBD-11021, we present in this study the rational design and synthesis of 60 new analogues and determination of their antiviral activity in a single-cycle and a multicycle infection assay to derive a comprehensive structure-activity relationship (SAR). Two of these compounds, NBD-14088 and NBD-14107, showed significant improvement in antiviral activity compared to the lead entry antagonist in a single-cycle assay against a large panel of Env-pseudotyped viruses. The X-ray structure of a similar compound, NBD-14010, confirmed the binding mode of the newly designed compounds. The in vitro ADMET profiles of these compounds are comparable to that of the most potent attachment inhibitor BMS-626529, a prodrug of which is currently undergoing phase III clinical trials. The systematic study presented here is expected to pave the way for improving the potency, toxicity, and ADMET profile of this series of compounds with the potential to be moved to the early preclinical development.",chembl_document,ok,2026-03-05T18:41:37.229646+00:00
10.1021/acs.jmedchem.7b00211,28537398,"BMS-816336 (6n-2), a hydroxy-substituted adamantyl acetamide, has been identified as a novel, potent inhibitor against human 11β-hydroxysteroid dehydrogenase type 1 (11β-HSD1) enzyme (IC50 3.0 nM) with >10000-fold selectivity over human 11β-hydroxysteroid dehydrogenase type 2 (11β-HSD2). 6n-2 exhibits a robust acute pharmacodynamic effect in cynomolgus monkeys (ED50 0.12 mg/kg) and in DIO mice. It is orally bioavailable (%F ranges from 20 to 72% in preclinical species) and has a predicted pharmacokinetic profile of a high peak to trough ratio and short half-life in humans. This ADME profile met our selection criteria for once daily administration, targeting robust inhibition of 11β-HSD1 enzyme for the first 12 h period after dosing followed by an ""inhibition holiday"" so that the potential for hypothalamic-pituitary-adrenal (HPA) axis activation might be mitigated. 6n-2 was found to be well-tolerated in phase 1 clinical studies and represents a potential new treatment for type 2 diabetes, metabolic syndrome, and other human diseases modulated by glucocorticoid control.",chembl_document,ok,2026-03-05T18:41:37.229646+00:00
10.1021/acs.jmedchem.7b00231,28498658,"Through fragment-based drug design focused on engaging the active site of IRAK4 and leveraging three-dimensional topology in a ligand-efficient manner, a micromolar hit identified from a screen of a Pfizer fragment library was optimized to afford IRAK4 inhibitors with nanomolar potency in cellular assays. The medicinal chemistry effort featured the judicious placement of lipophilicity, informed by co-crystal structures with IRAK4 and optimization of ADME properties to deliver clinical candidate PF-06650833 (compound 40). This compound displays a 5-unit increase in lipophilic efficiency from the fragment hit, excellent kinase selectivity, and pharmacokinetic properties suitable for oral administration.",chembl_document,ok,2026-03-05T18:41:37.229646+00:00
10.1021/acs.jmedchem.7b00267,28376306,"There are a number of small-molecule inhibitors targeting the RAS/RAF/MEK/ERK signaling pathway that have either been approved or are in clinical development for oncology across a range of disease indications. The inhibition of ERK1/2 is of significant current interest, as cell lines with acquired resistance to BRAF and MEK inhibitors have been shown to maintain sensitivity to ERK1/2 inhibition in preclinical models. This article reports on our recent work to identify novel, potent, and selective reversible ERK1/2 inhibitors from a low-molecular-weight, modestly active, and highly promiscuous chemical start point, compound 4. To guide and inform the evolution of this series, inhibitor binding mode information from X-ray crystal structures was critical in the rapid exploration of this template to compound 35, which was active when tested in in vivo antitumor efficacy experiments.",chembl_document,ok,2026-03-05T18:41:37.229646+00:00
10.1021/acs.jmedchem.7b00328,28430437,"The hepatitis C virus (HCV) NS5B replicase is a prime target for the development of direct-acting antiviral drugs for the treatment of chronic HCV infection. Inspired by the overlay of bound structures of three structurally distinct NS5B palm site allosteric inhibitors, the high-throughput screening hit anthranilic acid 4, the known benzofuran analogue 5, and the benzothiadiazine derivative 6, an optimization process utilizing the simple benzofuran template 7 as a starting point for a fragment growing approach was pursued. A delicate balance of molecular properties achieved via disciplined lipophilicity changes was essential to achieve both high affinity binding and a stringent targeted absorption, distribution, metabolism, and excretion profile. These efforts led to the discovery of BMS-929075 (37), which maintained ligand efficiency relative to early leads, demonstrated efficacy in a triple combination regimen in HCV replicon cells, and exhibited consistently high oral bioavailability and pharmacokinetic parameters across preclinical animal species. The human PK properties from the Phase I clinical studies of 37 were better than anticipated and suggest promising potential for QD administration.",chembl_document,ok,2026-03-05T18:41:37.229646+00:00
10.1021/acs.jmedchem.7b00360,28665128,"Aberrant signaling of the FGF/FGFR pathway occurs frequently in cancers and is an oncogenic driver in many solid tumors. Clinical validation of FGFR as a therapeutic target has been demonstrated in bladder, liver, lung, breast, and gastric cancers. Our goal was to develop an irreversible covalent inhibitor of FGFR1-4 for use in oncology indications. An irreversible covalent binding mechanism imparts many desirable pharmacological benefits including high potency, selectivity, and prolonged target inhibition. Herein we report the structure-based design, medicinal chemistry optimization, and unique ADME assays of our irreversible covalent drug discovery program which culminated in the discovery of compound 34 (PRN1371), a highly selective and potent FGFR1-4 inhibitor.",chembl_document,ok,2026-03-05T18:41:37.229646+00:00
10.1021/acs.jmedchem.7b00408,28493698,"The synthesis and preclinical characterization of novel 4-(R)-methyl-6,7-dihydro-4H-triazolo[4,5-c]pyridines that are potent and selective brain penetrant P2X7 antagonists are described. Optimization efforts based on previously disclosed unsubstituted 6,7-dihydro-4H-triazolo[4,5-c]pyridines, methyl substituted 5,6,7,8-tetrahydro[1,2,4]triazolo[4,3-a]pyrazines, and several other series lead to the identification of a series of 4-(R)-methyl-6,7-dihydro-4H-triazolo[4,5-c]pyridines that are selective P2X7 antagonists with potency at the rodent and human P2X7 ion channels. These novel P2X7 antagonists have suitable physicochemical properties, and several analogs have an excellent pharmacokinetic profile, good partitioning into the CNS and show robust in vivo target engagement after oral dosing. Improvements in metabolic stability led to the identification of JNJ-54175446 (14) as a candidate for clinical development. The drug discovery efforts and strategies that resulted in the identification of the clinical candidate are described herein.",chembl_document,ok,2026-03-05T18:41:37.229646+00:00
10.1021/acs.jmedchem.7b00410,28530802,"Preclinical evidence in support of the potential utility of mGlu5 NAMs for the treatment of a variety of psychiatric and neurodegenerative disorders is extensive, and multiple such molecules have entered clinical trials. Despite some promising results from clinical studies, no small molecule mGlu5 NAM has yet to reach market. Here we present the discovery and evaluation of N-(5-fluoropyridin-2-yl)-6-methyl-4-(pyrimidin-5-yloxy)picolinamide (27, VU0424238), a compound selected for clinical evaluation. Compound 27 is more than 900-fold selective for mGlu5 versus the other mGlu receptors, and binding studies established a Ki value of 4.4 nM at a known allosteric binding site. Compound 27 had a clearance of 19.3 and 15.5 mL/min/kg in rats and cynomolgus monkeys, respectively. Imaging studies using a known mGlu5 PET ligand demonstrated 50% receptor occupancy at an oral dose of 0.8 mg/kg in rats and an intravenous dose of 0.06 mg/kg in baboons.",chembl_document,ok,2026-03-05T18:41:37.229646+00:00
10.1021/acs.jmedchem.7b00598,28682065,"A series of acidic diaryl ether heterocyclic sulfonamides that are potent and subtype selective NaV1.7 inhibitors is described. Optimization of early lead matter focused on removal of structural alerts, improving metabolic stability and reducing cytochrome P450 inhibition driven drug-drug interaction concerns to deliver the desired balance of preclinical in vitro properties. Concerns over nonmetabolic routes of clearance, variable clearance in preclinical species, and subsequent low confidence human pharmacokinetic predictions led to the decision to conduct a human microdose study to determine clinical pharmacokinetics. The design strategies and results from preclinical PK and clinical human microdose PK data are described leading to the discovery of the first subtype selective NaV1.7 inhibitor clinical candidate PF-05089771 (34) which binds to a site in the voltage sensing domain.",chembl_document,ok,2026-03-05T18:41:37.229646+00:00
10.1021/acs.jmedchem.7b00631,28953378,"There is an urgent need to develop new and safer antitubercular agents that possess a novel mode of action. We synthesized and evaluated a novel series of 3-aminomethyl 4-halogen benzoxaboroles as Mycobacterium tuberculosis (Mtb) leucyl-tRNA synthetase (LeuRS) inhibitors. A number of Mtb LeuRS inhibitors were identified that demonstrated good antitubercular activity with high selectivity over human mitochondrial and cytoplasmic LeuRS. Further evaluation of these Mtb LeuRS inhibitors by in vivo pharmacokinetics (PK) and murine tuberculosis (TB) efficacy models led to the discovery of GSK3036656 (abbreviated as GSK656). This molecule shows potent inhibition of Mtb LeuRS (IC50 = 0.20 μM) and in vitro antitubercular activity (Mtb H37Rv MIC = 0.08 μM). Additionally, it is highly selective for the Mtb LeuRS enzyme with IC50 of >300 μM and 132 μM for human mitochondrial LeuRS and human cytoplasmic LeuRS, respectively. In addition, it exhibits remarkable PK profiles and efficacy against Mtb in mouse TB infection models with superior tolerability over initial leads. This compound has been progressed to clinical development for the treatment of tuberculosis.",chembl_document,ok,2026-03-05T18:41:37.229646+00:00
10.1021/acs.jmedchem.7b00647,28731719,"Autotaxin (ATX) is a secreted enzyme playing a major role in the production of lysophosphatidic acid (LPA) in blood through hydrolysis of lysophosphatidyl choline (LPC). The ATX-LPA signaling axis arouses a high interest in the drug discovery industry as it has been implicated in several diseases including cancer, fibrotic diseases, and inflammation, among others. An imidazo[1,2-a]pyridine series of ATX inhibitors was identified out of a high-throughput screening (HTS). A cocrystal structure with one of these compounds and ATX revealed a novel binding mode with occupancy of the hydrophobic pocket and channel of ATX but no interaction with zinc ions of the catalytic site. Exploration of the structure-activity relationship led to compounds displaying high activity in biochemical and plasma assays, exemplified by compound 40. Compound 40 was also able to decrease the plasma LPA levels upon oral administration to rats.",pubmed_doi_fallback,ok,2026-03-05T18:36:04.167197+00:00
10.1021/acs.jmedchem.7b00699,28692297,"We describe the first systematic study of antimalarial 1,2,4-trioxolanes bearing a substitution pattern regioisomeric to that of arterolane. Conformational analysis suggested that trans-3″-substituted trioxolanes would exhibit Fe(II) reactivity and antiparasitic activity similar to that achieved with canonical cis-4″ substitution. The chiral 3″ analogues were prepared as single stereoisomers and evaluated alongside their 4″ congeners against cultured malaria parasites and in a murine malaria model. As predicted, the trans-3″ analogues exhibited in vitro antiplasmodial activity remarkably similar to that of their cis-4″ comparators. In contrast, efficacy in the Plasmodium berghei mouse model differed dramatically for some of the congeneric pairs. The best of the novel 3″ analogues (e.g., 12i) outperformed arterolane itself, producing cures in mice after a single oral exposure. Overall, this study suggests new avenues for modulating Fe(II) reactivity and the pharmacokinetic and pharmacodynamic properties of 1,2,4-trioxolane antimalarials.",chembl_document,ok,2026-03-05T18:41:37.229646+00:00
10.1021/acs.jmedchem.7b00709,28759228,"Herein, we describe the discovery of a potent, selective, brain-penetrating, in vivo active phosphodiesterase (PDE) 2A inhibitor lead series. To identify high-quality leads suitable for optimization and enable validation of the physiological function of PDE2A in vivo, structural modifications of the high-throughput screening hit 18 were performed. Our lead generation efforts revealed three key potency-enhancing functionalities with minimal increases in molecular weight (MW) and no change in topological polar surface area (TPSA). Combining these structural elements led to the identification of 6-methyl-N-((1R)-1-(4-(trifluoromethoxy)phenyl)propyl)pyrazolo[1,5-a]pyrimidine-3-carboxamide (38a), a molecule with the desired balance of preclinical properties. Further characterization by cocrystal structure analysis of 38a bound to PDE2A uncovered a unique binding mode and provided insights into its observed potency and PDE selectivity. Compound 38a significantly elevated 3',5'-cyclic guanosine monophosphate (cGMP) levels in mouse brain following oral administration, thus validating this compound as a useful pharmacological tool and an attractive lead for future optimization.",pubmed_doi_fallback,ok,2026-03-05T18:36:04.167197+00:00
10.1021/acs.jmedchem.7b00734,28792763,"The ProTide technology is a prodrug approach developed for the efficient intracellular delivery of nucleoside analogue monophosphates and monophosphonates. In this approach, the hydroxyls of the monophosphate or monophosphonate groups are masked by an aromatic group and an amino acid ester moiety, which are enzymatically cleaved-off inside cells to release the free nucleoside monophosphate and monophosphonate species. Structurally, this represents the current end-point of an extensive medicinal chemistry endeavor that spans almost three decades. It started from the masking of nucleoside monophosphate and monophosphonate groups by simple alkyl groups and evolved into the sophisticated ProTide system as known today. This technology has been extensively employed in drug discovery, and it has already led to the discovery of two FDA-approved (antiviral) ProTides. In this work, we will review the development of the ProTide technology, its application in drug discovery, and its role in the improvement of drug delivery and efficacy.",chembl_document,ok,2026-03-05T18:41:37.229646+00:00
10.1021/acs.jmedchem.7b00746,28949521,"The development of bromodomain and extraterminal domain (BET) bromodomain inhibitors and their examination in clinical studies, particularly in oncology settings, has garnered substantial recent interest. An effort to generate novel BET bromodomain inhibitors with excellent potency and drug metabolism and pharmacokinetics (DMPK) properties was initiated based upon elaboration of a simple pyridone core. Efforts to develop a bidentate interaction with a critical asparagine residue resulted in the incorporation of a pyrrolopyridone core, which improved potency by 9-19-fold. Additional structure-activity relationship (SAR) efforts aimed both at increasing potency and improving pharmacokinetic properties led to the discovery of the clinical candidate 63 (ABBV-075/mivebresib), which demonstrates excellent potency in biochemical and cellular assays, advantageous exposures and half-life both in animal models and in humans, and in vivo efficacy in mouse models of cancer progression and inflammation.",chembl_document,ok,2026-03-05T18:41:37.229646+00:00
10.1021/acs.jmedchem.7b00785,29120624,"The discovery of 1-({6-[(2-methoxy-4-propylbenzyl)oxy]-1-methyl-3,4-dihydronaphthalen-2-yl}methyl)azetidine-3-carboxylic acid 13n (ceralifimod, ONO-4641), a sphingosine-1-phosphate (S1P) receptor agonist selective for S1P1 and S1P5, is described. While it has been revealed that the modulation of the S1P1 receptor is an effective way to treat autoimmune diseases such as relapsing-remitting multiple sclerosis (RRMS), it was also reported that activation of the S1P3 receptor is implicated in some undesirable effects. We carried out a structure-activity relationship (SAR) study of hit compound 6 with an amino acid moiety in the hydrophilic head region. Following identification of a lead compound with a dihydronaphthalene central core by inducing conformational constraint, optimization of the lipophilic tail region led to the discovery of 13n as a clinical candidate that exhibited >30 000-fold selectivity for S1P1 over S1P3 and was potent in a peripheral lymphocyte lowering (PLL) test in mice (ED50 = 0.029 mg/kg, 24 h after oral dosing).",chembl_document,ok,2026-03-05T18:41:37.229646+00:00
10.1021/acs.jmedchem.7b00807,28796496,"Phosphodiesterase (PDE) 2A inhibitors have emerged as a novel mechanism with potential therapeutic option to ameliorate cognitive dysfunction in schizophrenia or Alzheimer's disease through upregulation of cyclic nucleotides in the brain and thereby achieve potentiation of cyclic nucleotide signaling pathways. This article details the expedited optimization of our recently disclosed pyrazolo[1,5-a]pyrimidine lead compound 4b, leading to the discovery of clinical candidate 36 (TAK-915), which demonstrates an appropriate combination of potency, PDE selectivity, and favorable pharmacokinetic (PK) properties, including brain penetration. Successful identification of 36 was realized through application of structure-based drug design (SBDD) to further improve potency and PDE selectivity, coupled with prospective design focused on physicochemical properties to deliver brain penetration. Oral administration of 36 demonstrated significant elevation of 3',5'-cyclic guanosine monophosphate (cGMP) levels in mouse brains and improved cognitive performance in a novel object recognition task in rats. Consequently, compound 36 was advanced into human clinical trials.",chembl_document,ok,2026-03-05T18:41:37.229646+00:00
10.1021/acs.jmedchem.7b00846,28753313,"Certain classes of neuroactive steroids (NASs) are positive allosteric modulators (PAM) of synaptic and extrasynaptic GABAA receptors. Herein, we report new SAR insights in a series of 5β-nor-19-pregnan-20-one analogues bearing substituted pyrazoles and triazoles at C-21, culminating in the discovery of 3α-hydroxy-3β-methyl-21-(4-cyano-1H-pyrazol-1'-yl)-19-nor-5β-pregnan-20-one (SAGE-217, 3), a potent GABAA receptor modulator at both synaptic and extrasynaptic receptor subtypes, with excellent oral DMPK properties. Compound 3 has completed a phase 1 single ascending dose (SAD) and multiple ascending dose (MAD) clinical trial and is currently being studied in parallel phase 2 clinical trials for the treatment of postpartum depression (PPD), major depressive disorder (MDD), and essential tremor (ET).",chembl_document,ok,2026-03-05T18:41:37.229646+00:00
10.1021/acs.jmedchem.7b00907,29148806,"The farnesoid X receptor (FXR) is a nuclear receptor that acts as a master regulator of bile acid metabolism and signaling. Activation of FXR inhibits bile acid synthesis and increases bile acid conjugation, transport, and excretion, thereby protecting the liver from the harmful effects of bile accumulation, leading to considerable interest in FXR as a therapeutic target for the treatment of cholestasis and nonalcoholic steatohepatitis. We identified a novel series of highly potent non-bile acid FXR agonists that introduce a bicyclic nortropine-substituted benzothiazole carboxylic acid moiety onto a trisubstituted isoxazole scaffold. Herein, we report the discovery of 1 (tropifexor, LJN452), a novel and highly potent agonist of FXR. Potent in vivo activity was demonstrated in rodent PD models by measuring the induction of FXR target genes in various tissues. Tropifexor has advanced into phase 2 human clinical trials in patients with NASH and PBC.",pubmed_doi_fallback,ok,2026-03-05T18:36:04.167197+00:00
10.1021/acs.jmedchem.7b00930,28829592,"Phosphoinositide 3-kinase (PI3K) is deregulated in a wide variety of human tumors and triggers activation of protein kinase B (PKB/Akt) and mammalian target of rapamycin (mTOR). Here we describe the preclinical characterization of compound 1 (PQR309, bimiralisib), a potent 4,6-dimorpholino-1,3,5-triazine-based pan-class I PI3K inhibitor, which targets mTOR kinase in a balanced fashion at higher concentrations. No off-target interactions were detected for 1 in a wide panel of protein kinase, enzyme, and receptor ligand assays. Moreover, 1 did not bind tubulin, which was observed for the structurally related 4 (BKM120, buparlisib). Compound 1 is orally available, crosses the blood-brain barrier, and displayed favorable pharmacokinetic parameters in mice, rats, and dogs. Compound 1 demonstrated efficiency in inhibiting proliferation in tumor cell lines and a rat xenograft model. This, together with the compound's safety profile, identifies 1 as a clinical candidate with a broad application range in oncology, including treatment of brain tumors or CNS metastasis. Compound 1 is currently in phase II clinical trials for advanced solid tumors and refractory lymphoma.",chembl_document,ok,2026-03-05T18:41:37.229646+00:00
10.1021/acs.jmedchem.7b00974,29111717,"Tumors use tryptophan-catabolizing enzymes such as indoleamine 2,3-dioxygenase (IDO-1) to induce an immunosuppressive environment. IDO-1 is induced in response to inflammatory stimuli and promotes immune tolerance through effector T-cell anergy and enhanced Treg function. As such, IDO-1 is a nexus for the induction of a key immunosuppressive mechanism and represents an important immunotherapeutic target in oncology. Starting from HTS hit 5, IDO-1 inhibitor 6 (EOS200271/PF-06840003) has been developed. The structure-activity relationship around 6 is described and rationalized using the X-ray crystal structure of 6 bound to human IDO-1, which shows that 6, differently from most of the IDO-1 inhibitors described so far, does not bind to the heme iron atom and has a novel binding mode. Clinical candidate 6 shows good potency in an IDO-1 human whole blood assay and also shows a very favorable ADME profile leading to favorable predicted human pharmacokinetic properties, including a predicted half-life of 16-19 h.",chembl_document,ok,2026-03-05T18:41:37.229646+00:00
10.1021/acs.jmedchem.7b01171,29077405,"Factor XIa (FXIa) is a blood coagulation enzyme that is involved in the amplification of thrombin generation. Mounting evidence suggests that direct inhibition of FXIa can block pathologic thrombus formation while preserving normal hemostasis. Preclinical studies using a variety of approaches to reduce FXIa activity, including direct inhibitors of FXIa, have demonstrated good antithrombotic efficacy without increasing bleeding. On the basis of this potential, we targeted our efforts at identifying potent inhibitors of FXIa with a focus on discovering an acute antithrombotic agent for use in a hospital setting. Herein we describe the discovery of a potent FXIa clinical candidate, 55 (FXIa Ki = 0.7 nM), with excellent preclinical efficacy in thrombosis models and aqueous solubility suitable for intravenous administration. BMS-962212 is a reversible, direct, and highly selective small molecule inhibitor of FXIa.",chembl_document,ok,2026-03-05T18:41:37.229646+00:00
10.1021/acs.jmedchem.7b01236,29116786,"We report here the discovery and pharmacological characterization of N-(1-benzyl-1H-pyrazol-3-yl)-2-phenylacetamide derivatives as potent, selective, brain-penetrating T-type calcium channel blockers. Optimization focused mainly on solubility, brain penetration, and the search for an aminopyrazole metabolite that would be negative in an Ames test. This resulted in the preparation and complete characterization of compound 66b (ACT-709478), which has been selected as a clinical candidate.",chembl_document,ok,2026-03-05T18:41:37.229646+00:00
10.1021/acs.jmedchem.7b01279,29211470,"A single pot dipolar cycloaddition reaction/Cope elimination sequence was developed to access novel 1,4,6,7-tetrahydro-5H-[1,2,3]triazolo[4,5-c]pyridine P2X7 antagonists that contain a synthetically challenging chiral center. The structure-activity relationships of the new compounds are described. Two of these compounds, (S)-(2-fluoro-3-(trifluoromethyl)phenyl)(1-(5-fluoropyrimidin-2-yl)-6-methyl-1,4,6,7-tetrahydro-5H-[1,2,3]triazolo[4,5-c]pyridin-5-yl)methanone (compound 29) and (S)-(3-fluoro-2-(trifluoromethyl)pyridin-4-yl)(1-(5-fluoropyrimidin-2-yl)-6-methyl-1,4,6,7-tetrahydro-5H-[1,2,3]triazolo[4,5-c]pyridin-5-yl)methanone (compound 35), were found to have robust P2X7 receptor occupancy at low doses in rat with ED50 values of 0.06 and 0.07 mg/kg, respectively. Compound 35 had notable solubility compared to 29 and showed good tolerability in preclinical species. Compound 35 was chosen as a clinical candidate for advancement into phase I clinical trials to assess safety and tolerability in healthy human subjects prior to the initiation of proof of concept studies for the treatment of mood disorders.",chembl_document,ok,2026-03-05T18:41:37.229646+00:00
10.1021/acs.jmedchem.7b01310,29136465,"The epidermal growth factor receptor (EGFR) has been a particular interest for drug development for treatment of non-small-cell lung cancer (NSCLC). The current third-generation EGFR small-molecule inhibitors, especially osimertinib, are at the forefront clinically for treatment of patients with NSCLC. However, a high percentage of these treated patients developed a tertiary cystein-797 to serine-790 (C797S) mutation in the EGFR kinase domain. This C797S mutation is thought to induce resistance to all current irreversible EGFR TKIs. In this Miniperspective, we present key mechanisms of resistance in response to third-generation EGFR TKIs, and emerging reports on novel EGFR TKIs to combat the resistance. Specifically, we analyze the allosteric and ATP-competitive inhibitors in terms of drug discovery, binding mechanism, and their potency and selectivity against EGFR harboring C797S mutations. Lastly, we provide some perspectives on new challenges and future directions in this field.",chembl_document,ok,2026-03-05T18:41:37.229646+00:00
10.1021/acs.jmedchem.7b01337,29271653,"Human immunodeficiency virus-1 (HIV-1) infection currently requires lifelong therapy with drugs that are used in combination to control viremia. The indole-3-glyoxamide 6 was discovered as an inhibitor of HIV-1 infectivity using a phenotypic screen and derivatives of this compound were found to interfere with the HIV-1 entry process by stabilizing a conformation of the virus gp120 protein not recognized by the host cell CD4 receptor. An extensive optimization program led to the identification of temsavir (31), which exhibited an improved antiviral and pharmacokinetic profile compared to 6 and was explored in phase 3 clinical trials as the phosphonooxymethyl derivative fostemsavir (35), a prodrug designed to address dissolution- and solubility-limited absorption issues. In this drug annotation, we summarize the structure-activity and structure-liability studies leading to the discovery of 31 and the clinical studies conducted with 35 that entailed the development of an extended release formulation suitable for phase 3 clinical trials.",chembl_document,ok,2026-03-05T18:41:37.229646+00:00
10.1021/acs.jmedchem.7b01375,29211475,A new series of lactam-derived EZH2 inhibitors was designed via ligand-based and physicochemical-property-based strategies to address metabolic stability and thermodynamic solubility issues associated with previous lead compound 1. The new inhibitors incorporated an sp3 hybridized carbon atom at the 7-position of the lactam moiety present in lead compound 1 as a replacement for a dimethylisoxazole group. This transformation enabled optimization of the physicochemical properties and potency compared to compound 1. Analysis of relationships between calculated log D (clogD) values and in vitro metabolic stability and permeability parameters identified a clogD range that afforded an increased probability of achieving favorable ADME data in a single molecule. Compound 23a exhibited the best overlap of potency and pharmaceutical properties as well as robust tumor growth inhibition in vivo and was therefore advanced as a development candidate (PF-06821497). A crystal structure of 23a in complex with the three-protein PRC2 complex enabled understanding of the key structural features required for optimal binding.,chembl_document,ok,2026-03-05T18:41:37.229646+00:00
10.1021/acs.jmedchem.7b01411,29236497,"As a part of our program to identify potent GPR40 agonists capable of being dosed orally once daily in humans, we incorporated fused heterocycles into our recently disclosed spiropiperidine and tetrahydroquinoline acid derivatives 1, 2, and 3 with the intention of lowering clearance and improving the maximum absorbable dose (Dabs). Hypothesis-driven structural modifications focused on moving away from the zwitterion-like structure. and mitigating the N-dealkylation and O-dealkylation issues led to triazolopyridine acid derivatives with unique pharmacology and superior pharmacokinetic properties. Compound 4 (LY3104607) demonstrated functional potency and glucose-dependent insulin secretion (GDIS) in primary islets from rats. Potent, efficacious, and durable dose-dependent reductions in glucose levels were seen during glucose tolerance test (GTT) studies. Low clearance, volume of distribution, and high oral bioavailability were observed in all species. The combination of enhanced pharmacology and pharmacokinetic properties supported further development of this compound as a potential glucose-lowering drug candidate.",chembl_document,ok,2026-03-05T18:41:37.229646+00:00
10.1021/acs.jmedchem.7b01641,29466005,"Optimization of the pharmacokinetic (PK) properties of a series of activators of adenosine monophosphate-activated protein kinase (AMPK) is described. Derivatives of the previously described 5-aryl-indole-3-carboxylic acid clinical candidate (1) were examined with the goal of reducing glucuronidation rate and minimizing renal excretion. Compounds 10 (PF-06679142) and 14 (PF-06685249) exhibited robust activation of AMPK in rat kidneys as well as desirable oral absorption, low plasma clearance, and negligible renal clearance in preclinical species. A correlation of in vivo renal clearance in rats with in vitro uptake by human and rat renal organic anion transporters (human OAT/rat Oat) was identified. Variation of polar functional groups was critical to mitigate active renal clearance mediated by the Oat3 transporter. Modification of either the 6-chloroindole core to a 4,6-difluoroindole or the 5-phenyl substituent to a substituted 5-(3-pyridyl) group provided improved metabolic stability while minimizing propensity for active transport by OAT3.",chembl_document,ok,2026-03-05T18:41:37.229646+00:00
10.1021/acs.jmedchem.7b01647,29485864,"We report the discovery of 7-oxo-2,4,5,7-tetrahydro-6 H-pyrazolo[3,4- c]pyridine derivatives as a novel class of receptor interacting protein 1 (RIP1) kinase inhibitors. On the basis of the overlay study between HTS hit 10 and GSK2982772 (6) in RIP1 kinase, we designed and synthesized a novel class of RIP1 kinase inhibitor 11 possessing moderate RIP1 kinase inhibitory activity and P-gp mediated efflux. The optimization of the core structure and the exploration of appropriate substituents utilizing SBDD approach led to the discovery of 22, a highly potent, orally available, and brain-penetrating RIP1 kinase inhibitor with excellent PK profiles. Compound 22 significantly suppressed necroptotic cell death both in mouse and human cells. Oral administration of 22 (10 mg/kg, bid) attenuated disease progression in the mouse experimental autoimmune encephalomyelitis (EAE) model of multiple sclerosis (MS). Moreover, analysis of structure-kinetic relationship (SKR) for our novel chemical series was also discussed.",chembl_document,ok,2026-03-05T18:41:37.229646+00:00
10.1021/acs.jmedchem.8b00173,29775297,"With the introduction of thrombin and factor Xa inhibitors to the oral anticoagulant market, significant improvements in both efficacy and safety have been achieved. Early clinical and preclinical data suggest that inhibitors of factor XIa can provide a still safer alternative, with expanded efficacy for arterial indications. This Perspective provides an overview of target rationale and details of the discovery and development of inhibitors of factor XIa as next generation antithrombotic agents.",chembl_document,ok,2026-03-05T18:41:37.229646+00:00
10.1021/acs.jmedchem.8b00180,29620890,"The practices and tactics employed in successful optimizations are examined, judged from the trajectories of ligand efficiency and property evolution. A wide range of targets is analyzed, encompassing a variety of hit finding methods (HTS, fragments, encoded library technology) and types of molecules, including those beyond the rule of five. The wider employment of efficiency metrics and lipophilicity control is evident in contemporary practice and the impact on quality demonstrable. What is clear is that while targets are different, successful molecules are almost invariably among the most efficient for their target, even at the extremes. Trajectory mapping, based on principles rather than rules, is useful in assessing quality and progress in optimizations while benchmarking against competitors and assessing property-dependent risks.",chembl_document,ok,2026-03-05T18:41:37.229646+00:00
10.1021/acs.jmedchem.8b00246,29613789,"A major challenge in the development of β-site amyloid precursor protein cleaving enzyme 1 (BACE1) inhibitors for the treatment of Alzheimer's disease is the alignment of potency, drug-like properties, and selectivity over related aspartyl proteases such as Cathepsin D (CatD) and BACE2. The potential liabilities of inhibiting BACE2 chronically have only recently begun to emerge as BACE2 impacts the processing of the premelanosome protein (PMEL17) and disrupts melanosome morphology resulting in a depigmentation phenotype. Herein, we describe the identification of clinical candidate PF-06751979 (64), which displays excellent brain penetration, potent in vivo efficacy, and broad selectivity over related aspartyl proteases including BACE2. Chronic dosing of 64 for up to 9 months in dog did not reveal any observation of hair coat color (pigmentation) changes and suggests a key differentiator over current BACE1 inhibitors that are nonselective against BACE2 in later stage clinical development.",chembl_document,ok,2026-03-05T18:41:37.229646+00:00
10.1021/acs.jmedchem.8b00633,29944371,"Hormones of the neurotrophin family, nerve growth factor (NGF), brain derived neurotrophic factor (BDNF), neurotrophin 3 (NT3), and neurotrophin 4 (NT4), are known to activate the family of Tropomyosin receptor kinases (TrkA, TrkB, and TrkC). Moreover, inhibition of the TrkA kinase pathway in pain has been clinically validated by the NGF antibody tanezumab, leading to significant interest in the development of small molecule inhibitors of TrkA. Furthermore, Trk inhibitors having an acceptable safety profile will require minimal brain availability. Herein, we discuss the discovery of two potent, selective, peripherally restricted, efficacious, and well-tolerated series of pan-Trk inhibitors which successfully delivered three candidate quality compounds 10b, 13b, and 19. All three compounds are predicted to possess low metabolic clearance in human that does not proceed via aldehyde oxidase-catalyzed reactions, thus addressing the potential clearance prediction liability associated with our current pan-Trk development candidate PF-06273340.",chembl_document,ok,2026-03-05T18:41:37.229646+00:00
10.1021/acs.jmedchem.8b00741,30044619,"SMA is an inherited disease that leads to loss of motor function and ambulation and a reduced life expectancy. We have been working to develop orally administrated, systemically distributed small molecules to increase levels of functional SMN protein. Compound 2 was the first SMN2 splicing modifier tested in clinical trials in healthy volunteers and SMA patients. It was safe and well tolerated and increased SMN protein levels up to 2-fold in patients. Nevertheless, its development was stopped as a precautionary measure because retinal toxicity was observed in cynomolgus monkeys after chronic daily oral dosing (39 weeks) at exposures in excess of those investigated in patients. Herein, we describe the discovery of 1 (risdiplam, RG7916, RO7034067) that focused on thorough pharmacology, DMPK and safety characterization and optimization. This compound is undergoing pivotal clinical trials and is a promising medicine for the treatment of patients in all ages and stages with SMA.",chembl_document,ok,2026-03-05T18:41:37.229646+00:00
10.1021/acs.jmedchem.8b00759,29920093,"The optimization of the 4-methoxy-6-azaindole series of HIV-1 attachment inhibitors (AIs) that originated with 1 to deliver temsavir (3, BMS-626529) is described. The most beneficial increases in potency and pharmacokinetic (PK) properties were attained by incorporating N-linked, sp2-hybridized heteroaryl rings at the 7-position of the heterocyclic nucleus. Compounds that adhered to a coplanarity model afforded targeted antiviral potency, leading to the identification of 3 with characteristics that provided for targeted exposure and PK properties in three preclinical species. However, the physical properties of 3 limited plasma exposure at higher doses, both in preclinical studies and in clinical trials as the result of dissolution- and/or solubility-limited absorption, a deficiency addressed by the preparation of the phosphonooxymethyl prodrug 4 (BMS-663068, fostemsavir). An extended-release formulation of 4 is currently in phase III clinical trials where it has shown promise as part of a drug combination therapy in highly treatment-experienced HIV-1 infected patients.",chembl_document,ok,2026-03-05T18:41:37.229646+00:00
10.1021/acs.jmedchem.8b00807,30036059,"Studies on indole-3-carboxylic acid derivatives as direct activators of human adenosine monophosphate-activated protein kinase (AMPK) α1β1γ1 isoform have culminated in the identification of PF-06409577 (1), PF-06885249 (2), and PF-06679142 (3) as potential clinical candidates. Compounds 1-3 are primarily cleared in animals and humans via glucuronidation. Herein, we describe the biosynthetic preparation, purification, and structural characterization of the glucuronide conjugates of 1-3. Spectral characterization of the purified glucuronides M1, M2, and M3 indicated that they were acyl glucuronide derivatives. In vitro pharmacological evaluation revealed that all three acyl glucuronides retained selective activation of β1-containing AMPK isoforms. Inhibition of de novo lipogenesis with representative parent carboxylic acids and their respective acyl glucuronide conjugates in human hepatocytes demonstrated their propensity to activate cellular AMPK. Cocrystallization of the AMPK α1β1γ1 isoform with 1-3 and M1-M3 provided molecular insights into the structural basis for AMPK activation by the glucuronide conjugates.",chembl_document,ok,2026-03-05T18:41:37.229646+00:00
10.1021/acs.jmedchem.8b01092,30188734,"The use of kinase-directed precision medicine has been heavily pursued since the discovery and development of imatinib. Annually, it is estimated that around ∼20 000 new cases of tropomyosin receptor kinase (TRK) cancers are diagnosed, with the majority of cases exhibiting a TRK genomic rearrangement. In this Perspective, we discuss current development and clinical applications for TRK precision medicine by providing the following: (1) the biological background and significance of the TRK kinase family, (2) a compilation of known TRK inhibitors and analysis of their cocrystal structures, (3) an overview of TRK clinical trials, and (4) future perspectives for drug discovery and development of TRK inhibitors.",chembl_document,ok,2026-03-05T18:41:37.229646+00:00
10.1021/acs.jmedchem.8b01262,30359003,"Mechanistic target of rapamycin (mTOR) promotes cell proliferation, growth, and survival and is overactivated in many tumors and central nervous system disorders. PQR620 (3) is a novel, potent, selective, and brain penetrable inhibitor of mTORC1/2 kinase. PQR620 (3) showed excellent selectivity for mTOR over PI3K and protein kinases and efficiently prevented cancer cell growth in a 66 cancer cell line panel. In C57BL/6J and Sprague-Dawley mice, maximum concentration ( Cmax) in plasma and brain was reached after 30 min, with a half-life ( t1/2) > 5 h. In an ovarian carcinoma mouse xenograft model (OVCAR-3), daily dosing of PQR620 (3) inhibited tumor growth significantly. Moreover, PQR620 (3) attenuated epileptic seizures in a tuberous sclerosis complex (TSC) mouse model. In conclusion, PQR620 (3) inhibits mTOR kinase potently and selectively, shows antitumor effects in vitro and in vivo, and promises advantages in CNS indications due to its brain/plasma distribution ratio.",chembl_document,ok,2026-03-05T18:41:37.229646+00:00
10.1021/acs.jmedchem.8b01308,30423248,"Ongoing interest in the discovery of selective JAK3 inhibitors led us to design novel covalent inhibitors that engage the JAK3 residue Cys909 by cyanamide, a structurally and mechanistically differentiated electrophile from other cysteine reacting groups previously incorporated in JAK3 covalent inhibitors. Through crystallography, kinetic, and computational studies, interaction of cyanamide 12 with Cys909 was optimized leading to potent and selective JAK3 inhibitors as exemplified by 32. In relevant cell-based assays and in agreement with previous results from this group, 32 demonstrated that selective inhibition of JAK3 is sufficient to drive JAK1/JAK3-mediated cellular responses. The contribution from extrahepatic processes to the clearance of cyanamide-based covalent inhibitors was also characterized using metabolic and pharmacokinetic data for 12. This work also gave key insights into a productive approach to decrease glutathione/glutathione S-transferase-mediated clearance, a challenge typically encountered during the discovery of covalent kinase inhibitors.",chembl_document,ok,2026-03-05T18:41:37.229646+00:00
10.1021/acs.jmedchem.8b01709,31042381,"Poly(adenosine 5'-diphosphate-ribose) polymerase (PARP) inhibitors are a class of anticancer drugs that block the catalytic activity of PARP proteins. Optimization of our lead compound 1 (( Z)-2-benzylidene-3-oxo-2,3-dihydrobenzofuran-7-carboxamide; PARP-1 IC<sub>50</sub> = 434 nM) led to a tetrazolyl analogue (51, IC<sub>50</sub> = 35 nM) with improved inhibition. Isosteric replacement of the tetrazole ring with a carboxyl group (60, IC<sub>50</sub> = 68 nM) gave a promising new lead, which was subsequently optimized to obtain analogues with potent PARP-1 IC<sub>50</sub> values (4-197 nM). PARP enzyme profiling revealed that the majority of compounds are selective toward PARP-2 with IC<sub>50</sub> values comparable to clinical inhibitors. X-ray crystal structures of the key inhibitors bound to PARP-1 illustrated the mode of interaction with analogue appendages extending toward the PARP-1 adenosine-binding pocket. Compound 81, an isoform-selective PARP-1/-2 (IC<sub>50</sub> = 30 nM/2 nM) inhibitor, demonstrated selective cytotoxic effect toward breast cancer gene 1 ( BRCA1)-deficient cells compared to isogenic BRCA1-proficient cells.",chembl_document,ok,2026-03-05T18:41:37.229646+00:00
10.1021/acs.jmedchem.8b01732,31188592,"Beyond rule-of-five (bRo5) compounds are increasingly used in drug discovery. Here we analyze 37 target proteins that have bRo5 drugs or clinical candidates. Targets can benefit from bRo5 drugs if they have ""complex"" hot spot structure with four or more hots spots, including some strong ones. Complex I targets show positive correlation between binding affinity and molecular weight. These targets are conventionally druggable, but reaching additional hot spots enables improved pharmaceutical properties. Complex II targets, mostly protein kinases, also have strong hot spots but show no correlation between affinity and ligand molecular weight, and the primary motivation for creating larger drugs is to increase selectivity. Each target considered as complex III has some specific reason for requiring bRo5 drugs. Finally, targets with ""simple"" hot spot structure, i.e., three or fewer weak hot spots, must use larger compounds that interact with surfaces beyond the hot spot region to achieve acceptable affinity.",chembl_document,ok,2026-03-05T18:41:37.229646+00:00
10.1021/acs.jmedchem.8b01823,30615446,"JAK family kinases are important mediators of immune cell signaling and Janus Kinase 3 (JAK3) has long been indicated as a potential target for autoimmune disorders. Intensive efforts to develop highly selective JAK3 inhibitors have been underway for many years. However, because of JAK3's strong binding preference to adenosine 5'-triphosphate (ATP), a number of inhibitors exhibit large gaps between enzymatic and cellular potency, which hampers efforts to dissect the roles of JAK3 in cellular settings. Using a targeted covalent inhibitor approach, we discovered compound 32, which overcame ATP competition (1 mM) in the enzymatic assay, and demonstrated significantly improved inhibitory activity for JAK3-dependent signaling in mouse CTLL-2 and human peripheral blood mononuclear cells. Compound 32 also exhibited high selectivity within the JAK family and good pharmacokinetic properties. Thus, it may serve as a highly valuable tool molecule to study the overlapping roles of JAK family kinases in complex biological settings. Our study also suggested that for covalent kinase inhibitors, especially those targeting kinases with low K<sub>m</sub> ATP values, the reversible interactions between molecules and proteins should be carefully optimized to improve the overall potency.",chembl_document,ok,2026-03-05T18:41:37.229646+00:00
10.1021/acs.jmedchem.8b01906,31012583,"Voltage-gated sodium ion channel subtype 1.7 (Na<sub>V</sub>1.7) is a high interest target for the discovery of non-opioid analgesics. Compelling evidence from human genetic data, particularly the finding that persons lacking functional Na<sub>V</sub>1.7 are insensitive to pain, has spurred considerable effort to develop selective inhibitors of this Na<sup>+</sup> ion channel target as analgesic medicines. Recent clinical setbacks and disappointing performance of preclinical compounds in animal pain models, however, have led to skepticism around the potential of selective Na<sub>V</sub>1.7 inhibitors as human therapeutics. In this Perspective, we discuss the attributes and limitations of recently disclosed investigational drugs targeting Na<sub>V</sub>1.7 and review evidence that, by better understanding the requirements for selectivity and target engagement, the opportunity to deliver effective analgesic medicines targeting Na<sub>V</sub>1.7 endures.",chembl_document,ok,2026-03-05T18:41:37.229646+00:00
10.1021/acs.jmedchem.9b00030,31310524,"Oxetane-containing ring systems are increasingly used in medicinal chemistry programs to modulate druglike properties. We have shown previously that oxetanes are hydrolyzed to diols by human microsomal epoxide hydrolase (mEH). Mapping the enzymes that contribute to drug metabolism is important since an exaggerated dependence on one specific isoenzyme increases the risk of drug-drug interactions with co-administered drugs. Herein, we illustrate that mEH-catalyzed hydrolysis is an important metabolic pathway for a set of more structurally diverse oxetanes and the degree of hydrolysis is modulated by minor structural modifications. A homology model based on the <i>Bombyx mori</i> EH crystal structure was used to rationalize substrate binding. This study shows that oxetanes can be used as drug design elements for directing metabolic clearance via mEH, thus potentially decreasing the dependence on cytochromes P450. Metabolism by mEH should be assessed early in the design process to understand the complete metabolic fate of oxetane-containing compounds, and further study is required to allow accurate pharmacokinetic predictions of its substrates.",chembl_document,ok,2026-03-05T18:41:37.229646+00:00
10.1021/acs.jmedchem.9b00444,31318208,"Small molecule JAK inhibitors have emerged as a major therapeutic advancement in treating autoimmune diseases. The discovery of isoform selective JAK inhibitors that traditionally target the catalytically active site of this kinase family has been a formidable challenge. Our strategy to achieve high selectivity for TYK2 relies on targeting the TYK2 pseudokinase (JH2) domain. Herein we report the late stage optimization efforts including a structure-guided design and water displacement strategy that led to the discovery of BMS-986165 (<b>11</b>) as a high affinity JH2 ligand and potent allosteric inhibitor of TYK2. In addition to unprecedented JAK isoform and kinome selectivity, <b>11</b> shows excellent pharmacokinetic properties with minimal profiling liabilities and is efficacious in several murine models of autoimmune disease. On the basis of these findings, <b>11</b> appears differentiated from all other reported JAK inhibitors and has been advanced as the first pseudokinase-directed therapeutic in clinical development as an oral treatment for autoimmune diseases.",chembl_document,ok,2026-03-05T18:41:37.229646+00:00
10.1021/acs.jmedchem.9b00525,31244112,"The phosphoinositide 3-kinase (PI3K)/mechanistic target of rapamycin (mTOR) pathway is frequently overactivated in cancer, and drives cell growth, proliferation, survival, and metastasis. Here, we report a structure-activity relationship study, which led to the discovery of a drug-like adenosine 5'-triphosphate-site PI3K/mTOR kinase inhibitor: (S)-4-(difluoromethyl)-5-(4-(3-methylmorpholino)-6-morpholino-1,3,5-triazin-2-yl)pyridin-2-amine (PQR530, compound 6), which qualifies as a clinical candidate due to its potency and specificity for PI3K and mTOR kinases, and its pharmacokinetic properties, including brain penetration. Compound 6 showed excellent selectivity over a wide panel of kinases and an excellent selectivity against unrelated receptor enzymes and ion channels. Moreover, compound 6 prevented cell growth in a cancer cell line panel. The preclinical in vivo characterization of compound 6 in an OVCAR-3 xenograft model demonstrated good oral bioavailability, excellent brain penetration, and efficacy. Initial toxicity studies in rats and dogs qualify 6 for further development as a therapeutic agent in oncology.",chembl_document,ok,2026-03-05T18:41:37.229646+00:00
10.1021/acs.jmedchem.9b00576,31298540,"Tertiary EGFR<sup>C797S</sup> mutation induced resistance against osimertinib (<b>1</b>) is an emerging ""unmet clinical need"" for non-small-cell lung cancer (NSCLC) patients. A series of 5-methylpyrimidopyridone derivatives were designed and synthesized as new selective EGFR<sup>L858R/T790M/C797S</sup> inhibitors. A representative compound, <b>8r-B</b>, exhibited an IC<sub>50</sub> of 27.5 nM against the EGFR<sup>L858R/T790M/C797S</sup> mutant, while being a significantly less potent for EGFR<sup>WT</sup> (IC<sub>50</sub> > 1.0 μM). Cocrystallographic structure determination and computational investigation were conducted to elucidate its target selectivity.",chembl_document,ok,2026-03-05T18:41:37.229646+00:00
10.1021/acs.jmedchem.9b00761,31385706,"Malaria is a devastating disease caused by <i>Plasmodium</i> parasites, resulting in approximately 435000 deaths in 2018. The impact of malaria is compounded by the emergence of widespread resistance to current antimalarial therapies. Recently, a new strategy was initiated to screen small molecule collections against the <i>Plasmodium</i> parasite enabling the identification of new antimalarial chemotypes with novel modes of action. This initiative ushered in the modern era of antimalarial drug development, and as a result, numerous lead candidates are advancing toward or are currently in human clinical trials. In this Perspective, we describe the development pathway of four of the most clinically advanced modern antimalarials, KAE609, KAF156, DSM265, and MMV048. Additionally, the mechanism of action and life-cycle stage specificity of the four antimalarials is discussed in relation to aligning with global strategies to treat and eliminate malaria. This perspective serves as a guide to the expectations of modern antimalarial drug development.",chembl_document,ok,2026-03-05T18:41:37.229646+00:00
10.1021/acs.jmedchem.9b00775,31549836,"Zika virus is an emerging flavivirus that causes the neurodevelopmental congenital Zika syndrome and that has been linked to the neuroinflammatory Guillain-Barré syndrome. The absence of a vaccine or a clinically approved drug to treat the disease combined with the likelihood that another outbreak will occur in the future defines an unmet medical need. Several promising drug candidate molecules have been reported via repurposing studies, high-throughput compound library screening, and de novo design in the short span of a few years. Intense research activity in this area has occurred in response to the World Health Organization declaration of a Public Health Emergency of International Concern on February 1, 2016. In this Perspective, the authors review the emergence of Zika virus, the biology of its replication, targets for therapeutic intervention, target product profile, and current drug development initiatives.",chembl_document,ok,2026-03-05T18:41:37.229646+00:00
10.1021/acs.jmedchem.9b00972,31465220,"The mechanistic target of rapamycin (mTOR) plays a pivotal role in growth and tumor progression and is an attractive target for cancer treatment. ATP-competitive mTOR kinase inhibitors (TORKi) have the potential to overcome limitations of rapamycin derivatives in a wide range of malignancies. Herein, we exploit a conformational restriction approach to explore a novel chemical space for the generation of TORKi. Structure-activity relationship (SAR) studies led to the identification of compound <b>12b</b> with a ∼450-fold selectivity for mTOR over class I PI3K isoforms. Pharmacokinetic studies in male Sprague Dawley rats highlighted a good exposure after oral dosing and a minimum brain penetration. CYP450 reactive phenotyping pointed out the high metabolic stability of <b>12b</b>. These results identify the tricyclic pyrimido-pyrrolo-oxazine moiety as a novel scaffold for the development of highly selective mTOR inhibitors for cancer treatment.",chembl_document,ok,2026-03-05T18:41:37.229646+00:00
10.1021/acs.jmedchem.9b01140,31549838,"Genetic evidence points to deposition of amyloid-β (Aβ) as a causal factor for Alzheimer's disease. Aβ generation is initiated when β-secretase (BACE1) cleaves the amyloid precursor protein. Starting with an oxazine lead 1, we describe the discovery of a thiazine-based BACE1 inhibitor 5 with robust Aβ reduction in vivo at low concentrations, leading to a low projected human dose of 14 mg/day where 5 achieved sustained Aβ reduction of 80% at trough level.",chembl_document,ok,2026-03-05T18:41:37.229646+00:00
10.1021/acs.jmedchem.9b01295,31710489,"The RAS/MAPK pathway is a major driver of oncogenesis and is dysregulated in approximately 30% of human cancers, primarily by mutations in the BRAF or RAS genes. The extracellular-signal-regulated kinases (ERK1 and ERK2) serve as central nodes within this pathway. The feasibility of targeting the RAS/MAPK pathway has been demonstrated by the clinical responses observed through the use of BRAF and MEK inhibitors in BRAF V600E/K metastatic melanoma; however, resistance frequently develops. Importantly, ERK1/2 inhibition may have clinical utility in overcoming acquired resistance to RAF and MEK inhibitors, where RAS/MAPK pathway reactivation has occurred, such as relapsed BRAF V600E/K melanoma. We describe our structure-based design approach leading to the discovery of AZD0364, a potent and selective inhibitor of ERK1 and ERK2. AZD0364 exhibits high cellular potency (IC50 = 6 nM) as well as excellent physicochemical and absorption, distribution, metabolism, and excretion (ADME) properties and has demonstrated encouraging antitumor activity in preclinical models.",chembl_document,ok,2026-03-05T18:41:37.229646+00:00
10.1021/acs.jmedchem.9b01549,31961685,"Indoleamine 2,3-dioxygenase (IDO1) inhibitors are speculated to be useful in cancer immunotherapy, but a phase III clinical trial of the most advanced IDO1 inhibitor, epacadostat, did not meet its primary end point and was abandoned. In previous work, we identified the novel IDO1 inhibitor N-(4-chlorophenyl)-2-((5-phenylthiazolo[2,3-c][1,2,4]triazol-3-yl)thio)acetamide 1 through high-throughput screening (HTS). Herein, we report a structure-activity relationship (SAR) study of this compound, which resulted in the potent IDO1 inhibitor 1-(4-cyanophenyl)-3-(3-(cyclopropylethynyl)imidazo[2,1-b]thiazol-5-yl)thiourea 47 (hIDO IC50 = 16.4 nM). X-ray cocrystal structural analysis revealed that the basis for this high potency is a unique sulfur-aromatic interaction network formed by the thiourea moiety of 47 with F163 and F226. This finding is expected to inspire new approaches toward the discovery of potent IDO1 inhibitors in the future.",chembl_document,ok,2026-03-05T18:41:37.229646+00:00
10.1021/acs.jmedchem.9b01621,31940200,"Farnesoid X receptor (FXR) agonists are emerging as important potential therapeutics for the treatment of nonalcoholic steatohepatitis (NASH) patients, as they exert positive effects on multiple aspects of the disease. FXR agonists reduce lipid accumulation in the liver, hepatocellular inflammation, hepatic injury, and fibrosis. While there are currently no approved therapies for NASH, the bile acid-derived FXR agonist obeticholic acid (OCA; 6-ethyl chenodeoxycholic acid) has shown promise in clinical studies. Previously, we described the discovery of tropifexor (LJN452), the most potent non-bile acid FXR agonist currently in clinical investigation. Here, we report the discovery of a novel chemical series of non-bile acid FXR agonists based on a tricyclic dihydrochromenopyrazole core from which emerged nidufexor (LMB763), a compound with partial FXR agonistic activity in vitro and FXR-dependent gene modulation in vivo. Nidufexor has advanced to Phase 2 human clinical trials in patients with NASH and diabetic nephropathy.",chembl_document,ok,2026-03-05T18:41:37.229646+00:00
10.1021/acs.jmedchem.9b01701,31930920,"Nonalcoholic steatohepatitis (NASH) is a severe form of nonalcoholic fatty liver disease (NAFLD) characterized by liver steatosis, inflammation, and hepatocellular damage. NASH is a serious condition that can progress to cirrhosis, liver failure, and hepatocellular carcinoma. The association of NASH with obesity, type 2 diabetes mellitus, and dyslipidemia has led to an emerging picture of NASH as the liver manifestation of metabolic syndrome. Although diet and exercise can dramatically improve NASH outcomes, significant lifestyle changes can be challenging to sustain. Pharmaceutical therapies could be an important addition to care, but currently none are approved for NASH. Here, we review the most promising targets for NASH treatment, along with the most advanced therapeutics in development. These include targets involved in metabolism (e.g., sugar, lipid, and cholesterol metabolism), inflammation, and fibrosis. Ultimately, combination therapies addressing multiple aspects of NASH pathogenesis are expected to provide benefit for patients.",chembl_document,ok,2026-03-05T18:41:37.229646+00:00
10.1021/acs.jmedchem.9b01784,32208600,"The bromodomain and extra-terminal (BET) family proteins have recently emerged as promising drug targets for cancer therapy. In this study, identification of an 8-methyl-pyrrolo[1,2-a]pyrazin-1(2H)-one fragment (47) as a new binder to the BET bromodomains and the subsequent incorporation of fragment 47 to the scaffold of ABBV-075, which recently entered Phase I clinical trials, enabled the generation of a series of highly potent BET bromodomain inhibitors. Further druggability optimization led to the discovery of compound 38 as a potential preclinical candidate. Significantly, compared with ABBV-075, which exhibits a 63-fold selectivity for BRD4(1) over EP300, compound 38 demonstrates an excellent selectivity for the BET bromodomain family over other bromodomains, with an ∼1500-fold selectivity for BRD4(1) over EP300. Orally administered 38 achieves a complete inhibition of tumor growth with a tumor growth inhibition (TGI) of 99.7% accompanied by good tolerability.",chembl_document,ok,2026-03-05T18:41:37.229646+00:00
10.1021/acs.jmedchem.9b02075,32259446,"Tuberculosis (TB) continues to claim the lives of around 1.7 million people per year. Most concerning are the reports of multidrug drug resistance. Paradoxically, this global health pandemic is demanding new therapies when resources and interest are waning. However, continued tuberculosis drug discovery is critical to address the global health need and burgeoning multidrug resistance. Many diverse classes of antitubercular compounds have been identified with activity in vitro and in vivo. Our analyses of over 100 active leads are representative of thousands of active compounds generated over the past decade, suggests that they come from few chemical classes or natural product sources. We are therefore repeatedly identifying compounds that are similar to those that preceded them. Our molecule-centered cheminformatics analyses point to the need to dramatically increase the diversity of chemical libraries tested and get outside of the historic <i>Mtb</i> property space if we are to generate novel improved antitubercular leads.",chembl_document,ok,2026-03-05T18:41:37.229646+00:00
10.1021/acs.jmedchem.9b02149,32031803,"We previously reported a milestone in the optimization of NBD-11021, an HIV-1 gp120 antagonist, by developing a new and novel analogue, NBD-14189 (<b>Ref1</b>), which showed antiviral activity against HIV-1<sub>HXB2</sub>, with a half maximal inhibitory concentration of 89 nM. However, cytotoxicity remained high, and the absorption, distribution, metabolism, and excretion (ADME) data showed relatively poor aqueous solubility. To optimize these properties, we replaced the phenyl ring in the compound with a pyridine ring and synthesized a set of 48 novel compounds. One of the new analogues, NBD-14270 (<b>8</b>), showed a marked improvement in cytotoxicity, with 3-fold and 58-fold improvements in selectivity index value compared with that of <b>Ref1</b> and NBD-11021, respectively. Furthermore, the in vitro ADME data clearly showed improvements in aqueous solubility and other properties compared with those for <b>Ref1</b>. The data for <b>8</b> indicated that the pyridine scaffold is a good bioisostere for phenyl, allowing the further optimization of this molecule.",chembl_document,ok,2026-03-05T18:41:37.229646+00:00
10.1021/acs.jnatprod.0c00968,33352046,"Three families of RNA viruses, the <i>Coronaviridae</i>, <i>Flaviviridae</i>, and <i>Filoviridae</i>, collectively have great potential to cause epidemic disease in human populations. The current SARS-CoV-2 (<i>Coronaviridae</i>) responsible for the COVID-19 pandemic underscores the lack of effective medications currently available to treat these classes of viral pathogens. Similarly, the <i>Flaviviridae</i>, which includes such viruses as Dengue, West Nile, and Zika, and the <i>Filoviridae</i>, with the Ebola-type viruses, as examples, all lack effective therapeutics. In this review, we present fundamental information concerning the biology of these three virus families, including their genomic makeup, mode of infection of human cells, and key proteins that may offer targeted therapies. Further, we present the natural products and their derivatives that have documented activities to these viral and host proteins, offering hope for future mechanism-based antiviral therapeutics. By arranging these potential protein targets and their natural product inhibitors by target type across these three families of virus, new insights are developed, and crossover treatment strategies are suggested. Hence, natural products, as is the case for other therapeutic areas, continue to be a promising source of structurally diverse new anti-RNA virus therapeutics.",chembl_document,ok,2026-03-05T18:41:37.229646+00:00
10.1021/acs.jnatprod.0c01324,33844528,"The coronaviruses disease 2019 (COVID-19) caused by a novel coronavirus (SARS-CoV-2) has become a major health problem, affecting more than 50 million people with over one million deaths globally. Effective antivirals are still lacking. Here, we optimized a high-content imaging platform and the plaque assay for viral output study using the legitimate model of human lung epithelial cells, Calu-3, to determine the anti-SARS-CoV-2 activity of <i>Andrographis paniculata</i> extract and its major component, andrographolide. SARS-CoV-2 at 25TCID<sub>50</sub> was able to reach the maximal infectivity of 95% in Calu-3 cells. Postinfection treatment of <i>A. paniculata</i> and andrographolide in SARS-CoV-2-infected Calu-3 cells significantly inhibited the production of infectious virions with an IC<sub>50</sub> of 0.036 μg/mL and 0.034 μM, respectively, as determined by the plaque assay. The cytotoxicity profile developed over the cell line representatives of major organs, including liver (HepG2 and imHC), kidney (HK-2), intestine (Caco-2), lung (Calu-3), and brain (SH-SY5Y), showed a CC<sub>50</sub> of >100 μg/mL for <i>A. paniculata</i> extract and 13.2-81.5 μM for andrographolide, respectively, corresponding to a selectivity index of over 380. In conclusion, this study provided experimental evidence in favor of <i>A. paniculata</i> and andrographolide for further development as a monotherapy or in combination with other effective drugs against SARS-CoV-2 infection.",chembl_document,ok,2026-03-05T18:41:37.229646+00:00
10.1021/acs.jnatprod.2c00015,35290044,"Since early 2020, disease caused by the severe acute respiratory syndrome coronavirus 2 (SARS-CoV-2) has become a global pandemic, causing millions of infections and deaths worldwide. Despite rapid deployment of effective vaccines, it is apparent that the global community lacks multipronged interventions to combat viral infection and disease. A major limitation is the paucity of antiviral drug options representing diverse molecular scaffolds and mechanisms of action. Here we report the antiviral activities of three distinct marine natural products─homofascaplysin A (<b>1</b>), (+)-aureol (<b>2</b>), and bromophycolide A (<b>3</b>)─evidenced by their ability to inhibit SARS-CoV-2 replication at concentrations that are nontoxic toward human airway epithelial cells. These compounds stand as promising candidates for further exploration toward the discovery of novel drug leads against SARS-CoV-2.",chembl_document,ok,2026-03-05T18:41:37.229646+00:00
10.1021/acs.jnatprod.2c00550,36223390,"Dihydromaniwamycin E (<b>1</b>), a new maniwamycin derivative featuring an azoxy moiety, has been isolated from the culture extract of thermotolerant <i>Streptomyces</i> sp. JA74 along with the known analogue maniwamycin E (<b>2</b>). Compound <b>1</b> is produced only by cultivation of strain JA74 at 45 °C, and this type of compound has been previously designated a ""heat shock metabolite (HSM)"" by our research group. Compound <b>2</b> is detected as a production-enhanced metabolite at high temperature. Structures of <b>1</b> and <b>2</b> are elucidated by NMR and MS spectroscopic analyses. The absolute structure of <b>1</b> is determined after the total synthesis of four stereoisomers. Though the absolute structure of <b>2</b> has been proposed to be the same as the structure of maniwamycin D, the NMR and the optical rotation value of <b>2</b> are in agreement with those of maniwamycin E. Therefore, this study proposes a structural revision of maniwamycins D and E. Compounds <b>1</b> and <b>2</b> show inhibitory activity against the influenza (H1N1) virus infection of MDCK cells, demonstrating IC<sub>50</sub> values of 25.7 and 63.2 μM, respectively. Notably, <b>1</b> and <b>2</b> display antiviral activity against SARS-CoV-2, the causative agent of COVID-19, when used to infect 293TA and VeroE6T cells, with <b>1</b> and <b>2</b> showing IC<sub>50</sub> values (for infection of 293TA cells) of 19.7 and 9.7 μM, respectively. The two compounds do not exhibit cytotoxicity in these cell lines at those IC<sub>50</sub> concentrations.",chembl_document,ok,2026-03-05T18:41:37.229646+00:00
10.1021/acs.jnatprod.2c00736,36399766,"Coronavirus disease-2019 (COVID-19), caused by severe acute respiratory syndrome coronavirus-2 (SARS-CoV-2) infection, has become a pandemic and public health crisis. SARS-CoV-2 and the seasonal common cold coronavirus (HCoV-OC43) belong to the beta genus of human coronaviruses (HCoVs). In-cell ELISA assays were performed using HCoV-OC43 and SARS-CoV-2 and evaluated the antiviral activity of herbal plants. <i>Eurycoma longifolia</i> (EL) and <i>Eurycoma harmandiana</i> (EH) roots (antipyretic properties) and their constituent quassinoids, especially chaparrinone and eurycomalactone, showed potent anti-HCoV-OC43 and SARS-CoV-2 activities, and the low IC<sub>50</sub> values of the mentioned constituents were observed in the range of 0.32-0.51 μM. Eurycomanone and 13β,21-dihydroeurycomanone may contribute to the antiviral activity of EL, whereas chaparrinone is the major and active antiviral constituent of EH root. The content of quassinoids, β<i>-</i>carboline, and canthin-6-one alkaloids and the cytotoxicity profile of EL and EH extracts were varied regarding extraction solvents. The boiled water and 50% EtOH extractions of both plants were less toxic than those with 95% EtOH as the extraction solvent. Our research suggests that quassinoids, which come from EL and EH roots and are anti-coronavirus compounds, are potential treatment candidates for COVID-19 and merit further <i>in vivo</i> investigations.",chembl_document,ok,2026-03-05T18:41:37.229646+00:00
10.1021/acs.jnatprod.2c00843,36651644,"In this study, an integrated in silico-in vitro approach was employed to discover natural products (NPs) active against SARS-CoV-2. The two SARS-CoV-2 viral proteases, i.e., main protease (M<sup>pro</sup>) and papain-like protease (PL<sup>pro</sup>), were selected as targets for the in silico study. Virtual hits were obtained by docking more than 140,000 NPs and NP derivatives available in-house and from commercial sources, and 38 virtual hits were experimentally validated in vitro using two enzyme-based assays. Five inhibited the enzyme activity of SARS-CoV-2 M<sup>pro</sup> by more than 60% at a concentration of 20 μM, and four of them with high potency (IC<sub>50</sub> < 10 μM). These hit compounds were further evaluated for their antiviral activity against SARS-CoV-2 in Calu-3 cells. The results from the cell-based assay revealed three mulberry Diels-Alder-type adducts (MDAAs) from <i>Morus alba</i> with pronounced anti-SARS-CoV-2 activities. Sanggenons C (<b>12</b>), O (<b>13</b>), and G (<b>15</b>) showed IC<sub>50</sub> values of 4.6, 8.0, and 7.6 μM and selectivity index values of 5.1, 3.1 and 6.5, respectively. The docking poses of MDAAs in SARS-CoV-2 M<sup>pro</sup> proposed a butterfly-shaped binding conformation, which was supported by the results of saturation transfer difference NMR experiments and competitive <sup>1</sup>H relaxation dispersion NMR spectroscopy.",chembl_document,ok,2026-03-05T18:41:37.229646+00:00
10.1021/acs.jnatprod.3c00159,37043739,"Botanical natural products have been widely consumed for their purported usefulness against COVID-19. Here, six botanical species from multiple sources and 173 isolated natural product compounds were screened for blockade of wild-type (WT) SARS-CoV-2 infection in human 293T epithelial cells overexpressing ACE-2 and TMPRSS2 protease (293TAT). Antiviral activity was demonstrated by an extract from <i>Stephania tetrandra</i>. Extract fractionation, liquid chromatography-mass spectrometry (LC-MS), antiviral assays, and computational analyses revealed that the alkaloid fraction and purified alkaloids tetrandrine, fangchinoline, and cepharanthine inhibited WT SARS-CoV-2 infection. The alkaloids and alkaloid fraction also inhibited the delta variant of concern but not WT SARS-CoV-2 in VeroAT cells. Membrane permeability assays demonstrate that the alkaloids are biologically available, although fangchinoline showed lower permeability than tetrandrine. At high concentrations, the extract, alkaloid fractions, and pure alkaloids induced phospholipidosis in 293TAT cells and less so in VeroAT cells. Gene expression profiling during virus infection suggested that alkaloid fraction and tetrandrine displayed similar effects on cellular gene expression and pathways, while fangchinoline showed distinct effects on cells. Our study demonstrates a multifaceted approach to systematically investigate the diverse activities conferred by complex botanical mixtures, their cell-context specificity, and their pleiotropic effects on biological systems.",chembl_document,ok,2026-03-05T18:41:37.229646+00:00
10.1021/acs.jnatprod.3c00249,37257024,"Aurones are a small subgroup of flavonoids in which the basic C<sub>6</sub>-C<sub>3</sub>-C<sub>6</sub> skeleton is arranged as (<i>Z</i>)-2-benzylidenebenzofuran-3(2<i>H</i>)-one. These compounds are structural isomers of flavones and flavonols, natural products reported as potent inhibitors of SARS-CoV-2 replication. Herein, we report the design, synthesis, and anti-SARS-CoV-2 activity of a series of 25 aurones bearing different oxygenated groups (OH, OCH<sub>3</sub>, OCH<sub>2</sub>OCH<sub>3</sub>, OCH<sub>2</sub>O, OCF<sub>2</sub>H, and OCH<sub>2</sub>C<sub>6</sub>H<sub>4</sub>R) at the A- and/or B-rings using cell-based screening assays. We observed that 12 of the 25 compounds exhibit EC<sub>50</sub> < 3 μM (<b>8e</b>, <b>8h</b>, <b>8j</b>, <b>8k</b>, <b>8l</b>, <b>8m</b>, <b>8p</b>, <b>8q</b>, <b>8r</b>, <b>8w</b>, <b>8x</b>, and <b>8y</b>), of which five presented EC<sub>50</sub> < 1 μM (<b>8h</b>, <b>8m</b>, <b>8p</b>, <b>8q</b>, and <b>8w</b>) without evident cytotoxic effect in Calu-3 cells. The substitution of the A- and/or B-ring with OCH<sub>3</sub>, OCH<sub>2</sub>OCH<sub>3</sub>, and OCF<sub>2</sub>H groups seems beneficial for the antiviral activity, while the corresponding phenolic derivatives showed a significant decrease in the anti-SARS-CoV-2 activity. The most potent compound of the series, aurone <b>8q</b> (EC<sub>50</sub> = 0.4 μM, SI = 2441.3), is 2 to 3 times more effective than the polyphenolic flavonoids myricetin (<b>2</b>) and baicalein (<b>1</b>), respectively. Investigation of the five more active compounds as inhibitors of SARS-CoV-2 3CL<sup>pro</sup> based on molecular dynamic calculations suggested that these aurones should detach from the active site of 3CL<sup>pro</sup>, and, probably, they could bind to another SARS-CoV-2 protein target (either receptor or enzyme).",chembl_document,ok,2026-03-05T18:41:37.229646+00:00
10.1021/acs.jnatprod.3c00875,38242544,"The urgent need for new classes of orally available, safe, and effective antivirals─covering a breadth of emerging viruses─is evidenced by the loss of life and economic challenges created by the HIV-1 and SARS-CoV-2 pandemics. As frontline interventions, small-molecule antivirals can be deployed prophylactically or postinfection to control the initial spread of outbreaks by reducing transmissibility and symptom severity. Natural products have an impressive track record of success as prototypic antivirals and continue to provide new drugs through synthesis, medicinal chemistry, and optimization decades after discovery. Here, we demonstrate an approach using computational analysis typically used for rational drug design to identify and develop natural product-inspired antivirals. This was done with the goal of identifying natural product prototypes to aid the effort of progressing toward safe, effective, and affordable broad-spectrum inhibitors of <i>Betacoronavirus</i> replication by targeting the highly conserved RNA 2'-<i>O</i>-methyltransferase (2'-O-MTase). Machaeriols RS-1 (<b>7</b>) and RS-2 (<b>8</b>) were identified using a previously outlined informatics approach to first screen for natural product prototypes, followed by <i>in silico</i>-guided synthesis. Both molecules are based on a rare natural product group. The machaeriols (<b>3</b>-<b>6</b>), isolated from the genus <i>Machaerium</i>, endemic to Amazonia, inhibited the SARS-CoV-2 2'-O-MTase more potently than the positive control, Sinefungin (<b>2</b>), and <i>in silico</i> modeling suggests distinct molecular interactions. This report highlights the potential of computationally driven screening to leverage natural product libraries and improve the efficiency of isolation or synthetic analog development.",chembl_document,ok,2026-03-05T18:41:37.229646+00:00
10.1021/acs.jnatprod.4c00342,39028935,"In the search of new inhibitors for human coronavirus (HCoV), we screened extracts of endemic Annonaceae plants on an assay using a cellular model of Huh-7 cells infected with the human alphacoronavirus HCoV-229E. The EtOAc bark extract of the rare Southeast Asian plant <i>Neo-uvaria foetida</i> exhibited inhibition of HCoV-229E and SARS-CoV-2 viruses with IC<sub>50</sub> values of 3.8 and 7.8 μg/mL, respectively. Using LC-MS/MS and molecular networking analysis guided isolation, we discovered two new labdane-type diterpenoids, 8-<i>epi</i>-acuminolide (<b>1</b>) and foetidalabdane A (<b>4</b>), and three known labdane diterpenoids, acuminolide (<b>2</b>), 17-<i>O</i>-acetylacuminolide (<b>3</b>), and spiroacuminolide (<b>5</b>). A new norlabdane diterpene, 16-foetinorlabdoic acid (<b>6</b>), was also isolated and identified. Excluding compounds <b>5</b> and <b>6</b>, all other metabolites were active against the virus HCoV-229E. Terpenoids <b>1</b> and <b>4</b> presented antiviral activity against SARS-CoV-2 with IC<sub>50</sub> values of 63.3 and 93.5 μM, respectively, indicating lower potency. Additionally, virological assays demonstrated that compounds <b>1</b>, <b>2</b>, and <b>3</b> exert antiviral effects against Zika virus by specifically interfering with the late stage of its infectious cycle with IC<sub>50</sub> values of 76.0, 31.9, and 14.9 μM, respectively.",chembl_document,ok,2026-03-05T18:41:37.229646+00:00
10.1021/acs.jnatprod.9b00659,31718182,"Natural triterpenoids, such as oleanolic acid (OA) and hederagenin, display anti-lung cancer effects, and nitric oxide (NO) is associated with some oncogenic signaling pathways. Accordingly, 17 OA/hederagenin-NO donor hybrids were designed, synthesized, and evaluated against tumor cells. The most potent compound, 13, significantly inhibited the proliferation of five tumor cell lines (IC50 4.6-5.2 μM), while hederagenin inhibited the growth of only A549 tumor cells (IC50 > 10 μM). Furthermore, compound 13 showed stronger inhibitory effects on EGFR-LTC kinase activity (IC50 0.01 μM) than hederagenin (IC50 > 20 μM) and inhibited the proliferation of gefitinib-resistant H1975 (IC50 8.1 μM) and osimertinib-resistant H1975-LTC (IC50 7.6 μM) non-small-cell lung cancer (NSCLC) cells. Moreover, compound 13 produced the most NO in H1975 tumor cells, which indicated that NO may play a synergistic role. Collectively, compound 13, a novel hederagenin-NO donor hybrid with a different chemical structure from those of the current FDA-approved EGFR-targeted anti-NSCLC drugs, may be a promising lead compound for the treatment of NSCLC expressing gefitinib-resistant EGFR with a T790 M mutation or osimertinib-resistant EGFR-LTC with an L858R/T790M/C797S mutation. This work should shed light on the discovery of new anti-NSCLC drugs targeting EGFR from natural products.",chembl_document,ok,2026-03-05T18:41:37.229646+00:00
10.1021/acsmedchemlett.0c00004,32292562,"A class of imidazoisoindole (III) heme-binding indoleamine-2,3-dioxygenase (IDO1) inhibitors were optimized via structure-based drug design into a series of tryptophan-2,3-dioxygenase (TDO)-selective inhibitors. Kynurenine pathway modulation was demonstrated in vivo, which enabled evaluation of TDO as a potential cancer immunotherapy target. As means of mitigating the risk of drug-drug interactions arising from cytochrome P450 inhibition, a novel property-based drug design parameter, herein referred to as the CYP Index, was implemented for the design of inhibitors with appreciable selectivity for TDO over CYP3A4. We anticipate the CYP Index will be a valuable design parameter for optimizing CYP inhibition of any small molecule inhibitor containing a Lewis basic motif capable of binding heme.",chembl_document,ok,2026-03-05T18:41:37.229646+00:00
10.1021/acsmedchemlett.0c00045,32551002,"Histone methyltransferase EZH2, which is the catalytic subunit of the PRC2 complex, catalyzes the methylation of histone H3K27-a transcriptionally repressive post-translational modification (PTM). EZH2 is commonly mutated in hematologic malignancies and frequently overexpressed in solid tumors, where its expression level often correlates with poor prognosis. First generation EZH2 inhibitors are beginning to show clinical benefit, and we believe that a second generation EZH2 inhibitor could further build upon this foundation to fully realize the therapeutic potential of EZH2 inhibition. During our medicinal chemistry campaign, we identified 4-thiomethyl pyridone as a key modification that led to significantly increased potency and prolonged residence time. Leveraging this finding, we optimized a series of EZH2 inhibitors, with enhanced antitumor activity and improved physiochemical properties, which have the potential to expand the clinical use of EZH2 inhibition.",chembl_document,ok,2026-03-05T18:41:37.229646+00:00
10.1021/acsmedchemlett.0c00235,32550985,,pubmed_doi_fallback,not_found,2026-03-05T18:41:41.550799+00:00
10.1021/acsmedchemlett.0c00294,33214826,"Bromodomain-containing protein 4 (Brd4) plays a critical regulatory role in gene transcription that has been recently recognized as a promising strategy for cancer therapy. Based on the BRD4 protein containing two tandem bromodomain structures, BD1 and BD2, we designed and synthesized a series of 3,5-dimethylisoxazole derivative dimers targeting both bromodomains simultaneously to enhance protein binding potency. Among them, compound 22 significantly inhibited the proliferation of colorectal cancer cells HCT116 (IC = 162 nM), with a 20-fold increase in antiproliferative activity compared to inhibitor 14. The results of WesternBlot showed that compound 22 could down-regulate c-MYC protein levels and up-regulate HEXIM1 expression and modulate apoptosis through intrinsic pathways. In addition, compound 22 exhibited outstanding antitumor efficacy in the CT-26 tumor mouse model with a tumor suppression rate of 56.1%. Taken together, 3,5-dimethylisoxazole derivative dimer 22 has remarkable protein inhibitory effect and antitumor activity in vitro and in vivo. A protein binding model of compound 22 is being further analyzed, which will facilitate the development of bivalent BRD4 inhibitors and probe the biological function of BRD4.",chembl_document,ok,2026-03-05T18:41:37.229646+00:00
10.1021/acsmedchemlett.0c00316,32665809,"While remdesivir has garnered much hope for its moderate anti-Covid-19 effects, its parent nucleoside, GS-441524, has been overlooked. Pharmacokinetic analysis of remdesivir evidences premature serum hydrolysis to GS-441524; GS-441524 is the predominant metabolite reaching the lungs. With its synthetic simplicity and <i>in vivo</i> efficacy in the veterinary setting, we contend that GS-441524 is superior to remdesivir for Covid-19 treatment.",chembl_document,ok,2026-03-05T18:41:37.229646+00:00
10.1021/acsmedchemlett.0c00485,33479570,"In addition to its therapeutic value as a chemotherapy drug, gemcitabine is of ongoing interest to the scientific community for its broad-spectrum antiviral activity. Herein the synthesis of 4'-methoxy- and 4'-fluoro-substituted gemcitabine analogues along with their phosphoramidate prodrugs is described. Among these derivatives, 4'-fluorogemcitabine proved to be active against varicella zoster virus (VZV, TK+ strain) with an EC of 0.042 μM and produced significant cytotoxicity (CC = 0.11 μM). Upon derivatization of this trifluoro nucleoside as its prodrug, decreased anti-VZV activity was observed, but with a concomitantly improved selectivity index (SI = 36). When this prodrug was tested against severe acute respiratory syndrome coronavirus 2 (SARS-CoV-2), its antiviral activity (EC = 0.73 μM) was comparable to or slightly lower than its cytotoxic concentration in measurements of cell growth and cell morphology, respectively.",chembl_document,ok,2026-03-05T18:41:37.229646+00:00
10.1021/acsmedchemlett.0c00521,33324471,"A consensus virtual screening protocol has been applied to ca. 2000 approved drugs to seek inhibitors of the main protease (M) of SARS-CoV-2, the virus responsible for COVID-19. 42 drugs emerged as top candidates, and after visual analyses of the predicted structures of their complexes with M, 17 were chosen for evaluation in a kinetic assay for M inhibition. Remarkably 14 of the compounds at 100-μM concentration were found to reduce the enzymatic activity and 5 provided IC values below 40 μM: manidipine (4.8 μM), boceprevir (5.4 μM), lercanidipine (16.2 μM), bedaquiline (18.7 μM), and efonidipine (38.5 μM). Structural analyses reveal a common cloverleaf pattern for the binding of the active compounds to the P1, P1', and P2 pockets of M. Further study of the most active compounds in the context of COVID-19 therapy is warranted, while all of the active compounds may provide a foundation for lead optimization to deliver valuable chemotherapeutics to combat the pandemic.",chembl_document,ok,2026-03-05T18:41:37.229646+00:00
10.1021/acsmedchemlett.1c00031,34267877,"Synthetic endoperoxide antimalarials, such as 1,2,4-trioxolanes and 1,2,4,5-tetraoxanes, are promising successors for current front-line antimalarials, semisynthetic artemisinin derivatives. However, limited solubility of second-generation analogues in biological-relevant media represents a barrier in clinical development. We present methodology for the synthesis of nonlinear analogues of second-generation tetraoxane antimalarials E209 and N205 to investigate reduced molecular symmetry on in vitro antimalarial activity and physicochemical properties. While maintaining good antimalarial activity and metabolic stability, head-to-head comparison of linear and nonlinear counterparts showed up to 10-fold improvement in FaSSIF solubility for three of the four analogues studied. Pharmacokinetic studies in rats comparing a selected nonlinear analogue <b>14a</b> and its parent N205 showed improvement on oral absorption and exposure in vivo with more than double the AUC and a significant increase in oral bioavailability (76% versus 41%). These findings provide support for further in vivo efficacy studies in preclinical animal species.",chembl_document,ok,2026-03-05T18:41:37.229646+00:00
10.1021/acsmedchemlett.1c00326,34408808,"Non-covalent inhibitors of the main protease (M<sup>pro</sup>) of SARS-CoV-2 having a pyridinone core were previously reported with IC<sub>50</sub> values as low as 0.018 μM for inhibition of enzymatic activity and EC<sub>50</sub> values as low as 0.8 μM for inhibition of viral replication in Vero E6 cells. The series has now been further advanced by consideration of placement of substituted five-membered-ring heterocycles in the S4 pocket of M<sup>pro</sup> and N-methylation of a uracil ring. Free energy perturbation calculations provided guidance on the choice of the heterocycles, and protein crystallography confirmed the desired S4 placement. Here we report inhibitors with EC<sub>50</sub> values as low as 0.080 μM, while remdesivir yields values of 0.5-2 μM in side-by-side testing with infectious SARS-CoV-2. A key factor in the improvement is enhanced cell permeability, as reflected in PAMPA measurements. Compounds <b>19</b> and <b>21</b> are particularly promising as potential therapies for COVID-19, featuring IC<sub>50</sub> values of 0.044-0.061 μM, EC<sub>50</sub> values of ca. 0.1 μM, good aqueous solubility, and no cytotoxicity.",chembl_document,ok,2026-03-05T18:41:37.229646+00:00
10.1021/acsmedchemlett.1c00481,34745429,"The coronavirus disease 2019 (COVID-19) pandemic caused by severe acute respiratory syndrome coronavirus 2 (SARS-CoV-2) has stimulated the search for effective drugs for its prevention and treatment. Natural products are an important source for new drug discovery. Here, we report that, NK007(<i>S</i>,<i>R</i>), a tylophorine malate, displays high antiviral activity against SARS-CoV-2 with an EC<sub>50</sub> 0.03 μM <i>in vitro</i>, which is substantially lower than that of remdesivir (EC<sub>50</sub>: 0.8 μM <i>in vitro</i>), the only authorized drug to date. The histopathological research revealed that NK007(<i>S</i>,<i>R</i>) (5 mg/kg/dose) displayed a protection effect in lung injury induced by SARS-CoV-2, which is better than remdesivir (25 mg/kg/dose). We also prepared two nanosized preparations of NK007(<i>S</i>,<i>R</i>), which also showed good efficacy (EC<sub>50</sub>: NP-NK007, 0.007 μM <i>in vitro</i>; LP-NK007, 0.014 μM <i>in vitro</i>). Our findings suggest that tylophora alkaloids, isolated from the traditional Chinese medicine <i>Cynanchum komarovii AL,</i> offer a new skeleton for the development of anticoronavirus drug candidate.",chembl_document,ok,2026-03-05T18:41:37.229646+00:00
10.1021/acsmedchemlett.1c00555,35178175,"A series of brigatinib derivatives were designed and synthesized as new potent and selective EGFR<sup>T790M/C797S</sup> inhibitors. One of the most potent and selective compounds <b>18k</b> strongly suppressed the EGFR<sup>L858R/T790M/C797S</sup> and EGFR<sup>19Del/T790M/C797S</sup> kinases with IC<sub>50</sub> values of 0.7 and 3.6 nM, respectively, which were over 54-fold more potent than the lead compound. <b>18k</b> also demonstrated promising EGFR<sup>T790M/C797S</sup> mutant selectivity, and was 94-fold less potent against the wild type EGFR. A cocrystal structure of EGFR<sup>T790M/C797S</sup> with a close derivative <b>18f</b> was solved to provide insight on the inhibitor's binding mode. Moreover, compound <b>18k</b> was orally bioavailable and demonstrated highly desirable PK properties, making it a promising lead compound for further structural optimization.",chembl_document,ok,2026-03-05T18:41:37.229646+00:00
10.1021/acsmedchemlett.2c00265,36097498,"Taking advantage of the uniquely constricted active site of SARS-CoV-2 Nsp14 methyltransferase, we have designed bisubstrate inhibitors interacting with the SAM and RNA substrate binding pockets. Our efforts have led to nanomolar inhibitors including compounds <b>3</b> and <b>10</b>. As a prototypic inhibitor, compound <b>3</b> also has an excellent selectivity profile over a panel of human methyltransferases. Remarkably, <i>C</i>-nucleoside <b>10</b> exhibits high antiviral activity and low cytotoxicity, leading to a therapeutic index (CC<sub>50</sub>/EC<sub>50</sub>) greater than 139. Furthermore, a brief metabolic profiling of these two compounds suggests that they are less likely to suffer from major metabolic liabilities. Moreover, computational docking studies point to protein-ligand interactions that can be exploited to enhance inhibitory activity. In short, discovery of inhibitor <b>10</b> clearly demonstrates that potent and selective anti-SARS-CoV-2 activity can be achieved by targeting the Nsp14 methyltransferase. Therefore, the current work strongly supports the continued pursuit of Nsp14 methyltransferase inhibitors as COVID-19 therapeutics.",chembl_document,ok,2026-03-05T18:41:37.229646+00:00
10.1021/acsmedchemlett.2c00514,37197473,"Drug resistance mutations emerging during the treatment of non-small cell lung cancer (NSCLC) with epidermal growth factor receptor (EGFR) inhibitors represent a major challenge in personalized cancer treatment and require constant development of new inhibitors. For the covalent irreversible EGFR inhibitor osimertinib, the predominant resistance mechanism is the acquired C797S mutation, which abolishes the covalent anchor point and thus results in a dramatic loss in potency. In this study, we present next-generation reversible EGFR inhibitors with the potential to overcome this EGFR-C797S resistance mutation. For this, we combined the reversible methylindole-aminopyrimidine scaffold known from osimertinib with the affinity driving isopropyl ester of mobocertinib. By occupying the hydrophobic back pocket, we were able to generate reversible inhibitors with subnanomolar activity against EGFR-L858R/C797S and EGFR-L858R/T790M/C797S with cellular activity on EGFR-L858R/C797S dependent Ba/F3 cells. Additionally, we were able to resolve cocrystal structures of these reversible aminopyrimidines, which will guide further inhibitor design toward C797S-mutated EGFR.",chembl_document,ok,2026-03-05T18:41:37.229646+00:00
10.1021/acsmedchemlett.3c00242,37736196,"The 1,3-dihydro-2<i>H</i>-benzo[<i>d</i>]azepin-2-ones are potent and ligand-efficient pan-BET bromodomain inhibitors. Here we describe the extension of this template to exploit a bivalent mode of action, binding simultaneously to both bromodomains. Initially the linker length and attachment vectors compatible with bivalent binding were explored, leading to the discovery of exceptionally potent bivalent BET inhibitors within druglike rule-of-5 space.",chembl_document,ok,2026-03-05T18:41:37.229646+00:00
10.1021/acsmedchemlett.3c00373,38229757,"Bromodomain-containing protein 4 (BRD4) inhibitors have been proven to be a promising option for anti-HIV-1 latency therapeutics. We herein describe the design, synthesis, and anti-HIV-1 latency bioevaluation of triazolopyridine derivatives as BRD4 inhibitors. Among them, compound <b>13d</b> displayed favorable HIV-1 reactivation and prominent safety profile without triggering abnormal immune activation. It exerted strong synergism when combined with the PKC activator prostratin and has the same BRD4-targeting latency mechanism as observed with JQ1, by stimulating Tat-dependent HIV-1 elongation. Besides, it neither affected the antiviral efficacies of antiviral drugs nor caused secondary infections to uninfected cells and the latency reversing potency of <b>13d</b>, in turn, was not affected by different classes of antiviral drugs.",chembl_document,ok,2026-03-05T18:41:37.229646+00:00
10.1021/acsmedchemlett.4c00036,38628800,"In this paper, we disclose insights on the root causes of three structure-activity relationship (SAR) observations encountered in the discovery of the IRAK4 inhibitor Zimlovisertib (PF-06650833). The first is a nonlinear potency SAR encountered with the isoquinoline ether substituent, the second is a potency enhancement introduced by fluorine substitution on the lactam, and the third is a slight potency preference for all-<i>syn</i> (2<i>S</i>,3<i>S</i>,4<i>S</i>) stereochemistry in the fluorine-substituted lactam. We present new data that help to inform us of the origins of these unexpected SAR trends.",chembl_document,ok,2026-03-05T18:41:37.229646+00:00
10.1021/acsmedchemlett.6b00117,27660686,"A new series of phenylquinazoline inhibitors of Kv 1.5 is disclosed. The series was optimized for Kv 1.5 potency, selectivity versus hERG, pharmacokinetic exposure, and pharmacodynamic potency. 5-Phenyl-N-(pyridin-2-ylmethyl)-2-(pyrimidin-5-yl)quinazolin-4-amine (13k) was identified as a potent and ion channel selective inhibitor with robust efficacy in the preclinical rat ventricular effective refractory period (VERP) model and the rabbit atrial effective refractory period (AERP) model.",pubmed_doi_fallback,ok,2026-03-05T18:36:04.167197+00:00
10.1021/acsmedchemlett.7b00111,28835793,"The structure-based design of a new single entity, MEK/PI3K bifunctional inhibitor (7, ST-168), which displays improved MEK1 and PI3K isoform inhibition, is described. ST-168 demonstrated a 2.2-fold improvement in MEK1 inhibition and a 2.8-, 2.7-, 23-, and 2.5-fold improved inhibition toward the PI3Kα, PI3Kβ, PI3Kδ, and PI3Kγ isoforms, respectively, as compared to a previous lead compound (4; ST-162) in in vitro enzymatic inhibition assays. ST-168 demonstrated superior tumoricidal efficacy over ST-162 in an A375 melanoma spheroid tumor model. ST-168 was comparatively more effective than ST-162 in promoting tumor control when administrated orally in a tumor therapy study conducted in an A375 melanoma mouse model confirming its bioavailability and efficacy toward combined in vivo MEK1/PI3K inhibition.",chembl_document,ok,2026-03-05T18:41:37.229646+00:00
10.1021/acsmedchemlett.7b00349,29259745,"Structure-based drug design (SBDD) has become a powerful tool utilized by medicinal chemists to rationally guide the drug discovery process. Herein, we describe the use of SPROUT, a de novo-based program, to identify an indazole-based pharmacophore for the inhibition of fibroblast growth factor receptor (FGFR) kinases, which are validated targets for cancer therapy. Hit identification using SPROUT yielded 6-phenylindole as a small fragment predicted to bind to FGFR1. With the aid of docking models, several modifications to the indole were made to optimize the fragment to an indazole-containing pharmacophore, leading to a library of compounds containing 23 derivatives. Biological evaluation revealed that these indazole-containing fragments inhibited FGFR1-3 in the range of 0.8-90 μM with excellent ligand efficiencies of 0.30-0.48. Some compounds exhibited moderate selectivity toward individual FGFRs, indicating that further optimization using SBDD may lead to potent and selective inhibitors of the FGFR family.",chembl_document,ok,2026-03-05T18:41:37.229646+00:00
10.1021/acsmedchemlett.8b00373,30429956,"EGFRC797S mutation inducing resistance against third generation EGFR inhibitor drugs is an emerging ""unmet clinical need"" for nonsmall cell lung cancer patients. The pyrimidopyrimidinone derivative JND3229 was identified as a new highly potent EGFRC797S inhibitor with single digit nM potency. It also exhibited good in vitro and in vivo monodrug anticancer efficacy in a xenograft mouse model of BaF3/EGFR19D/T790M/C797S cells. A high-resolution X-ray crystallographic structure was also determined to elucidate the interactions between JND3229 and EGFRT790M/C797S. Our study provides an important structural and chemical basis for future development of new generation EGFRC797S inhibitors as anticancer drugs.",chembl_document,ok,2026-03-05T18:41:37.229646+00:00
10.1021/acsmedchemlett.8b00564,31223440,"In this paper, we describe the discovery and optimization of a series of noncovalent reversible epidermal growth factor receptor inhibitors of EGFR<sup>L858R/T790M/C797S</sup>. One of the most promising compounds, <b>25g</b>, inhibited the enzymatic activity of EGFR<sup>L858R/T790M/C797S</sup> with an IC<sub>50</sub> value of 2.2 nM. Cell proliferation assays showed that <b>25g</b> effectively and selectively inhibited the growth of EGFR<sup>L858R/T790M/C797S</sup>-dependent cells. This series of compounds, which occupy both the ATP binding site and the allosteric site of the EGFR kinase, may serve as a basis for the development of fourth-generation EGFR inhibitors for L858R/T790M/C797S mutants.",chembl_document,ok,2026-03-05T18:41:37.229646+00:00
10.1021/acsmedchemlett.9b00108,31223438,"RIP1 regulates cell death and inflammation and is believed to play an important role in contributing to a variety of human pathologies, including immune-mediated inflammatory diseases and cancer. While small-molecule inhibitors of RIP1 kinase have been advanced to the clinic for inflammatory diseases and CNS indications, RIP1 inhibitors for oncology indications have yet to be described. Herein we report on the discovery and profile of GSK3145095 (compound <b>6</b>). Compound <b>6</b> potently binds to RIP1 with exquisite kinase specificity and has excellent activity in blocking RIP1 kinase-dependent cellular responses. Highlighting its potential as a novel cancer therapy, the inhibitor was also able to promote a tumor suppressive T cell phenotype in pancreatic adenocarcinoma organ cultures. Compound <b>6</b> is currently in phase 1 clinical studies for pancreatic adenocarcinoma and other selected solid tumors.",chembl_document,ok,2026-03-05T18:41:37.229646+00:00
10.1021/acsmedchemlett.9b00219,31312412,"Interleukin-1 Receptor-Associated Kinase 4 (IRAK4) is a key mediator of innate immunity. IRAK4 overactivation is linked with several autoimmune diseases. To date, many IRAK4 inhibitors have been developed to block the protein's kinase activity with the most advanced reaching Phase II clinical trials. Nevertheless, several reports suggest kinase activity is not disease-relevant in certain cell types, so removing scaffolding signaling in addition to IRAK4 kinase activity may offer a better therapeutic outcome. Herein, we describe the design and synthesis of an IRAK4 Proteolysis Targeted Chimera (PROTAC). We show that IRAK4 degradation induced by compound <b>9</b> leads to the inhibition of multiple cytokines in PBMCs. However, in IL-1β stimulated human dermal fibroblasts, inhibition of IL-6 and TNF-α release was not observed despite IRAK4 degradation. Nonetheless, the possibility of targeting both IRAK4 kinase and scaffolding function could potentially lead to new therapeutic opportunities to treat autoimmune, inflammatory, and oncological diseases.",chembl_document,ok,2026-03-05T18:41:37.229646+00:00
10.1021/acsmedchemlett.9b00333,31620236,"The phosphoinositide 3-kinase (PI3K)/mechanistic target of rapamycin (mTOR) pathway is a critical regulator of cell growth and is frequently hyperactivated in cancer. Therefore, PI3K inhibitors represent a valuable asset in cancer therapy. Herein we have developed a novel anticancer agent, the potent pan-PI3K inhibitor PQR514 (4), which is a follow-up compound for the phase-II clinical compound PQR309 (1). Compound 4 has an improved potency both in vitro and in cellular assays with respect to its predecessor compounds. It shows superiority in the suppression of cancer cell proliferation and demonstrates significant antitumor activity in an OVCAR-3 xenograft model at concentrations approximately eight times lower than PQR309 (1). The favorable pharmacokinetic profile and a minimal brain penetration promote PQR514 (4) as an optimized candidate for the treatment of systemic tumors.",chembl_document,ok,2026-03-05T18:41:37.229646+00:00
10.1021/acsmedchemlett.9b00474,31857846,"The BET bromodomain containing protein (BRD4) plays a key role in transcription regulation. Therefore, efforts to generate BRD4 inhibitors with excellent potency and DMPK properties are of clinical value. As a continuing work to improve the stability in in vitro metabolic experiments of liver microsomes of our previously reported 7-methylimidazo[1,5-<i>a</i>]pyrazin-8(7H)-one, our optimization of this poor pharmacokinetics focusing on the phenyl substituent is performed. Fortunately, compound <b>17</b> displayed subnanomolar potency (IC<sub>50</sub> = <b>30 nM</b>) against BRD4(1), and its liver microsome stability in human, rat, and mouse are more favorable than previously reported inhibitor <b>28</b>. Compound <b>17</b> exhibited antitumor efficacy with no significant toxicity in xenograft models of pancreatic cancer. In addition, fluorescent probe and nuclei-specific dye were utilized to verify apoptosis-inducing of compound <b>17</b> via intranuclear potency in BXPC-3 cell line.",chembl_document,ok,2026-03-05T18:41:37.229646+00:00
10.1021/jm051122a,16759082,"Potent, specific, non-peptide small-molecule inhibitors of the MDM2-p53 interaction were successfully designed. The most potent inhibitor (MI-63) has a K(i) value of 3 nM binding to MDM2 and greater than 10,000-fold selectivity over Bcl-2/Bcl-xL proteins. MI-63 is highly effective in activation of p53 function and in inhibition of cell growth in cancer cells with wild-type p53 status. MI-63 has excellent specificity over cancer cells with deleted p53 and shows a minimal toxicity to normal cells.",pubmed_doi_fallback,ok,2026-03-05T18:36:04.167197+00:00
10.1021/jm101142k,21142105,"A novel series of 3-aryl-phospho-indole (API) non-nucleoside reverse transcriptase inhibitors of HIV-1 was developed. Chemical variation in the phosphorus linker led to the discovery of 3-phenyl-methyl-phosphinate-2-carboxamide 14, which possessed excellent potency against wild-type HIV-1 as well as viruses bearing K103N and Y181C single mutants in the reverse transcriptase gene. Chiral separation of the enantiomers showed that only R enantiomer retained the activity. The pharmacokinetic, solubility, and metabolic properties of 14 were assessed.",pubmed_doi_fallback,ok,2026-03-05T18:36:04.167197+00:00
10.1021/jm101623p,21449619,"A number of pharmaceutically important drugs contain asymmetric sulfinyl moieties, so the biological evaluation of chiral sulfoxides as human drug metabolites is important for the development of safe and effective pharmaceuticals. Asymmetric oxidation is one of the most attractive ways to prepare chiral sulfoxides. In combination with different chiral ligands, the iron- and titanium-catalyzed asymmetric oxidations of tri- and tetrasubstituted 2-thioimidazoles afford the corresponding sulfoxides with enantiomeric excesses up to 99% as novel p38α mitogen-activated protein kinase (p38α MAPK) inhibitors. The enantiomerically pure sulfoxides were evaluated on their inhibitory potency against p38α MAPK compared to the respective sulfides and sulfoxide racemates and showed differences in their affinities for the enzyme with IC(50) in the low nanomolar range. In addition, the ability to inhibit the release of tumor necrosis factor-α (TNF-α) from human whole blood (HWB) was examined. Some pyridinylimidazole derivatives showed excellent HWB activity with IC(50) as low as 52 nM.",chembl_document,ok,2026-03-05T18:41:37.229646+00:00
10.1021/jm200768h,21888440,"Dispiro-1,2,4,5-tetraoxanes and 1,2,4-trioxolanes represent attractive classes of synthetic antimalarial peroxides due to their structural simplicity, good stability, and impressive antimalarial activity. We investigated the reactivity of a series of potent amide functionalized tetraoxanes with Fe(II)gluconate, FeSO(4), FeSO(4)/TEMPO, FeSO(4)/phosphatidylcholine, and heme to gain knowledge of their potential mechanism of bioactivation and to compare the results with the corresponding 1,2,4-trioxolanes. Spin-trapping experiments demonstrate that Fe(II)-mediated peroxide activation of tetraoxanes produces primary and secondary C-radical intermediates. Reaction of tetraoxanes and trioxolanes with phosphatidylcholine, a predominant unsaturated lipid present in the parasite digestive vacuole membrane, under Fenton reaction conditions showed that both endoperoxides share a common reactivity in terms of phospholipid oxidation that differs with that of artemisinin. Significantly, when tetraoxanes undergo bioactivation in the presence of heme, only the secondary C-centered radical is observed, which smoothly produces regioisomeric drug derived-heme adducts. The ability of these tetraoxanes to alkylate the porphyrin ring was also confirmed with Fe(II)TPP and Mn(II)TPP, and docking studies were performed to rationalize the regioselectivity observed in the alkylation process. The efficient process of heme alkylation and extensive lipid peroxidation observed here may play a role in the mechanism of action of these two important classes of synthetic endoperoxide antimalarial.",chembl_document,ok,2026-03-05T18:41:37.229646+00:00
10.1021/jm200990c,22268494,,pubmed_doi_fallback,not_found,2026-03-05T18:41:41.550799+00:00
10.1021/jm400004u,23489135,"To ascertain the structure-activity relationship of the core 1,2,4-trioxolane substructure of dispiro ozonides OZ277 and OZ439, we compared the antimalarial activities and ADME profiles of the 1,2-dioxolane, 1,2,4-trioxane, and 1,2,4,5-tetraoxane isosteres. Consistent with previous data, both dioxolanes had very weak antimalarial properties. For the OZ277 series, the trioxane isostere had the best ADME profile, but its overall antimalarial efficacy was not superior to that of the trioxolane or tetraoxane isosteres. For the OZ439 series, there was a good correlation between the antimalarial efficacy and ADME profiles in the rank order trioxolane > trioxane > tetraoxane. As we have previously observed for OZ439 versus OZ277, the OZ439 series peroxides had superior exposure and efficacy in mice compared to the corresponding OZ277 series peroxides.",chembl_document,ok,2026-03-05T18:41:37.229646+00:00
10.1021/jm400325j,23927658,"Although phenotypic cellular screening has been used to drive antimalarial drug discovery in recent years, in some cases target-based drug discovery remains more attractive. This is especially true when appropriate high-throughput cellular assays are lacking, as is the case for drug discovery efforts that aim to provide a replacement for primaquine (4-N-(6-methoxyquinolin-8-yl)pentane-1,4-diamine), the only drug that can block Plasmodium transmission to Anopheles mosquitoes and eliminate liver-stage hypnozoites. At present, however, there are no known chemically validated parasite protein targets that are important in all Plasmodium parasite developmental stages and that can be used in traditional biochemical compound screens. We propose that a plethora of novel, chemically validated, cross-stage antimalarial targets still remain to be discovered from the ~5,500 proteins encoded by the Plasmodium genomes. Here we discuss how in vitro evolution of drug-resistant strains of Plasmodium falciparum and subsequent whole-genome analysis can be used to find the targets of some of the many compounds discovered in whole-cell phenotypic screens.",chembl_document,ok,2026-03-05T18:41:37.229646+00:00
10.1021/jm4003632,23662903,"Dysfunctional signaling through the phosphoinositide 3-kinase (PI3K)/AKT/mTOR pathway leads to uncontrolled tumor proliferation. In the course of the discovery of novel benzoxepin PI3K inhibitors, we observed a strong dependency of in vivo antitumor activity on the free-drug exposure. By lowering the intrinsic clearance, we derived a set of imidazobenzoxazepin compounds that showed improved unbound drug exposure and effectively suppressed growth of tumors in a mouse xenograft model at low drug dose levels. One of these compounds, GDC-0032 (11l), was progressed to clinical trials and is currently under phase I evaluation as a potential treatment for human malignancies.",chembl_document,ok,2026-03-05T18:41:37.229646+00:00
10.1021/jm401840s,24555570,"The discovery of BMS-605339 (35), a tripeptidic inhibitor of the NS3/4A enzyme, is described. This compound incorporates a cyclopropylacylsulfonamide moiety that was designed to improve the potency of carboxylic acid prototypes through the introduction of favorable nonbonding interactions within the S1' site of the protease. The identification of 35 was enabled through the optimization and balance of critical properties including potency and pharmacokinetics (PK). This was achieved through modulation of the P2* subsite of the inhibitor which identified the isoquinoline ring system as a key template for improving PK properties with further optimization achieved through functionalization. A methoxy moiety at the C6 position of this isoquinoline ring system proved to be optimal with respect to potency and PK, thus providing the clinical compound 35 which demonstrated antiviral activity in HCV-infected patients.",chembl_document,ok,2026-03-05T18:41:37.229646+00:00
10.1021/jm501541j,25496041,"Inhibition of the MDM2-p53 protein-protein interaction is being actively pursued as a new anticancer therapeutic strategy, and spiro-oxindoles have been designed as a class of potent and efficacious small-molecule inhibitors of this interaction (MDM2 inhibitors). Our previous study showed that some of our first-generation spiro-oxindoles undergo a reversible ring-opening-cyclization reaction that, from a single compound in protic solution, results in an equilibrium mixture of four diastereoisomers. By exploiting the ring-opening-cyclization reaction mechanism, we have designed and synthesized a series of second-generation spiro-oxindoles with symmetrical pyrrolidine C2 substitution. These compounds undergo a rapid and irreversible conversion to a single, stable diastereoisomer. Our study has yielded compound 31 (MI-1061), which binds to MDM2 with Ki = 0.16 nM, shows excellent chemical stability, and achieves tumor regression in the SJSA-1 xenograft tumor model in mice.",pubmed_doi_fallback,ok,2026-03-05T18:36:04.167197+00:00
10.1021/jm5018237,25761096,"Poly(ADP-ribose) polymerases (PARPs) are involved in DNA repair following damage by endogenous or exogenous processes. It has become clear over the past decade that inhibition of PARP in the context of defects in other DNA repair mechanisms provide a tumor specific way to kill cancer cells. We describe the rationale for this approach and the design and discovery of niraparib, a potent PARP-1/2 inhibitor with good cell based activity, selectivity for cancer over normal cells, and oral bioavailability. Niraparib was characterized in a number of preclinical models before moving to phase I clinical trials, where it showed excellent human pharmacokinetics suitable for once a day oral dosing, achieved its pharmacodynamic target for PARP inhibition, and had promising activity in cancer patients. It is currently being tested in phase 3 clinical trials as maintenance therapy in ovarian cancer and as a treatment for breast cancer.",chembl_document,ok,2026-03-05T18:41:37.229646+00:00
10.1021/jm970367n,9240345,"Screening of a compound library for inhibitors of the fibroblast growth factor (FGFr) and platelet-derived growth factor (PDGFr) receptor tyrosine kinases led to the development of a novel series of ATP competitive pyrido[2,3-d]pyrimidine tyrosine kinase inhibitors. The initial lead, 1-[2-amino-6-(2,6-dichlorophenyl)pyrido[2,3-d]pyrimidin-7-yl]-3- tert-butylurea (4b, PD-089828), was found to be a broadly active tyrosine kinase inhibitor. Compound 4b inhibited the PDGFr, FGFr, EGFr, and c-src tyrosine kinases with IC50 values of 1.11, 0.13, 0.45, and 0.22 microM, respectively. Subsequent SAR studies led to the synthesis of new analogs with improved potency, solubility, and bioavailability relative to the initial lead. For example, the introduction of a [4-(diethylamino)butyl]amino side chain into the 2-position of 4b afforded compound 6c with enhanced potency and bioavailability. Compound 6c inhibited PDGF-stimulated vascular smooth muscle cell proliferation with an IC50 of 0.3 microM. Furthermore, replacement of the 6-(2,6-dichlorophenyl) moiety of 4b with a 6-(3',5'-dimethoxyphenyl) functionality produced a highly selective FGFr tyrosine kinase inhibitor 4e. Compound 4e inhibited the FGFr tyrosine kinase with an IC50 of 0.060 microM, whereas IC50s for the inhibition of the PDGFr, FGFr, EGFr, c-src, and InsR tyrosine kinases for this compound (4e) were all greater than 50 microM.",pubmed_doi_fallback,ok,2026-03-05T18:36:04.167197+00:00
10.1021/jm970495b,9435906,"Polycyclic pyrazolo[3,4-d]pyrimidines (represented by 3 and 4) were synthesized as analogues of the recently reported polycyclic guanine phosphodiesterase (PDE) inhibitors. From the structure-activity relationship (SAR) development of a series of compounds, it was discovered that C-3 benzyl and N-2 methyl disubstitution on the pyrazole ring gave the best combination of potency and selectivity for PDE1 and PDE5 cGMP PDEs as represented by compound 4c: PDE1, IC50 = 60 nM; PDE3, IC50 = 55,000 nM; PDE5, IC50 = 75 nM. These compounds were also evaluated in vivo and found to be good orally active antihypertensives in laboratory animal models. Finally, comparisons were made of the in vitro and in vivo profiles of the pyrazolo-[3,4-d]pyrimidine compound 4c with those of two representative guanine compounds.",pubmed_doi_fallback,ok,2026-03-05T18:36:04.167197+00:00
10.1021/ml100158s,24900237,"A series of novel 7-amino-1,3,4,5-tetrahydrobenzo[b]azepin-2-one derivatives within the diaminopyrimidine class of kinase inhibitors were identified that target anaplastic lymphoma kinase (ALK). These inhibitors are potent against ALK in an isolated enzyme assay and inhibit autophosphorylation of the oncogenic fusion protein NPM-ALK in anaplastic large cell lymphoma (ALCL) cell lines. The lead inhibitor 15, which incorporates a bicyclo[2.2.1]hept-5-ene ring system in place of an aryl moiety, activates the pro-apoptotic caspases (3 and 7) and displays selective cytotoxicity against ALK-positive ALCL cells. Furthermore, 15 provides more than 40-fold selectivity against the structurally related insulin receptor, is orally bioavailable in multiple species, and displays in vivo antitumor efficacy when dosed orally in ALK-positive ALCL tumor xenografts in Scid mice.",pubmed_doi_fallback,ok,2026-03-05T18:36:04.167197+00:00
10.1021/ml3000512,24900485,"High DGAT1 expression levels in the small intestine highlight the critical role this enzyme plays in nutrient absorption. Identification of inhibitors which predominantly inhibit DGAT1 in the gut is an attractive drug discovery strategy with anticipated benefits of reduced systemic toxicity. In this report we describe our discovery and optimization of DGAT1 inhibitors whose plasma exposure is minimized by the action of transporters, including the P-glycoprotein transporter. The impact of this unique absorption profile on efficacy in rat and dog efficacy models is presented.",pubmed_doi_fallback,ok,2026-03-05T18:36:04.167197+00:00
10.1021/ml400138p,24900698,,pubmed_doi_fallback,not_found,2026-03-05T18:41:41.550799+00:00
10.1038/ncomms14768,28287083,"Osimertinib has been demonstrated to overcome the epidermal growth factor receptor (EGFR)-T790M, the most relevant acquired resistance to first-generation EGFR-tyrosine kinase inhibitors (EGFR-TKIs). However, the C797S mutation, which impairs the covalent binding between the cysteine residue at position 797 of EGFR and osimertinib, induces resistance to osimertinib. Currently, there are no effective therapeutic strategies to overcome the C797S/T790M/activating-mutation (triple-mutation)-mediated EGFR-TKI resistance. In the present study, we identify brigatinib to be effective against triple-mutation-harbouring cells in vitro and in vivo. Our original computational simulation demonstrates that brigatinib fits into the ATP-binding pocket of triple-mutant EGFR. The structure-activity relationship analysis reveals the key component in brigatinib to inhibit the triple-mutant EGFR. The efficacy of brigatinib is enhanced markedly by combination with anti-EGFR antibody because of the decrease of surface and total EGFR expression. Thus, the combination therapy of brigatinib with anti-EGFR antibody is a powerful candidate to overcome triple-mutant EGFR.",chembl_document,ok,2026-03-05T18:41:37.229646+00:00
10.1038/s41467-019-14083-4,31937753,"BET bromodomain inhibitors (BETi), such as JQ1, have been demonstrated to effectively kill multiple types of cancer cells. However, the underlying mechanisms for BETi resistance remain largely unknown. Our evidences show that JQ1 treatment evicts BRD4 from the FOXD3-localized MIR548D1 gene promoter, leading to repression of miR-548d-3p. The loss of miRNA restores JunD expression and subsequent JunD-dependent transcription of RPS6KA2 gene. ERK1/2/5 kinases phosphorylate RSK3 (RPS6KA2), resulting in the enrichment of activated RSK3 and blockade of JQ1 killing effect. Dual inhibition of MEKs/ERKs or single EGFR inhibition are able to mimic the effect of JunD/RSK3-knockdown to reverse BETi resistance. Collectively, our study indicates that loss of BRD4/FOXD3/miR-548d-3p axis enhances JunD/RSK3 signalling and determines BET inhibition resistance, which can be reversed by targeting EGFR-MEK1/2/5-ERK1/2/5 signalling.",chembl_document,ok,2026-03-05T18:41:37.229646+00:00
10.1038/s41467-023-40064-9,37468498,"In vitro secondary pharmacology assays are an important tool for predicting clinical adverse drug reactions (ADRs) of investigational drugs. We created the Secondary Pharmacology Database (SPD) by testing 1958 drugs using 200 assays to validate target-ADR associations. Compared to public and subscription resources, 95% of all and 36% of active (AC50 < 1 µM) results are unique to SPD, with bias towards higher activity in public resources. Annotating drugs with free maximal plasma concentrations, we find 684 physiologically relevant unpublished off-target activities. Furthermore, 64% of putative ADRs linked to target activity in key literature reviews are not statistically significant in SPD. Systematic analysis of all target-ADR pairs identifies several putative associations supported by publications. Finally, candidate mechanisms for known ADRs are proposed based on SPD off-target activities. Here we present a freely-available resource for benchmarking ADR predictions, explaining phenotypic activity and investigating clinical properties of marketed drugs.",chembl_document,ok,2026-03-05T18:41:37.229646+00:00
10.1038/s41586-020-2286-9,32353859,"The novel coronavirus SARS-CoV-2, the causative agent of COVID-19 respiratory disease, has infected over 2.3 million people, killed over 160,000, and caused worldwide social and economic disruption1,2. There are currently no antiviral drugs with proven clinical efficacy, nor are there vaccines for its prevention, and these efforts are hampered by limited knowledge of the molecular details of SARS-CoV-2 infection. To address this, we cloned, tagged and expressed 26 of the 29 SARS-CoV-2 proteins in human cells and identified the human proteins physically associated with each using affinity-purification mass spectrometry (AP-MS), identifying 332 high-confidence SARS-CoV-2-human protein-protein interactions (PPIs). Among these, we identify 66 druggable human proteins or host factors targeted by 69 compounds (29 FDA-approved drugs, 12 drugs in clinical trials, and 28 preclinical compounds). Screening a subset of these in multiple viral assays identified two sets of pharmacological agents that displayed antiviral activity: inhibitors of mRNA translation and predicted regulators of the Sigma1 and Sigma2 receptors. Further studies of these host factor targeting agents, including their combination with drugs that directly target viral enzymes, could lead to a therapeutic regimen to treat COVID-19.",chembl_document,ok,2026-03-05T18:41:37.229646+00:00
10.1039/c6md00190d,,,pubmed_doi_fallback,not_found,2026-03-05T18:41:41.550799+00:00
10.1039/c7md00109f,30108849,"Indoleamine 2,3-dioxygenase 1 (IDO1) mediates multiple immunoregulatory processes including the induction of regulatory T cell differentiation and activation, suppression of T cell immune responses and inhibition of dendritic cell function, which impair immune recognition of cancer cells and promote tumor growth. On this basis, this enzyme is widely recognized as a valuable drug target for the development of immunotherapeutic small molecules in oncology. Although medicinal chemistry has made a substantial contribution to the discovery of numerous chemical classes of potent IDO1 inhibitors in the past 20 years, only very few compounds have progressed in clinical trials. In this review, we provide an overview of the current understanding of structure-function relationships of the enzyme, and discuss structure-activity relationships of selected classes of inhibitors that have shaped the hitherto few successes of IDO1 medicinal chemistry. An outlook opinion is also given on trends in the design of next generation inhibitors of the enzyme.",chembl_document,ok,2026-03-05T18:41:37.229646+00:00
10.1039/c8md00198g,30542529,"Bromodomain-containing protein 4 (Brd4) plays an important role in mediating the expression of genes involved in cancers and non-cancer diseases such as inflammatory diseases and acute heart failure. Inactivating Brd4 or downregulating its expression inhibits cancer development, leading to the current interest in Brd4 as a promising anticancer drug target. Numerous Brd4 inhibitors have been studied in recent years and some of them are currently in various phases of clinical trials. Recently, selective degradation of target proteins by small bifunctional molecules (PROTACs) has emerged as an attractive drug discovery approach owing to the advantages it could offer over traditional small-molecule inhibitors. A number of Brd4 degraders have been reported and showed more efficient anticancer activities than just protein inhibition. In this review, we will discuss recent findings in the discovery and development of small-molecule inhibitors and degraders that target Brd4 as a potential anticancer agent.",chembl_document,ok,2026-03-05T18:41:37.229646+00:00
10.1039/d2md00081d,36092147,"The selective inhibition of Na<sub>V</sub>1.7 is a promising strategy for developing novel analgesic agents with fewer adverse effects. Although the potent selective inhibition of Na<sub>V</sub>1.7 has been recently achieved, multiple Na<sub>V</sub>1.7 inhibitors failed in clinical development. In this review, the relationship between preclinical <i>in vivo</i> efficacy and Na<sub>V</sub>1.7 coverage among three types of voltage-gated sodium channel (VGSC) inhibitors, namely conventional VGSC inhibitors, sulphonamides and acyl sulphonamides, is discussed. By demonstrating the PK/PD discrepancy of preclinical studies <i>versus in vivo</i> models and clinical results, the potential reasons behind the disconnect between preclinical results and clinical outcomes are discussed together with strategies for developing ideal analgesic agents.",chembl_document,ok,2026-03-05T18:41:37.229646+00:00
10.1039/d2md00216g,36561076,"In recent years, the development of targeted covalent inhibitors has gained popularity around the world. Specific groups (electrophilic warheads) form irreversible bonds with the side chain of nucleophilic amino acid residues, thus changing the function of biological targets such as proteins. Since the first targeted covalent inhibitor was disclosed in the 1990s, great efforts have been made to develop covalent ligands from known reversible leads or drugs by addition of tolerated electrophilic warheads. However, high reactivity and ""off-target"" toxicity remain challenging issues. This review covers the concept of targeted covalent inhibition to diseases, discusses traditional and interdisciplinary strategies of cysteine-focused covalent drug discovery, and exhibits newly disclosed electrophilic warheads majorly targeting the cysteine residue. Successful applications to address the challenges of designing effective covalent drugs are also introduced.",chembl_document,ok,2026-03-05T18:41:37.229646+00:00
10.1039/d3md00055a,37252100,"Herein we present the design and the synthesis of novel substituted coumarin-benzimidazole/benzothiazole hybrids bearing a cyclic amidino group on the benzazole core as biologically active agents. All prepared compounds were evaluated for their <i>in vitro</i> antiviral and antioxidative activity as well as for their <i>in vitro</i> antiproliferative activity against a panel of several human cancer cell lines. Coumarin-benzimidazole hybrid 10 (EC<sub>50</sub> 9.0-43.8 μM) displayed the most promising broad spectrum antiviral activity, while two other coumarin-benzimidazole hybrids 13 and 14 showed the highest antioxidative capacity in the ABTS assay, superior to the reference standard BHT (IC<sub>50</sub> 0.17 and 0.11 mM, respectively). Computational analysis supported these results and demonstrated that these hybrids benefit from the high C-H hydrogen atom releasing tendency of the cationic amidine unit, and the pronounced ease with which they can liberate an electron, promoted by the electron-donating diethylamine group on the coumarin core. The coumarin ring substitution at position 7 with a <i>N</i>,<i>N</i>-diethylamino group also caused a significant enhancement of the antiproliferative activity, with the most active compounds being derivatives with a 2-imidazolinyl amidine group 13 (IC<sub>50</sub> 0.3-1.9 μM) and benzothiazole derivative with a hexacyclic amidine group 18 (IC<sub>50</sub> 1.3-2.0 μM).",chembl_document,ok,2026-03-05T18:41:37.229646+00:00
10.1039/d3md00056g,37252103,"Aiming to achieve efficient activity against severe acute respiratory syndrome coronavirus (SARS-CoV-2), the expansion of the structure- and ligand-based drug design approaches was adopted, which has been recently reported by our research group. Purine ring is a corner stone in the development of SARS-CoV-2 main protease (M<sub>pro</sub>) inhibitors. The privileged purine scaffold was elaborated to achieve additional affinity based on hybridization and fragment-based approaches. Thus, the characteristic pharmacophoric features that are required for the inhibition of M<sub>pro</sub> and RNA-dependent RNA polymerase (RdRp) of SARS-CoV-2 were utilized along with the crystal structure information of both targets. The designed pathways involved rationalized hybridization with large sulfonamide moieties and a carboxamide fragment for the synthesis of ten new dimethylxanthine derivatives. The synthesis was performed under diverse conditions to afford <i>N</i>-alkylated xanthine derivatives, and cyclization afforded tricyclic compounds. Molecular modeling simulations were used to confirm and gain insights into the binding interactions at both targets' active sites. The merit of designed compounds and the <i>in silico</i> studies resulted in the selection of three compounds that were evaluated <i>in vitro</i> to estimate their antiviral activity against SARS-CoV-2 (compounds 5, 9a and 19 with IC<sub>50</sub> values of 38.39, 8.86 and 16.01 μM, respectively). Furthermore, oral toxicity of the selected antiviral candidates was predicted, in addition to cytotoxicity investigations. Compound 9a showed IC<sub>50</sub> values of 8.06 and 3.22 μM against M<sub>pro</sub> and RdRp of SARS-CoV-2, respectively, in addition to promising molecular dynamics stability in both target active sites. The current findings encourage further specificity evaluations of the promising compounds for confirming their specific protein targeting.",chembl_document,ok,2026-03-05T18:41:37.229646+00:00
10.1039/d3md00117b,37484567,"Poly(ADP-ribose)polymerase inhibitors (PARPi) are used for treatment of tumours with a defect in homologous recombination (HR) repair. Combination with radio- or chemotherapy could broaden their applicability but a major hurdle is enhancement of normal tissue toxicity. Development of hypoxia-activated prodrugs (HAPs) of PARPi has potential to restrict PARP inhibition to tumours thereby avoiding off-target toxicity. We have designed and synthesised phenolic derivatives of olaparib (termed phenolaparibs) and corresponding ether-linked HAPs. Phenolaparib cytotoxicity in HR-proficient and deficient cell lines was consistent with inhibition of PARP-1. Prodrugs were deactivated relative to phenolaparibs in biochemical PARP-1 inhibition assays, and cell culture. Prodrug 7 was selectively converted to phenolaparib 4 under hypoxia and demonstrated hypoxia-selective cytotoxicity, including chemosensitisation of HR-proficient cells in combination with temozolomide. This work demonstrates the feasibility of a HAP approach to PARPi for use in combination therapies.",chembl_document,ok,2026-03-05T18:41:37.229646+00:00
10.1039/d3md00751k,38516606,"Guided by the molecular hybridization principle, a novel series of 4-chloropyridazinoxyphenyl conjugates (3a-h, 4a-e, and 5) was designed and synthesized as proposed apoptotic inducers and PARP-1 inhibitors. The growth inhibition % of the designed hybrids was investigated in eleven cancer cell lines, where the anticancer activities were found to be in the following order: 4-chloropyridazinoxyphenyl-aromatic ketones hybrids (3a-h) > 4-chloropyridazinoxyphenyl-benzyloxyphenylethan-1-one hybrids (4a-e) > 4-chloropyridazinoxyphenyl-thiazolidine-2,4-dione hybrid (5). Further, the most sensitive three cancer cell lines (HNO97, FaDu, and MDA-MB-468) were selected to measure the IC<sub>50</sub> values of the new hybrids. Moreover, the frontier three members (3c, 3e, and 4b) were selected for the measurements of apoptotic protein markers (p53, BAX, caspase 3, caspase 6, BCL-2, and CK 18). Besides, the impact of compounds 3a-e and 4b on the activity of PARP-1 was investigated, where 3c, 3d, and 3e demonstrated comparable efficiencies to olaparib. Furthermore, γ-H2Ax, a well-established marker for double-strand DNA breaks, was examined and the occurrence of DNA damage was observed. In addition, a significant inhibition of cell proliferation and a remarkable 15 to 50-fold reduction in the number of colonies compared to the control group were recorded. Finally, the PARP-1 inhibitory potential of the novel hybrids was compared to the co-crystal of the target receptor (PDB ID: 6NTU) using molecular docking.",chembl_document,ok,2026-03-05T18:41:37.229646+00:00
10.1039/d4md00089g,38911148,"Endometrial cancer (EC) is a common malignancy among women worldwide, and its recurrence makes it a common cause of cancer-related death. Surgery and external radiation, chemotherapy, or a combination of strategies are the cornerstone of therapy for EC patients. However, adjuvant treatment strategies face certain drawbacks, such as resistance to chemotherapeutic drugs; therefore, it is imperative to explore innovative therapeutic strategies to improve the prognosis of EC. With the development of pathology and pathophysiology, several biological targets associated with EC have been identified, including PI3K/Akt/mTOR, PARP, GSK-3β, STAT-3, and VEGF. In this review, we summarize the progress of small molecule targeted therapies in terms of both basic research and clinical trials and provide cases of small molecules combined with fluorescence properties in the clinical applications of integrated diagnosis and treatment. We hope that this review will facilitate the further understanding of the regulatory mechanism governing the dysregulation of oncogenic signaling in EC and provide insights into the possible future directions of targeted therapeutic regimens for EC treatment by developing new agents with fluorescence properties for the clinical applications of integrated diagnosis and treatment.",chembl_document,ok,2026-03-05T18:41:37.229646+00:00
10.1101/2020.03.20.999730,,"COVID-19 is an emerging infectious disease and was recently declared as a pandemic by WHO. Currently, there is no vaccine or therapeutic available for this disease. Drug repositioning represents the only feasible option to address this global challenge and a panel of 48 FDA- approved drugs that have been pre-selected by an assay of SARS-CoV was screened to identify potential antiviral drug candidates against SARS-CoV-2 infection. We found a total of 24 drugs which exhibited antiviral efficacy (0.1 μM < IC50 < 10 μM) against SARS-CoV-2. In particular, two FDA-approved drugs - niclosamide and ciclesonide – were notable in some respects. These drugs will be tested in an appropriate animal model for their antiviral activities. In near future, these already FDA-approved drugs could be further developed following clinical trials in order to provide additional therapeutic options for patients with COVID-19.",chembl_document,ok,2026-03-05T18:41:37.229646+00:00
10.1101/2020.04.03.023846,,"A novel coronavirus, named SARS-CoV-2, emerged in 2019 from Hubei region in China and rapidly spread worldwide. As no approved therapeutics exists to treat Covid-19, the disease associated to SARS-Cov-2, there is an urgent need to propose molecules that could quickly enter into clinics. Repurposing of approved drugs is a strategy that can bypass the time consuming stages of drug development. In this study, we screened the Prestwick Chemical Library® composed of 1,520 approved drugs in an infected cell-based assay. 90 compounds were identified. The robustness of the screen was assessed by the identification of drugs, such as Chloroquine derivatives and protease inhibitors, already in clinical trials. The hits were sorted according to their chemical composition and their known therapeutic effect, then EC50 and CC50 were determined for a subset of compounds. Several drugs, such as Azithromycine, Opipramol, Quinidine or Omeprazol present antiviral potency with 2<EC50<20µM. By providing new information on molecules inhibiting SARS-CoV-2 replication in vitro, this study could contribute to the short-term repurposing of drugs against Covid-19.",chembl_document,ok,2026-03-05T18:41:37.229646+00:00
10.1101/2020.04.16.044016,,"The emergence of novel SARS coronavirus 2 (SARS-CoV-2) in 2019 has triggered an ongoing global pandemic of severe pneumonia-like disease designated as coronavirus disease 2019 (COVID-19). To date, more than 2.1 million confirmed cases and 139,500 deaths have been reported worldwide, and there are currently no medical countermeasures available to prevent or treat the disease. As the development of a vaccine could require at least 12-18 months, and the typical timeline from hit finding to drug registration of an antiviral is >10 years, repositioning of known drugs can significantly accelerate the development and deployment of therapies for COVID-19. To identify therapeutics that can be repurposed as SARS-CoV-2 antivirals, we profiled a library of known drugs encompassing approximately 12,000 clinical-stage or FDA-approved small molecules. Here, we report the identification of 30 known drugs that inhibit viral replication. Of these, six were characterized for cellular dose-activity relationships, and showed effective concentrations likely to be commensurate with therapeutic doses in patients. These include the PIKfyve kinase inhibitor Apilimod, cysteine protease inhibitors MDL-28170, Z LVG CHN2, VBY-825, and ONO 5334, and the CCR1 antagonist MLN-3897. Since many of these molecules have advanced into the clinic, the known pharmacological and human safety profiles of these compounds will accelerate their preclinical and clinical evaluation for COVID-19 treatment.",chembl_document,ok,2026-03-05T18:41:37.229646+00:00
10.1101/2020.04.21.054387,,"To identify potential therapeutic stop-gaps for SARS-CoV-2, we evaluated a library of 1,670 approved and reference compounds in an unbiased, cellular image-based screen for their ability to suppress the broad impacts of the SARS-CoV-2 virus on phenomic profiles of human renal cortical epithelial cells using deep learning. In our assay, remdesivir is the only antiviral tested with strong efficacy, neither chloroquine nor hydroxychloroquine have any beneficial effect in this human cell model, and a small number of compounds not currently being pursued clinically for SARS-CoV-2 have efficacy. We observed weak but beneficial class effects of beta-blockers, mTOR/PI3K inhibitors and Vitamin D analogues and a mild amplification of the viral phenotype with beta-agonists.",chembl_document,ok,2026-03-05T18:41:37.229646+00:00
10.1126/science.1250127,25104390,"Spinal muscular atrophy (SMA) is a genetic disease caused by mutation or deletion of the survival of motor neuron 1 (SMN1) gene. A paralogous gene in humans, SMN2, produces low, insufficient levels of functional SMN protein due to alternative splicing that truncates the transcript. The decreased levels of SMN protein lead to progressive neuromuscular degeneration and high rates of mortality. Through chemical screening and optimization, we identified orally available small molecules that shift the balance of SMN2 splicing toward the production of full-length SMN2 messenger RNA with high selectivity. Administration of these compounds to Δ7 mice, a model of severe SMA, led to an increase in SMN protein levels, improvement of motor function, and protection of the neuromuscular circuit. These compounds also extended the life span of the mice. Selective SMN2 splicing modifiers may have therapeutic potential for patients with SMA.",pubmed_doi_fallback,ok,2026-03-05T18:36:04.167197+00:00
10.1126/science.aan4368,29191878,"Kinase inhibitors are important cancer therapeutics. Polypharmacology is commonly observed, requiring thorough target deconvolution to understand drug mechanism of action. Using chemical proteomics, we analyzed the target spectrum of 243 clinically evaluated kinase drugs. The data revealed previously unknown targets for established drugs, offered a perspective on the ""druggable"" kinome, highlighted (non)kinase off-targets, and suggested potential therapeutic applications. Integration of phosphoproteomic data refined drug-affected pathways, identified response markers, and strengthened rationale for combination treatments. We exemplify translational value by discovering SIK2 (salt-inducible kinase 2) inhibitors that modulate cytokine production in primary cells, by identifying drugs against the lung cancer survival marker MELK (maternal embryonic leucine zipper kinase), and by repurposing cabozantinib to treat FLT3-ITD-positive acute myeloid leukemia. This resource, available via the ProteomicsDB database, should facilitate basic, clinical, and drug discovery research and aid clinical decision-making.",chembl_document,ok,2026-03-05T18:41:37.229646+00:00
10.1158/1078-0432.ccr-16-0569,27780853,"<h4>Purpose</h4>Non-small cell lung cancers (NSCLCs) harboring ALK gene rearrangements (ALK<sup>+</sup>) typically become resistant to the first-generation anaplastic lymphoma kinase (ALK) tyrosine kinase inhibitor (TKI) crizotinib through development of secondary resistance mutations in ALK or disease progression in the brain. Mutations that confer resistance to second-generation ALK TKIs ceritinib and alectinib have also been identified. Here, we report the structure and first comprehensive preclinical evaluation of the next-generation ALK TKI brigatinib.<h4>Experimental design</h4>A kinase screen was performed to evaluate the selectivity profile of brigatinib. The cellular and in vivo activities of ALK TKIs were compared using engineered and cancer-derived cell lines. The brigatinib-ALK co-structure was determined.<h4>Results</h4>Brigatinib potently inhibits ALK and ROS1, with a high degree of selectivity over more than 250 kinases. Across a panel of ALK<sup>+</sup> cell lines, brigatinib inhibited native ALK (IC<sub>50</sub>, 10 nmol/L) with 12-fold greater potency than crizotinib. Superior efficacy of brigatinib was also observed in mice with ALK<sup>+</sup> tumors implanted subcutaneously or intracranially. Brigatinib maintained substantial activity against all 17 secondary ALK mutants tested in cellular assays and exhibited a superior inhibitory profile compared with crizotinib, ceritinib, and alectinib at clinically achievable concentrations. Brigatinib was the only TKI to maintain substantial activity against the most recalcitrant ALK resistance mutation, G1202R. The unique, potent, and pan-ALK mutant activity of brigatinib could be rationalized by structural analyses.<h4>Conclusions</h4>Brigatinib is a highly potent and selective ALK inhibitor. These findings provide the molecular basis for the promising activity being observed in ALK<sup>+</sup>, crizotinib-resistant patients with NSCLC being treated with brigatinib in clinical trials. Clin Cancer Res; 22(22); 5527-38. ©2016 AACR.",chembl_document,ok,2026-03-05T18:41:37.229646+00:00
10.1158/1538-7445.am2013-ddt02-01,,,pubmed_doi_fallback,not_found,2026-03-05T18:41:41.550799+00:00
10.1158/1538-7445.am2014-1734,,,pubmed_doi_fallback,not_found,2026-03-05T18:41:41.550799+00:00
10.1158/1538-7445.am2015-3232,,,pubmed_doi_fallback,not_found,2026-03-05T18:41:41.550799+00:00
10.1158/2159-8290.cd-23-0050,,"This study investigates the role of cancer-associated fibroblasts (CAFs) in promoting therapy resistance in colorectal cancer (CRC) using organoid-stroma co-cultures. Researchers established a CRC biobank with patient-derived tumor organoids and matched CAFs, enabling the analysis of chemotherapy responses in the presence of CAFs. Results showed a heterogeneous drug sensitivity, with CAFs generally inducing resistance to Gefitinib and SN-38 in organoids. Screening a chemical probe library identified potential targets, such as MET and other RTK/RAS pathway components, to re-sensitize co-cultures to therapies, offering insights into overcoming CAF-induced resistance.",chembl_document,ok,2026-03-05T18:41:37.229646+00:00
10.1186/s13148-021-01037-1,33691794,"<h4>Background</h4>Non-small cell lung carcinoma (NSCLC) is a leading cause of cancer-related death and represents a major health burden worldwide. Current therapies for NSCLC include chemotherapy, immunotherapy, and targeted molecular agents such as tyrosine kinase inhibitors and epigenetic drugs such as DNA methyltransferase inhibitors. However, survival rates remain low for patients with NSCLC, especially those with metastatic disease. A major cause for therapeutic failure is drug resistance, highlighting the need for novel therapies and combination strategies. Given that epigenetic modulators such as protein arginine methyltransferases (PRMTs) are frequently overexpressed in cancers, PRMT inhibitors are a promising class of cancer therapeutics. We screened a library of epigenetic and anticancer drugs to identify compounds that would synergize with MS023, a type I PRMT inhibitor, in decreasing the viability of methylthioadenosine phosphorylase (MTAP)-negative NSCLC cells.<h4>Results</h4>Among 181 compounds, we identified PARP inhibitors (PARPi) as having a strong synergistic interaction with type I PRMT inhibition. The combination of MS023 and the PARP inhibitor BMN-673 (Talazoparib) demonstrated strong synergistic interaction at low nanomolar concentrations in MTAP-negative NSCLC cell lines A549, SK-LU-1 and HCC4006. The re-introduction of MTAP decreased the sensitivity of the combination therapy in A549. The combination therapy resulted in elevated γ-H2AX foci indicating increased DNA damage causing decreased cell viability. Lastly, the combination therapy was effective in PARPi resistant ovarian cancer cells, suggesting that type I PRMT inhibitors could mitigate PARPi resistance, thus potentially having an important clinical impact for cancer treatment.<h4>Conclusions</h4>These findings identify a novel cancer drug combination therapy, which is more potent than the separate single-agent therapies. Thus, combining PARP inhibitors and type I PRMT inhibitors represents a new therapeutic opportunity for MTAP-negative NSCLC and certain cancer cells resistant to PARP inhibitors.",chembl_document,ok,2026-03-05T18:41:37.229646+00:00
10.21203/rs.3.rs-23951/v1,,"To identify possible candidates for progression towards clinical studies against SARS-CoV-2, we screened a well-defined collection of 5632 compounds including 3488 compounds which have undergone clinical investigations (marketed drugs, phases 1 -3, and withdrawn) across 600 indications. Compounds were screened for their inhibition of viral induced cytotoxicity using the human epithelial colorectal adenocarcinoma cell line Caco-2 and a SARS-CoV-2 isolate. The primary screen of 5632 compounds gave 271 hits. A total of 64 compounds with IC50 <20 µM were identified, including 19 compounds with IC50 < 1 µM. Of this confirmed hit population, 90% have not yet been previously reported as active against SARS-CoV-2 in-vitro cell assays. Some 37 of the actives are launched drugs, 19 are in phases 1-3 and 10 pre-clinical. Several inhibitors were associated with modulation of host pathways including kinase signaling P53 activation, ubiquitin pathways and PDE activity modulation, with long chain acyl transferases were effective viral inhibitors.",chembl_document,ok,2026-03-05T18:41:37.229646+00:00
10.6019/chembl3301361,,"Experimental data determined at AstraZeneca on a set of compounds in the following assays: pKa, lipophilicity (LogD7.4), aqueous solubility, plasma protein binding (human, rat, dog , mouse and guinea pig), intrinsic clearance (human liver microsomes, human and rat hepatocytes). The references provided for the assays exemplify the experimental procedures used in generating the data.",chembl_document,ok,2026-03-05T18:41:37.229646+00:00
10.6019/chembl4495564,,"Compound repurposing is an important strategy being pursued in the identification of effective treatment against the SARS-CoV-2 infection and COVID-19 disease. In this regard, SARS-CoV-2 main protease (M-Pro), also termed 3CL-Pro, is an attractive drug target as it plays a central role in viral replication by processing the viral polyprotein into 11 non-structural proteins. We report the results of a screening campaign involving ca 8.7 K compounds containing marketed drugs, clinical and preclinical candidates, and chemicals regarded as safe in humans. We confirmed previously reported inhibitors of 3CL-Pro, but we have also identified 68 compounds with IC50 lower than 1 uM and 127 compounds with IC50 lower than 5 uM. Profiling showed 67% of confirmed hits were selective (> 5 fold) against other Cys- and Ser- proteases (Chymotrypsin and Cathepsin-L) and MERS 3CL-Pro. Selected compounds were also analysed in their binding characteristics.",chembl_document,ok,2026-03-05T18:41:37.229646+00:00
10.6019/chembl4495565,,"Worldwide, there are intensive efforts to identify repurposed drugs as potential therapies against SARS-CoV-2 infection and the associated COVID-19 disease. To date, the anti-inflammatory drug dexamethasone and (to a lesser extent) the RNA-polymerase inhibitor remdesivir have been shown to be effective in reducing mortality and patient time to recovery, respectively, in patients. Here, we report the results of a phenotypic screening campaign within an EU-funded project (H2020-EXSCALATE4COV) aimed at extending the repertoire of anti-COVID therapeutics through repurposing of available compounds and highlighting compounds with new mechanisms of action against viral infection. We screened 8702 molecules from different repurposing libraries, to reveal 110 compounds with an anti-cytopathic IC50 < 20 µM. From this group, 18 with a safety index greater than 2 are also marketed drugs, making them suitable for further study as potential therapies against COVID-19. Our result supports the idea that a systematic approach to repurposing is a valid strategy to accelerate the necessary drug discovery process.",chembl_document,ok,2026-03-05T18:41:37.229646+00:00
10.6019/chembl4651402,,"At the end of 2019, a cluster of pneumonia cases with unknown origin was reported in Wuhan, China. The main symptoms of this disease were fever and coughing but in some cases the disease pattern evolved to severe pneumonia and even death (1). Early 2020, a novel coronavirus was found to be responsible for this outbreak which was designated SARS-CoV-2 (2). The World Health Organization has named the disease caused by the SARS-CoV-2 coronavirus disease 2019 (COVID-19). After SARS-1 (2002-2003) and MERS (2012), SARS-CoV-2 is the third coronavirus that causes significant international concerns in less than two decades. Due to globalization and international travel, SARS-CoV-2 spread around the globe, infected over 125 million people and caused at least 2,7 million people to die by March 2021. SARS-CoV-2, like SARS-1, OC43, HKU and MERS, is a betacoronavirus with a 30kB genome divided into 14 open reading frames (ORFs). The first two ORFs, 1a and 1ab, (67% of the genome) code for 16 non-structural proteins (NSP), while the remaining part of the genome encodes accessory proteins and structural proteins (3). The main viral drug targets in SARS-CoV-2 are the spike protein (structural), the Main protease (Mpro), the Papain-like protease (PLpro), the RNA-dependent RNA polymerase and the exonuclease, although other accessory proteins may prove to be valuable targets in the future. As part of an immediate response strategy to COVID-19, a drug repurposing library consisting of ~5500 FDA-approved drugs and clinical candidates that have passed phase I studies was screened in a stable GFP-expressing VeroE6 cell line infected with SARS-CoV-2. This assay system provides a positive readout: when cells are intact, they express GFP which can be detected with a GFP plate reader or microscope; when cells succumb to CPE caused by the virus (or toxicity), the GFP signal disappears.",chembl_document,ok,2026-03-05T18:41:37.229646+00:00
10.6019/chembl4689842,,,pubmed_doi_fallback,not_found,2026-03-05T18:41:41.550799+00:00
10.6019/chembl4808148,,"Histone deacetylase 6 (HDAC6) and HDAC10 are unique among the other HDACs as they consist of two catalytically active domains instead of one. Only in case of HDAC6 both domains are active resulting in a number of unique deacetylase reactions. HDAC6 can regulate the microtubule network and plays a role in the degradation of misfolded and aggregated proteins, making it a relevant target for respective disease indications. We therefore developed a substrate (Boc-Ile-Asp-(Dimethyl)Lys-(Ac)Lys-aminoluciferin) based on a critical acetylation site of misfolded human MAPT/Tau, a hallmark of Alzheimer disease. This substrate was used to screen a 5632 compound containing repurposing library at 10 �M in a coupled luminescence based assay. The assay was miniaturised to 10 �L per enzymatic reaction. For comparison, a generic HDAC substrate (BOC-Gly-(Ac)Lys-aminoluciferin) was used to screen the same library. Both substrates rely on a cascade of enzymatic reactions. First, HDAC6 deacetylates the substrate followed by cleavage of aminoluciferin from the peptide by porcine trypsin and conversion of the aminoluciferin by Firefly luciferase. Compounds with an activity of at least 75% inhibition for the MAPT/Tau-based substrate were confirmed in triplicates at the screening concentration of 10 �M. Confirmed hits, where analysed in eight or 15 point dose response curves, depending on their activity. The data presented here include both primary data sets with 5632 compounds each as well as 249 values from hit confirmation screening against the MAPT/Tau-based substrate and 151 IC50 values from the confirmed hits.",chembl_document,ok,2026-03-05T18:41:37.229646+00:00
10.6019/chembl5058564,,,pubmed_doi_fallback,not_found,2026-03-05T18:41:41.550799+00:00
10.6019/chembl5209897,,Affinity Phenotypic Cellular Literature for EUbOPEN Chemogenomics Library wave 3. This dataset records the bioactivity of chemical probes and their negative controls and is extracted from the published literature. The corresponding references for each datapoint can be found in the activity_properties table.,chembl_document,ok,2026-03-05T18:41:37.229646+00:00
10.6019/chembl5210307,,Affinity Biochemical Literature for EUbOPEN Chemogenomics Library wave 3. This dataset records the bioactivity of chemical probes and their negative controls and is extracted from the published literature. The corresponding references for each datapoint can be found in the activity_properties table.,chembl_document,ok,2026-03-05T18:41:37.229646+00:00
10.6019/chembl5212743,,Selectivity Literature for EUbOPEN Chemogenomics Library wave 3. This dataset records the bioactivity of chemical probes and their negative controls and is extracted from the published literature. The corresponding references for each datapoint can be found in the activity_properties table.,chembl_document,ok,2026-03-05T18:41:37.229646+00:00
10.6019/chembl5303304,,"Cell Viability-IncuCyte assay results for EUbOPEN Chemogenomics Library: The InucyCyte Viability assay is used to investigate cytotoxicity over 24h. This first determinant as an in cell quality control of different compounds is based on confluence analysis by brightfield acquisition. Compounds are classfiied according to their calculated growth rate in healhty, cytostatic or cytotoxic.",chembl_document,ok,2026-03-05T18:41:37.229646+00:00
10.6019/chembl5308504,,DSF assay results for EUbOPEN Chemogenomics Library: Differential Scanning Fluorimetry (DSF) measures protein unfolding by monitory changes in fluorescence as a function of temperature (dTm values). Conventional DSF uses a hydrophobic fluorescent dye that binds to proteins as they unfold.,chembl_document,ok,2026-03-05T18:41:37.229646+00:00
10.6019/chembl5444388,,Affinity Phenotypic Cellular Literature,chembl_document,ok,2026-03-05T18:41:37.229646+00:00
10.6019/chembl5446079,,Affinity Biochemical Literature,chembl_document,ok,2026-03-05T18:41:37.229646+00:00
10.6019/chembl5465560,,Selectivity Literature,chembl_document,ok,2026-03-05T18:41:37.229646+00:00
10.6019/chembl5608141,,"This study examines drug sensitivities within colorectal cancer (CRC) organoid-stroma co-cultures using a dual luciferase assay. Distinct vulnerabilities in CRC organoids and cancer-associated fibroblasts (CAFs) are identified by screening a chemogenomic library, revealing both shared and unique patient-specific responses. Results show that dual reporter co-cultures can be used to screen pharmacological libraries to identify drugs that selectively affect tumor cells or CAFs providing a proof-of-principle for translation of the chemogenomic libraries.",chembl_document,ok,2026-03-05T18:41:37.229646+00:00
10.6019/chembl5665443,,"Compounds are screened at single concentrations for their ability to inhibit purified enzymes, using enzyme-specific biochemical assays and readouts. Compounds exceeding a certain activity threshold are considered hits and progressed in dose-response analyses",chembl_document,ok,2026-03-05T18:41:37.229646+00:00
10.6019/chembl5674860,,"This study introduces an optimized Dual-Glo luciferase assay to assess drug-induced vulnerabilities in co-cultures of colorectal cancer (CRC) organoids and cancer-associated fibroblasts (CAFs). The assay, enhanced by a codon-optimized Renilla construct with destabilization sequences, allows precise monitoring of tumor-stroma interactions by measuring responses from both cell types. Screening identified CAF-mediated mechanisms that impact drug resistance and sensitivity, with notable effects on MAPK-RAS signaling and FGFR1 inhibition. This platform provides insights into the tumor microenvironment, advancing therapeutic strategies for targeting tumor-stroma interactions in CRC.",chembl_document,ok,2026-03-05T18:41:37.229646+00:00
10.6019/chembl5715260,,The EUbOPEN project aims to assemble a highly annotated chemogenomics library covering 1000 human targets. High-quality compounds are selected and annotated based on family-specific criteria defined by the EUbOPEN expert team. The current dataset contains a collection of selectivity data from in-vitro assays extracted from the literature with selectivity annotations describing the chemogenomic compound library.,chembl_document,ok,2026-03-05T18:41:37.229646+00:00
10.6019/chembl5723035,,The EUbOPEN project aims to assemble a highly annotated chemogenomics library covering 1000 human targets. High-quality compounds are selected and annotated based on family-specific criteria defined by the EUbOPEN expert team. The current dataset contains a collection of in vitro on-target affinity data from the literature describing the chemogenomic compound library.,chembl_document,ok,2026-03-05T18:41:37.229646+00:00
10.6019/chembl5723379,,The EUbOPEN project aims to assemble a highly annotated chemogenomics library covering 1000 human targets. High-quality compounds are selected and annotated based on family-specific criteria defined by the EUbOPEN expert team. The current dataset contains a collection of in-cell on-target affinity data from the literature describing the chemogenomic compound library.,chembl_document,ok,2026-03-05T18:41:37.229646+00:00
10.6019/chembl5724558,,"This study presents a semi-automated image-based platform for profiling drug vulnerabilities in colorectal cancer (CRC) organoids. Using patient-derived tumor organoids, the approach captures individual drug response profiles by combining image-based and luminescence readouts. Results indicate strong correlation between these methods, facilitating robust, patient-specific drug sensitivity analysis. This platform provides a valuable tool for identifying therapeutic targets and addressing drug resistance in CRC.",chembl_document,ok,2026-03-05T18:41:37.229646+00:00
10.6019/chembl5724696,,"Selective autophagy of the endoplasmic reticulum (ER), known as ER-phagy, is an important regulator of ER remodeling and essential to maintain cellular homeostasis during environmental changes. We recently showed that members of the FAM134 family play a critical role during stress-induced ER-phagy. However, the mechanisms on how they are activated remain largely unknown. In this study, we analyze phosphorylation of FAM134 as a trigger of FAM134-driven ER-phagy upon mTOR (mechanistic target of rapamycin) inhibition. An unbiased screen of kinase inhibitors reveals CK2 to be essential for FAM134Band FAM134C-driven ER-phagy after mTOR inhibition. Furthermore, we provide evidence that ER-phagy receptors are regulated by ubiquitination events and that treatment with E1 inhibitor suppresses Torin1-induced ER-phagy flux. Using super-resolution microscopy, we show that CK2 activity is essential for the formation of high-density FAM134B and FAM134C clusters. In addition, dense clustering of FAM134B and FAM134C requires phosphorylationdependent ubiquitination of FAM134B and FAM134C. Treatment with the CK2 inhibitor SGC-CK2-1 or mutation of FAM134B and FAM134C phosphosites prevents ubiquitination of FAM134 proteins, formation of high-density clusters, as well as Torin1-induced ER-phagy flux. Therefore, we propose that CK2-dependent phosphorylation of ER-phagy receptors precedes ubiquitindependent activation of ER-phagy flux.",chembl_document,ok,2026-03-05T18:41:37.229646+00:00
10.6019/chembl5724709,,"Cell Viability-IncuCyte assay results for EUbOPEN Chemogenomics Library: The IncuCyte Viability assay is used to investigate cytotoxicity over 24h. This first determinant as an in cell quality control of different compounds is based on confluence analysis by brightfield acquisition. Compounds are classfiied according to their calculated growth rate in healhty, cytostatic or cytotoxic.",chembl_document,ok,2026-03-05T18:41:37.229646+00:00
10.6019/chembl5724796,,DSF assay results for EUbOPEN Chemogenomics Library: Differential Scanning Fluorimetry (DSF) measures protein unfolding by monitory changes in fluorescence as a function of temperature (dTm values). Conventional DSF uses a hydrophobic fluorescent dye that binds to proteins as they unfold.,chembl_document,ok,2026-03-05T18:41:37.229646+00:00
10.6019/eos300108,,Validation screening cell viability ATP quantification assay with HepG2 cells,chembl_document,ok,2026-03-05T18:41:37.229646+00:00
